,title
0,糖尿病
1,自慰
2,湿疹
3,手足口病
4,前列腺炎
5,梅毒
6,肺结核
7,口腔溃疡
8,子宫肌瘤
9,带状疱疹
10,脂肪肝
11,心源性哮喘
12,骨髓纤维化
13,认知障碍
14,生长激素缺乏症
15,多发性肝囊肿
16,慢性喉炎
17,心源性休克
18,新生儿ABO溶血病
19,麻醉
20,心慌气短
21,肛门潮湿
22,肝郁气滞证
23,房间隔缺损
24,乙型肝炎表面抗体
25,乳腺癌
26,阴道炎
27,胃癌
28,肺癌
29,艾滋病
30,荨麻疹
31,高血压
32,尖锐湿疣
33,抑郁症
34,痛风
35,早泄
36,颈椎病
37,肾结石
38,白血病
39,便秘
40,智齿
41,痤疮
42,亨廷顿氏舞蹈症
43,怔忡
44,阴道前壁膨出
45,隐性脊柱裂
46,牙龈红肿
47,原发性痛经
48,脑蛛网膜下腔出血
49,生物治疗
50,胰腺肿瘤
51,淹溺
52,红细胞增多症
53,肝血不足
54,润肠通便
55,新生儿窒息
56,偏执性精神障碍
57,宫颈鳞状细胞癌
58,克山病
59,心理障碍
60,腰椎间盘突出症
61,内分泌失调
62,低血压
63,痛经
64,强迫症
65,卵巢囊肿
66,肾阳虚
67,胃溃疡
68,支气管炎
69,乳头内陷
70,咽喉痛
71,糖尿病足
72,溶血性贫血
73,出血热
74,自然流产
75,重症肌无力
76,甲沟炎和甲下脓肿
77,高尿酸血症
78,色盲
79,公主病
80,耳石症
81,骨关节炎
82,增生性骨关节病
83,唇炎
84,急性咽炎
85,重症急性呼吸综合征
86,无痛分娩
87,胃肠型感冒
88,阴虱病
89,肾阴虚
90,甲状腺功能亢进症
91,霉菌性阴道炎
92,宫颈癌
93,阳痿
94,幽门螺杆菌
95,肩周炎
96,妊娠高血压疾病
97,镶牙
98,脑性瘫痪
99,左室高电压
100,太田痣
101,多发性硬化症
102,甲紫
103,妊娠斑
104,痒疹
105,臆想症
106,亚硝酸盐中毒
107,拇外翻
108,阻生牙
109,输卵管阻塞
110,髋关节滑膜炎
111,鼻炎
112,白癜风
113,狂犬病
114,红斑狼疮
115,性病
116,胆囊炎
117,盆腔炎
118,肺炎
119,水痘
120,子宫囊肿
121,筋膜炎
122,传染性软疣
123,扁平足
124,直肠炎
125,外阴炎
126,寨卡病毒
127,勃起功能障碍
128,卵巢早衰
129,脐带绕颈
130,癫痫病
131,霰粒肿
132,结核性胸膜炎
133,玻璃体混浊
134,小儿疝气
135,尿潴留
136,阴茎癌
137,膝关节半月板损伤
138,脑卒中
139,酒渣鼻
140,直肠脱垂
141,乳糖不耐受
142,胃食管反流
143,垂体瘤
144,高血压危象
145,非典后遗症
146,粟丘疹
147,谵妄
148,吸脂减肥
149,人工性荨麻疹
150,虹膜睫状体炎
151,艾滋病恐惧症
152,动脉瘤
153,砷中毒
154,腰背肌筋膜炎
155,横纹肌肉瘤
156,带下
157,多疑症
158,念珠菌病
159,胰腺炎
160,黑眼圈
161,尿道炎
162,胆囊息肉
163,胆结石
164,鼻咽癌
165,鼻窦炎
166,小儿两性畸形
167,一氧化碳中毒
168,子宫息肉
169,无痛胃镜
170,慢性肠胃炎
171,花斑糠疹
172,心脏起搏器
173,贲门失弛缓症
174,难产
175,颈部肿块
176,鸡眼
177,淋病
178,慢性咽炎
179,静脉曲张
180,过敏性鼻炎
181,腰肌劳损
182,破伤风
183,毛囊炎
184,急性冠状动脉综合征
185,肥厚性心肌病
186,阴茎异常勃起
187,纵隔肿瘤
188,维生素A缺乏病
189,小儿中耳炎
190,棘球蚴病
191,偏执型精神分裂症
192,腹主动脉瘤
193,中心静脉压
194,无菌性前列腺炎
195,扩张型心肌病
196,小儿呕吐
197,酸中毒
198,鼓膜穿孔
199,药疹
200,黄热病
201,链球菌感染
202,胰头癌
203,慢性淋巴细胞性甲状腺炎
204,肌肉萎缩
205,流行性腮腺炎
206,帕金森综合征
207,慢性肾炎
208,新生儿肺炎
209,性交疼痛
210,牙周病
211,脱毛
212,原发性高血压
213,癌症
214,肝癌
215,黄疸
216,腮腺炎
217,低血糖
218,银屑病
219,坐骨神经痛
220,肾炎
221,扁平疣
222,中耳炎
223,胃炎
224,肝硬化
225,小儿惊厥
226,甲状腺腺瘤
227,肺火
228,包皮嵌顿
229,健忘症
230,肛门瘙痒症
231,轮状病毒性肠炎
232,紧张性头痛
233,急性喉炎
234,产后出血
235,痔疮便血
236,低钠血症
237,雪盲
238,慢性疲劳综合症
239,双子宫
240,埃博拉出血热
241,急性咽喉炎
242,大动脉炎
243,双角子宫
244,胆脂瘤型中耳炎
245,脱髓鞘
246,乳头状瘤
247,子宫内膜息肉
248,中性粒细胞
249,非霍奇金淋巴瘤
250,软下疳
251,梅核气
252,骨膜炎
253,甲状腺结节
254,痔
255,疝气
256,尿路感染
257,贫血
258,阑尾炎
259,耳鸣
260,强直性脊柱炎
261,淋巴结肿大
262,代谢性碱中毒
263,胫腓骨骨折
264,戈谢病
265,胸腰椎压缩性骨折
266,骨软骨瘤
267,疮疡
268,红皮病
269,肾阳不足
270,坐板疮
271,脑白质病变
272,狭窄性腱鞘炎
273,珍珠状阴茎丘疹
274,低分化腺癌
275,继发性高血压
276,流行性脑脊髓膜炎
277,妊娠期高血压疾病
278,肠结核
279,新生儿疾病筛查
280,天疱疮
281,昏迷
282,偏瘫
283,产后风
284,痹症
285,上颌窦炎
286,糜烂性胃炎
287,汗疱症
288,急性支气管炎
289,急性上呼吸道感染
290,多发性骨髓瘤
291,不安腿综合征
292,急性呼吸窘迫综合征
293,牛痘
294,卵圆孔未闭
295,躯体化障碍
296,病态窦房结综合征
297,小儿腹痛
298,肿胀
299,银屑病关节炎
300,慢性子宫内膜炎
301,家族性高胆固醇血症
302,肛门直肠周围脓肿
303,消化性溃疡
304,皮肌炎
305,阿斯伯格综合征
306,创伤后应激障碍
307,胃息肉
308,开眼角
309,慢性化脓性中耳炎
310,夜惊
311,血脂异常
312,胎膜早破
313,阻塞性睡眠呼吸暂停低通气综合征
314,海绵状血管瘤
315,特应性皮炎
316,先天性髋关节脱位
317,小儿支气管肺炎
318,真菌性阴道炎
319,登革热
320,尿频
321,精索静脉曲张
322,脂肪瘤
323,早孕反应
324,麦粒肿
325,神经性皮炎
326,异位妊娠
327,龟头炎
328,胎记
329,鳞状细胞癌
330,肝功能
331,小儿肺炎
332,鼻衄
333,分娩
334,呃逆
335,心内膜炎
336,毛发红糠疹
337,继发性痛经
338,实火
339,除湿止痒软膏
340,表皮样囊肿
341,高眼压症
342,高甘油三酯血症
343,男性型脱发
344,虚脱
345,疔疮
346,泌尿系统疾病
347,慢性胰腺炎
348,前列腺疾病
349,超忆症
350,痛风性关节炎
351,分泌性中耳炎
352,巧克力囊肿
353,急性胃肠炎
354,牙痛
355,眩晕
356,高原反应
357,阴阳失调
358,电脑病
359,先天性卵巢发育不全
360,肝脾不和证
361,碱中毒
362,表皮囊肿
363,农药中毒
364,胸痹
365,颈淋巴结炎
366,阴道癌
367,心脾两虚
368,神经鞘瘤
369,蜘蛛疮
370,盘状红斑狼疮
371,结节病
372,口腔念珠菌病
373,大疱性表皮松解症
374,脑垂体腺瘤
375,胰腺囊肿
376,骨盆骨折
377,心血不足
378,肝胃不和
379,葡萄球菌性烫伤样皮肤综合征
380,呼吸性酸中毒
381,口苦
382,肠息肉
383,胸腔积液
384,外阴白色病变
385,脾大
386,干燥综合征
387,洁癖
388,慢性胆囊炎
389,血吸虫病
390,急性荨麻疹
391,糖尿病肾病
392,1型糖尿病
393,小儿荨麻疹
394,治未病
395,淋菌性尿道炎
396,小儿急性喉炎
397,泄泻
398,伤风
399,生长痛
400,细菌性前列腺炎
401,视神经萎缩
402,脊髓型颈椎病
403,老年抑郁症
404,心脏瓣膜病
405,内眦赘皮
406,抑郁性神经症
407,糖皮质激素依赖性皮炎
408,胡桃夹综合征
409,关节脱位
410,生殖器疱疹
411,便血
412,失眠
413,心肌炎
414,结膜炎
415,精液
416,肠炎
417,甲状腺囊肿
418,早产儿
419,胸痛
420,慢性湿疹
421,不孕症
422,妄想症
423,脓疱疮
424,宫颈癌前病变
425,副银屑病
426,糖尿病视网膜病变
427,急性浅表性包皮龟头炎
428,功能失调性子宫出血
429,肠胃病
430,梨状肌综合征
431,毒性弥漫性甲状腺肿
432,无脑儿
433,维生素D缺乏性佝偻病
434,前庭大腺囊肿
435,亚急性甲状腺炎
436,白色糠疹
437,植物人
438,慢性扁桃体炎
439,马方综合征
440,恐高症
441,血型
442,拔火罐
443,冠状动脉粥样硬化性心脏病
444,肌萎缩侧索硬化
445,上呼吸道感染
446,风疹
447,阴茎短小
448,自闭症
449,性冷淡
450,中风
451,尘肺
452,脑出血后遗症
453,恐怖症
454,胆囊癌
455,介入治疗
456,EB病毒感染
457,弥散性血管内凝血
458,酮症酸中毒
459,皮肤癌
460,皮炎
461,脑炎
462,睾丸炎
463,敏感性皮肤
464,慢性单纯性咽炎
465,血尿
466,小肠癌
467,恶性葡萄胎
468,高血压性脑出血
469,淋巴管瘤
470,急性化脓性中耳炎
471,呆滞
472,成人斯蒂尔病
473,脑血栓后遗症
474,胆总管结石
475,氯气中毒
476,肠道寄生虫病
477,生殖器念珠菌病
478,印戒细胞癌
479,儿童性早熟
480,急性胆囊炎
481,大肠息肉
482,乳头溢液
483,小儿支原体肺炎
484,耵聍
485,女性生殖系统
486,副乳
487,非淋菌性尿道炎
488,免疫球蛋白
489,白头粉刺
490,慢性阑尾炎
491,心包炎
492,急性短暂性精神障碍
493,不稳定型心绞痛
494,神经管畸形
495,尖锐物体恐惧症
496,未分化结缔组织病
497,淋巴水肿
498,放射性肺炎
499,骨化性肌炎
500,尿布皮炎
501,屈光不正
502,肝内胆管结石
503,血小板减少性紫癜
504,智齿冠周炎
505,肾癌
506,舌苔发黑
507,化脓性扁桃体炎
508,乙肝携带者
509,白喉
510,神经衰弱
511,咽炎
512,新生儿黄疸
513,脑梗塞
514,心脏病
515,疱疹
516,刮痧
517,直肠癌
518,精神分裂症
519,脾虚
520,脱发
521,脊髓小脑变性症
522,不射精症
523,二期梅毒
524,腭裂
525,动脉导管未闭
526,锁骨骨折
527,高血压脑病
528,心肌炎后遗症
529,剥脱性角质松解症
530,生理性卵巢囊肿
531,巩膜炎
532,寄生虫病
533,PCOS
534,颈动脉硬化
535,初乳
536,急性湿疹
537,肺部真菌感染
538,肺动脉高压
539,窦性心律失常
540,胃穿孔
541,多重人格
542,单纯性肝囊肿
543,排卵期出血
544,尿崩症
545,膝关节滑膜炎
546,子宫腺肌病
547,经期推迟
548,视网膜色素变性
549,死胎
550,二尖瓣狭窄
551,基底细胞癌
552,皮脂腺异位症
553,肺鳞癌
554,肝阴虚
555,代谢综合征
556,痈疽
557,皮肤梅毒疹
558,卡波西肉瘤
559,纤维腺瘤
560,多发性脑梗塞
561,腺性膀胱炎
562,先天性胆道闭锁
563,突发性耳聋
564,慢性阻塞性肺疾病
565,鞘膜积液
566,宫腔镜
567,足底筋膜炎
568,鼻旁窦炎
569,肠套叠
570,肝性脑病
571,铊中毒
572,粒细胞减少症
573,急性鼻窦炎
574,外阴营养不良
575,绦虫病
576,原发性血小板增多症
577,腰椎退行性病变
578,慢性淋病
579,毛状白斑
580,肾上腺皮质功能减退症
581,浮脉
582,肺阴虚
583,潜伏梅毒
584,腹绞痛综合征
585,人工耳蜗
586,口吃
587,完全性右束支传导阻滞
588,糖尿病酮症酸中毒
589,恋物癖
590,声带息肉
591,宫颈上皮内瘤变
592,睑裂斑
593,挤压综合征
594,前庭功能紊乱
595,腰椎增生
596,小儿过敏性紫癜
597,发芽马铃薯中毒
598,小儿抽动秽语综合征
599,眼底动脉硬化
600,多发性末梢神经炎
601,小儿支气管哮喘
602,咖啡斑
603,心功能不全
604,妄想型精神分裂症
605,男性更年期综合症
606,类风湿关节炎
607,肝炎
608,飞蚊症
609,玫瑰糠疹
610,肾囊肿
611,药物流产
612,落枕
613,肺气肿
614,散光
615,胃病
616,胼胝
617,早产
618,隆胸
619,腹膜炎
620,漏斗胸
621,颅内肿瘤
622,声带小结
623,口干
624,心室扑动与颤动
625,小儿扁桃体炎
626,高渗性脱水
627,恶性纤维组织细胞瘤
628,跟骨骨折
629,急性膀胱炎
630,血崩
631,慢性肾盂肾炎
632,骨髓穿刺
633,股骨颈骨折
634,骶髂关节炎
635,纤维瘤病
636,神经纤维瘤
637,肉瘤
638,猝死
639,心脏神经官能症
640,支气管扩张
641,网球肘
642,乳房肿块
643,妊娠反应
644,弱视
645,带下病
646,乳房湿疹
647,腺瘤
648,处女膜闭锁
649,血管性水肿
650,掌跖脓疱病
651,静脉血栓形成
652,小儿肺炎支原体肺炎
653,贝赫切特综合征
654,翼状胬肉
655,心肌病
656,室间隔缺损
657,肾盂肾炎
658,脾肾阳虚
659,肠易激综合征
660,急性胰腺炎
661,臭汗症
662,胃肠功能紊乱
663,十字韧带损伤
664,慢性滑膜炎
665,非特异性溃疡性结肠炎
666,腹壁疝
667,进行性肌肉萎缩症
668,药物性鼻炎
669,甲状舌管囊肿
670,神经性贪食症
671,慢性输卵管卵巢炎
672,脂肪肉瘤
673,蜂窝织炎
674,急性黄疸型肝炎
675,胀气
676,急性中耳炎
677,中风后遗症
678,脂溢性皮炎
679,甲型H1N1流感
680,过敏性紫癜
681,心绞痛
682,子宫内膜异位症
683,败血症
684,焦虑症
685,神经性耳聋
686,颞下颌关节紊乱综合征
687,跟腱炎
688,母乳性黄疸
689,急性结膜炎
690,性早熟
691,乳痈
692,痴呆
693,缺血缺氧性脑病
694,浸润性乳腺癌
695,咽鼓管阻塞
696,低氧血症
697,肾母细胞瘤
698,脐炎
699,交感神经型颈椎病
700,痰饮
701,吸入性肺炎
702,菌血症
703,心境障碍
704,男性乳腺发育症
705,黄体囊肿
706,筛窦炎
707,尿道结石
708,偏头疼
709,神经性厌食
710,慢性肾衰竭
711,特发性血小板减少性紫癜
712,高泌乳素血症
713,全身麻醉
714,输卵管炎
715,肾精亏虚
716,药物性肝炎
717,原发性胆汁性肝硬化
718,病毒性胃肠炎
719,细菌性食物中毒
720,肺俞
721,脑动脉瘤
722,退行性骨关节病
723,慢性鼻咽炎
724,肝肾综合征
725,急性淋巴结炎
726,乳突炎
727,脑囊虫病
728,青光眼
729,淋巴瘤
730,盆腔积液
731,结肠炎
732,宫颈炎
733,慢性胃炎
734,包皮过长
735,麻疹
736,小脑萎缩
737,静脉炎
738,子宫脱垂
739,水中毒
740,功能性消化不良
741,疱疹性咽峡炎
742,病毒性肝炎
743,磨牙症
744,千日疮
745,汞中毒
746,赤面恐惧症
747,精神疾病
748,肾肿瘤
749,多形红斑
750,过敏性休克
751,小儿推拿
752,念珠菌性阴道炎
753,病毒性脑膜炎
754,复发性阿弗他溃疡
755,牙周炎
756,疥疮
757,慢性前列腺炎
758,阿尔茨海默病
759,前列腺增生
760,急性肾盂肾炎
761,遗忘
762,呼吸衰竭
763,痈
764,假性宫缩
765,骨髓炎
766,硬膜下血肿
767,尤文肉瘤
768,盆腔囊肿
769,尺神经损伤
770,沙眼衣原体感染
771,颅咽管瘤
772,胎位异常
773,口腔粘膜病
774,良性阵发性位置性眩晕
775,头风病
776,神经根型颈椎病
777,急性单纯性胃炎
778,睾丸扭转
779,骨肿瘤
780,唇疱疹
781,子宫纵隔
782,一期梅毒
783,原发性醛固酮增多症
784,儿童多动症
785,戊型病毒性肝炎
786,手部湿疹
787,扁桃体炎
788,血管瘤
789,脑出血
790,十二指肠溃疡
791,胎动
792,乙型病毒性肝炎
793,心脏神经症
794,飞蛇病
795,口腔白斑病
796,解离症
797,肛周炎
798,妊娠合并巨幼红细胞性贫血
799,钩端螺旋体病
800,黄疸型肝炎
801,乳腺肿块
802,肺不张
803,子宫肥大
804,吞咽困难
805,间质瘤
806,眼球震颤
807,多汗症
808,急性扁桃体炎
809,小儿疱疹性咽峡炎
810,肌腱炎
811,预激综合征
812,髌骨软化症
813,早期复极综合征
814,乳房发育不良
815,心脏性猝死
816,成骨不全症
817,真性红细胞增多症
818,肩关节脱位
819,咳嗽性哮喘
820,急性肾衰竭
821,会厌炎
822,烟酸缺乏症
823,减压病
824,先天性脊柱裂
825,目赤
826,韧带损伤
827,牙龈增生
828,气胸
829,乙肝两对半
830,中暑
831,足癣
832,疟疾
833,梅尼埃病
834,结节性血管炎
835,鼻塞
836,骨折
837,妇科疾病
838,体温
839,蜘蛛痣
840,经络按摩
841,肥厚型心肌病
842,记忆障碍
843,阴挺
844,髌骨软骨软化症
845,胶质母细胞瘤
846,中期引产
847,急性应激反应
848,胃良性肿瘤
849,膝关节病
850,肛门闭锁
851,胎儿生长受限
852,脑外伤后综合征
853,近视眼
854,睾丸癌
855,甲状腺瘤
856,窦性心动过速
857,心律失常
858,精囊炎
859,慢性盆腔炎
860,子宫腺肌症
861,脓胸
862,反流性咽喉炎
863,外阴痛
864,小儿猫叫综合征
865,先天性马蹄内翻足
866,新生儿硬肿症
867,人工肛门
868,风痰
869,胫腓骨干骨折
870,青少年牙周炎
871,风温
872,肾淀粉样变性
873,脾囊肿
874,急性子宫内膜炎
875,心室内传导阻滞
876,急性气管支气管炎
877,肾结核
878,肺脓肿
879,会厌囊肿
880,伪膜性肠炎
881,手指屈肌腱鞘炎
882,单纯性下肢浅静脉曲张
883,癫痫持续状态
884,丛集性头痛
885,碘缺乏病
886,老视
887,毒血症
888,巨大儿
889,神经病
890,衣原体感染
891,硬皮病
892,瘢痕
893,性功能障碍
894,肝火
895,夏季感冒
896,卵巢恶性肿瘤
897,慢性细菌性前列腺炎
898,雷诺病
899,左心衰
900,脂肪泻
901,小儿便血
902,脑外伤
903,多发性脂肪瘤
904,酒精依赖症
905,夹腿综合征
906,丝虫病
907,气阴两虚
908,食管裂孔疝
909,高同型半胱氨酸血症
910,肾萎缩
911,百草枯中毒
912,空鼻综合征
913,嵌甲
914,支原体感染
915,腹泻
916,阴虚
917,牙龈肿痛
918,卟啉病
919,滑囊炎
920,红细胞压积
921,肿瘤标志物
922,人工呼吸
923,肺水肿
924,胫骨平台骨折
925,噬血细胞综合征
926,主动脉瓣狭窄
927,左前分支传导阻滞
928,子宫破裂
929,昏厥
930,晚睡强迫症
931,产褥期
932,肾、输尿管结石
933,脾功能亢进
934,肝脓肿
935,意识障碍
936,冻伤
937,偏执狂
938,四环素牙
939,血栓闭塞性脉管炎
940,肛管直肠瘘
941,虚火
942,蛲虫病
943,老年性阴道炎
944,妊娠期
945,消化道出血
946,舌癌
947,低血糖症
948,胸锁乳突肌
949,羊水过少
950,维生素B1缺乏病
951,创伤性关节炎
952,卡他性中耳炎
953,被迫害妄想症
954,小儿贫血
955,智力障碍
956,促卵泡生成素
957,隐匿性肾炎
958,新生儿泪囊炎
959,尿妊娠试验
960,新生儿惊厥
961,直肠腺癌
962,口炎
963,前庭神经元炎
964,膀胱过度活动症
965,髋关节炎
966,肺动脉栓塞
967,咽扁桃体肥大
968,动静脉瘘
969,间质性肾炎
970,急性宫颈炎
971,血管运动性鼻炎
972,无菌性股骨头坏死
973,新生血管性青光眼
974,大疱性鼓膜炎
975,兔热病
976,小儿屏气发作
977,胃十二指肠溃疡大出血
978,急性化脓性乳腺炎
979,黏膜白斑
980,颈部血管瘤
981,脉络丛乳头状瘤
982,镍中毒
983,梗阻性肾病
984,肺隐球菌病
985,原发性腹膜后肿瘤
986,牙折
987,坐骨神经损伤
988,多胎妊娠
989,癣菌疹
990,范可尼综合征
991,卵巢发育不良
992,甲状旁腺功能减退症
993,子宫肉瘤
994,着色性干皮病
995,酒精性肝炎
996,外耳道胆脂瘤
997,高尿酸血症肾病
998,肥大性骨关节病
999,三尖瓣闭锁
1000,盘尾丝虫病
1001,康复评定
1002,瑞尔黑变病
1003,牙列拥挤
1004,肝海绵状血管瘤
1005,小儿β地中海贫血
1006,甲状腺相关性眼病
1007,急性结石性胆囊炎
1008,酒精性心肌病
1009,光泽苔藓
1010,小儿血管瘤
1011,钱币状湿疹
1012,色素沉着绒毛结节性滑膜炎
1013,牙缝
1014,肺错构瘤
1015,原发性视网膜色素变性
1016,阴茎纤维性海绵体炎
1017,眼球突出
1018,猫抓病
1019,小儿疳积
1020,高钙血症
1021,慢性附件炎
1022,急性淋巴细胞白血病
1023,新生儿溶血病
1024,骨肉瘤
1025,头癣
1026,脑电图
1027,小儿厌食症
1028,桡神经损伤
1029,华支睾吸虫病
1030,小儿缺铁性贫血
1031,症瘕
1032,中气下陷
1033,慢性淋巴细胞白血病
1034,遗尿症
1035,破水
1036,结核性腹膜炎
1037,感染性休克
1038,病毒性肺炎
1039,鲜红斑痣
1040,充血性心力衰竭
1041,结节性痒疹
1042,股癣
1043,鼠疫
1044,气管炎
1045,缺铁性贫血
1046,猩红热
1047,妊娠纹
1048,慢性乙型肝炎
1049,急性肾小球肾炎
1050,单纯性肥胖
1051,脐疝
1052,肋骨骨折
1053,月子病
1054,嗜铬细胞瘤
1055,霉菌性外阴炎
1056,输卵管积水
1057,天花
1058,先兆流产
1059,神经官能症
1060,沙眼
1061,结核病
1062,梦魇
1063,结肠癌
1064,胸膜炎
1065,股骨头坏死
1066,甲状腺功能减退
1067,急性心肌梗死
1068,眼袋
1069,脑膜炎
1070,踝关节扭伤
1071,毛囊角化病
1072,腘窝囊肿
1073,巨幼细胞性贫血
1074,洗胃
1075,黑棘皮病
1076,急性鼻炎
1077,髌骨骨折
1078,咽峡炎
1079,睾丸肿瘤
1080,子宫收缩
1081,小儿感冒
1082,营养不良
1083,肛周湿疹
1084,恙虫病
1085,唇裂
1086,肺气虚
1087,干槽症
1088,女性尖锐湿疣
1089,阵发性室上性心动过速
1090,颈动脉斑块
1091,羊水过多
1092,短暂性脑缺血发作
1093,肺痈
1094,外耳湿疹
1095,三尖瓣关闭不全
1096,阴茎异常勃起症
1097,胸椎病
1098,骨筋膜室综合征
1099,过敏性紫癜肾炎
1100,维生素缺乏症
1101,先天性白内障
1102,胎儿畸形
1103,多发性肌炎
1104,多毛症
1105,胸外心脏按压
1106,骨疣
1107,肺性脑病
1108,胎盘
1109,婴儿湿疹
1110,肛裂
1111,疣
1112,葡萄胎
1113,腱鞘炎
1114,尿失禁
1115,恶性黑素瘤
1116,慢性咳嗽
1117,肺纤维化
1118,斜视
1119,血管炎
1120,色斑
1121,坏死性筋膜炎
1122,股外侧皮神经炎
1123,痧
1124,自身免疫性肝病
1125,排卵障碍
1126,桡骨远端骨折
1127,牙隐裂
1128,厌食
1129,血栓性静脉炎
1130,疣状胃炎
1131,霍纳综合征
1132,应激性溃疡
1133,位置性眩晕
1134,妊娠期肝内胆汁淤积症
1135,急性盆腔炎
1136,软骨瘤
1137,尿道下裂
1138,椎动脉型颈椎病
1139,罕见病
1140,十二指肠炎
1141,肾虚耳鸣
1142,传染性单核细胞增多症
1143,汗管瘤
1144,绝经
1145,放射治疗
1146,单纯性甲状腺肿
1147,甲型病毒性肝炎
1148,奶癣
1149,脑梗
1150,幽闭恐惧症
1151,宫颈柱状上皮异位
1152,心肌缺血
1153,多囊卵巢综合征
1154,坐骨直肠窝脓肿
1155,猝死型冠心病
1156,厥阴头痛
1157,barton骨折
1158,进行性多灶性白质脑病
1159,听力障碍
1160,多形性日光疹
1161,鼻息肉病
1162,中药炮制
1163,妊娠疱疹
1164,胸胁痛
1165,小儿甲状腺功能减低症
1166,肺炭疽
1167,感音神经性聋
1168,开放性气胸
1169,颌骨骨髓炎
1170,胃黏膜脱垂
1171,大头瘟
1172,二氧化氮中毒
1173,硬化症
1174,卵巢成熟畸胎瘤
1175,毛囊瘤
1176,胸椎管狭窄症
1177,鼠咬热
1178,肝俞
1179,面部整形
1180,扁桃体周围脓肿
1181,脊髓小脑性共济失调
1182,妊娠痒疹
1183,冻僵
1184,隐孢子虫病
1185,限制性心肌病
1186,膜增生性肾小球肾炎
1187,铁中毒
1188,周围神经损伤
1189,血管脂肪瘤
1190,痞满
1191,等渗性脱水
1192,期前收缩
1193,下肢淋巴水肿
1194,慢性肾上腺皮质功能减退
1195,儿童睡眠障碍
1196,小儿苯丙酮尿症
1197,血证
1198,气虚
1199,鼠标手
1200,阳虚
1201,子宫后位
1202,病毒性感冒
1203,病毒性感染
1204,小儿急性支气管炎
1205,嗜酸性粒细胞增多症
1206,老年皮肤瘙痒症
1207,玻璃体后脱离
1208,宫颈疾病
1209,脑干损伤
1210,双胎输血综合征
1211,恶性高血压
1212,孕期阴道炎
1213,肝气犯胃
1214,阴虚血热证
1215,高血压肾病
1216,急性有机磷农药中毒
1217,脑血管瘤
1218,小儿皮肤黏膜淋巴结综合征
1219,颈椎退行性变
1220,房性期前收缩
1221,慢性肾脏病
1222,小儿癫痫
1223,骨结核
1224,胆管癌
1225,分离性障碍
1226,大叶性肺炎
1227,睡眠瘫痪症
1228,细菌性阴道炎
1229,肾气虚
1230,痣
1231,性窒息
1232,肝血管瘤
1233,角膜炎
1234,胆囊结石
1235,肿瘤
1236,前列腺钙化
1237,肾气不固
1238,肠梗阻
1239,甲状腺癌
1240,牙结石
1241,霍乱
1242,关节炎
1243,月经失调
1244,慢性支气管炎
1245,雀斑
1246,流行性乙型脑炎
1247,黄体功能不全
1248,肾小球肾炎
1249,被害妄想症
1250,布鲁氏菌病
1251,结肠息肉
1252,萎缩性鼻炎
1253,卵巢肿瘤
1254,慢性浅表性胃炎
1255,系统性红斑狼疮
1256,打鼾
1257,佝偻病
1258,皮脂腺囊肿
1259,子宫内膜炎
1260,颈型颈椎病
1261,喉痹
1262,新生儿巨细胞病毒感染
1263,神经内分泌肿瘤
1264,心虚
1265,甲亢性心脏病
1266,外阴湿疹
1267,急性酒精中毒
1268,海扶刀
1269,肢端肥大症
1270,急性卡他性结膜炎
1271,失血性休克
1272,铁线虫病
1273,产后恶露不尽
1274,小儿便秘
1275,口腔疱疹
1276,偏执型人格障碍
1277,选择恐惧症
1278,肛门尖锐湿疣
1279,白内障
1280,食管癌
1281,支气管哮喘
1282,阴虚火旺
1283,母乳喂养
1284,义眼
1285,婴幼儿腹泻
1286,咯血
1287,肥胖症
1288,注意缺陷多动障碍
1289,过敏性结膜炎
1290,血管性痴呆
1291,鼻骨骨折
1292,感染性腹泻
1293,风湿性疾病
1294,脾破裂
1295,夏季皮炎
1296,脊髓损伤
1297,肛乳头瘤
1298,隐翅虫皮炎
1299,小儿肠炎
1300,慢阻肺
1301,麻风病
1302,胰腺癌
1303,幼儿急疹
1304,腰疼
1305,外阴瘙痒
1306,糖尿病并发症
1307,肝火旺
1308,垂体卒中
1309,Whipple病
1310,赖特综合征
1311,小儿消化不良
1312,小舞蹈病
1313,毛发上皮瘤
1314,肝脏局灶性结节性增生
1315,高血压急症
1316,急性淋巴管炎
1317,中药注射剂
1318,黄色瘤
1319,胫骨结节骨骺炎
1320,妊娠合并子宫肌瘤
1321,嗜酸性筋膜炎
1322,萎缩性咽炎
1323,胃结核
1324,混合瘤
1325,新生儿咽下综合征
1326,费尔蒂综合征
1327,酒精性脑萎缩
1328,脑心综合征
1329,致心律失常性右室心肌病
1330,肺出血－肾炎综合征
1331,阴道黑色素瘤
1332,先天性胫骨假关节
1333,小儿结核病
1334,肾血管性高血压
1335,新生儿发热
1336,蓝痣
1337,股骨干骨折
1338,血清病
1339,幼年性黄色肉芽肿
1340,胫骨骨折
1341,肺真菌病
1342,运动治疗
1343,盆腔结缔组织炎
1344,肱骨内上髁骨折
1345,虱病
1346,髋关节后脱位
1347,原发性三叉神经痛
1348,前列腺脓肿
1349,异位ACTH综合征
1350,茎突综合征
1351,囊虫病
1352,阴道毛滴虫病
1353,阴茎损伤
1354,枢椎齿状突骨折
1355,血吸虫肠病
1356,弥漫性恶性胸膜间皮瘤
1357,库欣综合征
1358,运动神经元病
1359,额窦炎
1360,前列腺结石
1361,小儿湿疹
1362,骨质疏松
1363,心率
1364,斑秃
1365,痱子
1366,鱼鳞病
1367,结节性硬化症
1368,瘿瘤
1369,肝包虫病
1370,男性乳房肥大症
1371,HELLP综合征
1372,结核杆菌
1373,皮肤纤维瘤
1374,缩阳症
1375,外阴癌
1376,晕血症
1377,心脏骤停
1378,癌前病变
1379,硫化氢中毒
1380,慢性单纯性鼻炎
1381,腋毛癣
1382,产褥期乳腺炎
1383,基孔肯雅热
1384,肌膜炎
1385,二尖瓣脱垂
1386,酒精性肝硬化
1387,小儿咳嗽
1388,乳腺炎
1389,包茎
1390,窦性心动过缓
1391,血热
1392,病毒性肠炎
1393,海豹肢症
1394,周围性面瘫
1395,急性细菌性脑膜炎
1396,血精症
1397,腓总神经损伤
1398,急性髓细胞白血病
1399,气性坏疽
1400,溃疡性直肠炎
1401,先天性喉喘鸣
1402,脑动脉血管瘤
1403,乳核
1404,colles骨折
1405,鼓膜内陷
1406,前列腺痛
1407,室性期前收缩
1408,心房纤颤
1409,胃阴虚
1410,氟斑牙
1411,下肢深静脉血栓形成
1412,小儿葫芦散
1413,产后风湿
1414,嘴唇疱疹
1415,乳酸性酸中毒
1416,螨皮炎
1417,肺部良性肿瘤
1418,软纤维瘤
1419,周期性麻痹
1420,胃潴留
1421,阴囊湿疹
1422,嗳气
1423,面神经麻痹
1424,黄褐斑
1425,高脂血症
1426,珠蛋白生成障碍性贫血
1427,闭经
1428,心脑血管疾病
1429,恶性贫血
1430,风湿性多肌痛
1431,脑囊肿
1432,脾虚泄泻
1433,卵巢过度刺激综合征
1434,肱骨髁上骨折
1435,喉镜
1436,急性会厌炎
1437,妊娠呕吐
1438,肝损伤
1439,婴儿痉挛症
1440,药物中毒
1441,倾倒综合征
1442,消渴
1443,物理治疗
1444,富贵病
1445,弱智
1446,肿节风
1447,门静脉高压
1448,颅脑损伤
1449,一度房室传导阻滞
1450,颌下淋巴结
1451,自身免疫性疾病
1452,水俣病
1453,关节退行性病变
1454,疑病症
1455,鼻咽炎
1456,压疮
1457,艾滋病潜伏期
1458,先天性心脏病
1459,乳腺纤维腺瘤
1460,再生障碍性贫血
1461,二氧化碳中毒
1462,高钠血症
1463,斜疝
1464,弦脉
1465,周围型肺癌
1466,心肌桥
1467,3D眩晕症
1468,苯中毒
1469,花粉症
1470,下肢动脉硬化闭塞症
1471,斜颈
1472,孕妇痔疮
1473,急性乳腺炎
1474,高血压性心脏病
1475,肛窦炎
1476,月经过多
1477,新生儿败血症
1478,丘疹性荨麻疹
1479,慢性荨麻疹
1480,斯德哥尔摩综合征
1481,心力衰竭
1482,胆汁反流性胃炎
1483,食管炎
1484,视网膜病变
1485,免疫缺陷病
1486,视网膜动脉阻塞
1487,浸淫疮
1488,盖氏骨折
1489,过度通气综合征
1490,色素性荨麻疹
1491,乳管内乳头状瘤
1492,化脓性汗腺炎
1493,足舟骨骨折
1494,清热化湿
1495,胃肠型食物中毒
1496,维生素B2缺乏病
1497,高原性心脏病
1498,食管憩室
1499,先天性斜颈
1500,浆细胞瘤
1501,儿童厌食
1502,病毒性出血热
1503,羊痘
1504,肾结核对侧肾积水
1505,退变性关节病
1506,皮肤白细胞破碎性血管炎
1507,中枢神经系统淋巴瘤
1508,壮阳固精
1509,噪声性耳聋
1510,慢性乳腺炎
1511,糖原累积病
1512,睑内翻
1513,单心室
1514,重叠综合征
1515,结核性脓胸
1516,慢性脓胸
1517,牙髓病
1518,急性梗阻性化脓性胆管炎
1519,双胎妊娠
1520,肺孢子菌肺炎
1521,肝阳虚
1522,先天性肥厚性幽门狭窄
1523,铜中毒
1524,慢性化脓性骨髓炎
1525,第五日综合征
1526,急性出血性坏死性小肠炎
1527,Brugada综合征
1528,骨痹
1529,门静脉血栓形成
1530,原发性开角型青光眼
1531,小儿慢性支气管炎
1532,尼曼-匹克病
1533,路易体痴呆
1534,色素痣
1535,结节性红斑
1536,细菌性痢疾
1537,脑血栓形成
1538,小儿脑性瘫痪
1539,脸盲症
1540,体癣
1541,晕动病
1542,中毒
1543,胰岛素抵抗
1544,脾阴虚
1545,宫角妊娠
1546,嵌顿包茎
1547,急性心力衰竭
1548,糖尿病性视网膜病变
1549,皮样囊肿
1550,颅内血肿
1551,鼻前庭炎
1552,胃泌素瘤
1553,外耳道疖肿
1554,慢性中耳炎
1555,儿童白血病
1556,主动脉硬化
1557,幽门螺杆菌感染
1558,腔隙性脑梗死
1559,药物过敏
1560,肺源性心脏病
1561,多囊肾
1562,视网膜脱离
1563,扁平苔藓
1564,主动脉瓣关闭不全
1565,脑炎后遗症
1566,外阴溃疡
1567,前牙反牙合
1568,肾绞痛
1569,男性乳腺癌
1570,镉中毒
1571,口周皮炎
1572,肠道菌群失调症
1573,乳腺导管扩张症
1574,囊肿性痤疮
1575,子宫畸形
1576,附件炎
1577,小儿唐氏综合征
1578,宿醉
1579,晕厥
1580,前列腺囊肿
1581,原发性肝癌
1582,腹股沟疝
1583,骨质疏松症
1584,睡眠障碍
1585,包皮龟头炎
1586,附睾炎
1587,大肠癌
1588,脑萎缩
1589,化疗
1590,鼻息肉
1591,儿童孤独症
1592,腰椎峡部崩裂和腰椎滑脱
1593,股疝
1594,肝肾阴虚证
1595,喘息样支气管炎
1596,下咽癌
1597,牙颌畸形
1598,输精管堵塞
1599,子宫粘连
1600,上睑下垂
1601,小儿急性肠系膜淋巴结炎
1602,男性更年期
1603,胎毒
1604,格林-巴利综合征
1605,代谢性酸中毒
1606,尿蛋白
1607,食物中毒
1608,骨癌
1609,萎缩性胃炎
1610,流行性感冒
1611,中东呼吸综合征
1612,癃闭
1613,肾动脉狭窄
1614,咬肌肥大
1615,颞叶癫痫
1616,开角型青光眼
1617,小儿脑积水
1618,腹股沟肉芽肿
1619,股骨头缺血性坏死
1620,肩袖损伤
1621,胎儿窘迫
1622,脑挫裂伤
1623,子宫内膜不规则脱落
1624,混合性结缔组织病
1625,小肝癌
1626,感染性心内膜炎
1627,慢性附睾炎
1628,痛风及高尿酸血症
1629,输血反应
1630,听神经瘤
1631,干燥性鼻炎
1632,性欲亢进
1633,矽肺
1634,冬病夏治
1635,椎间盘突出症
1636,滑膜肉瘤
1637,膀胱肿瘤
1638,膀胱结石
1639,跟腱断裂
1640,胃酸过多
1641,艾滋病窗口期
1642,房颤
1643,烤瓷牙
1644,龋病
1645,干性湿疹
1646,雷诺综合征
1647,高胆红素血症
1648,阻塞性肺气肿
1649,肾下垂
1650,妊娠期急性脂肪肝
1651,席汉综合征
1652,类癌综合征
1653,小便不利
1654,脊髓空洞症
1655,先天性巨结肠
1656,肝纤维化
1657,慢性肾功能衰竭
1658,气血不足
1659,莱姆病
1660,慢性宫颈炎
1661,肛瘘
1662,人工授精
1663,疖
1664,眼底病
1665,儿童弱视
1666,下巨虚
1667,子宫黏膜下肌瘤
1668,颈肋
1669,颈椎结核
1670,婴儿手足搐搦症
1671,脊神经根炎
1672,迪格奥尔格综合征
1673,嗅觉障碍
1674,壶腹周围癌
1675,椎管内麻醉
1676,脂肪栓塞综合征
1677,牙槽脓肿
1678,隆突性皮肤纤维肉瘤
1679,乙型肝炎E抗原
1680,旋毛虫病
1681,创伤性休克
1682,卵巢颗粒细胞瘤
1683,幼女性外阴阴道炎
1684,韦尼克脑病
1685,镇静催眠药中毒
1686,肝阳上亢证
1687,股骨转子间骨折
1688,脑结核瘤
1689,膀胱结核
1690,上颌前突
1691,急性便秘
1692,远端肾小管性酸中毒
1693,多巴反应性肌张力障碍
1694,骨血管瘤
1695,橄榄体脑桥小脑萎缩
1696,急性输卵管炎
1697,结肠憩室病
1698,急性视网膜坏死综合征
1699,糖尿病性胃轻瘫
1700,丁型病毒性肝炎
1701,脊髓亚急性联合变性
1702,食管胃底静脉曲张
1703,迷路炎
1704,腺病毒肺炎
1705,锁骨下动脉盗血综合征
1706,下尺桡关节脱位
1707,迷走神经损伤
1708,原发性甲状旁腺功能亢进
1709,单发性骨软骨瘤
1710,老年人骨质疏松症
1711,无菌性肋软骨炎
1712,慢性卡他性结膜炎
1713,神经元蜡样脂褐质沉积症
1714,前斜角肌综合征
1715,小儿脊髓性肌萎缩
1716,甲癣
1717,高血糖
1718,风湿性关节炎
1719,皮肤病
1720,围绝经期综合征
1721,急腹症
1722,乳头皲裂
1723,死精症
1724,舌下腺囊肿
1725,Barrett食管
1726,圆锥角膜
1727,阿-斯综合征
1728,IgA肾病
1729,甲状腺乳头状癌
1730,喉炎
1731,心肾不交
1732,蛔虫病
1733,局部麻醉
1734,胆管炎
1735,先天性肾上腺皮质增生症
1736,Brenneman综合征
1737,季节性鼻炎
1738,面部吸脂
1739,无菌性炎症
1740,躁狂抑郁症
1741,狼疮性肾炎
1742,发育迟缓
1743,氰化物中毒
1744,三期梅毒
1745,绒毛膜癌
1746,上火
1747,白带异常
1748,植物神经紊乱
1749,脾胃虚弱
1750,感觉统合失调
1751,心阴虚
1752,电解质紊乱
1753,烟雾病
1754,二尖瓣关闭不全
1755,胸腺瘤
1756,羊水栓塞
1757,腱鞘囊肿
1758,膀胱癌
1759,胃酸
1760,慢性结肠炎
1761,胃下垂
1762,乳腺囊性增生病
1763,慢性膀胱炎
1764,少精症
1765,骨折后遗症
1766,慢性肺源性心脏病
1767,鼻中隔弯曲
1768,反应性关节炎
1769,大骨节病
1770,非特异性阴道炎
1771,余光恐惧症
1772,炎症性肠病
1773,卵巢囊肿蒂扭转
1774,脉络丛囊肿
1775,肺动脉瓣狭窄
1776,人群恐惧症
1777,布加综合征
1778,胆囊息肉样病变
1779,皮肤癣菌病
1780,单纯疱疹病毒感染
1781,单纯疱疹
1782,膳食纤维
1783,喉癌
1784,畸胎瘤
1785,臂丛神经损伤
1786,皮肤炭疽
1787,系统性硬化症
1788,葡萄球菌感染
1789,髋关节脱位
1790,视神经炎
1791,脊椎炎
1792,根尖周炎
1793,幽门梗阻
1794,脂溢性角化病
1795,瘫痪
1796,热射病
1797,子宫内膜癌
1798,大便干燥
1799,溃疡性结肠炎
1800,慢性鼻炎
1801,鸡胸
1802,木薯中毒
1803,晚期产后出血
1804,颅骨骨瘤
1805,颈部软组织疾病
1806,孢子丝菌病
1807,女性性高潮障碍
1808,皮肤饥渴症
1809,眶上神经痛
1810,舌扁桃体炎
1811,屈光参差
1812,产褥感染
1813,肘管综合征
1814,子宫内膜结核
1815,苯丙酮尿症
1816,肾病综合征
1817,急性白血病
1818,口角炎
1819,甲醇中毒
1820,二度房室传导阻滞
1821,颈性眩晕
1822,婴幼儿阴道炎
1823,中心性浆液性脉络膜视网膜病变
1824,骨纤维异常增殖症
1825,肌纤维组织炎
1826,先天性曲细精管发育不全综合征
1827,尺桡骨双骨折
1828,高血压视网膜病变
1829,急性胆源性胰腺炎
1830,新生儿低体温
1831,鳞状毛囊角化病
1832,泡性角结膜炎
1833,链球菌性咽炎
1834,单纯性外阴阴道念珠菌病
1835,补虚药
1836,噎膈
1837,急性心包炎
1838,风瘫
1839,过敏性肺炎
1840,中毒性休克综合征
1841,睑板腺癌
1842,肝母细胞瘤
1843,急性肾小管坏死
1844,惊恐症
1845,梅毒性心血管病
1846,主动脉夹层分离
1847,剥脱性皮炎型药疹
1848,妊娠合并急性阑尾炎
1849,睑外翻
1850,老年性外阴萎缩
1851,产力
1852,急性脑疝
1853,丹痧
1854,阴道发育异常
1855,hunt综合征
1856,痧子
1857,庚型病毒性肝炎
1858,正常眼压性青光眼
1859,小儿颅内出血
1860,阴沟肠杆菌感染
1861,小肠肿瘤
1862,放射性肠炎
1863,玻璃体出血
1864,小儿精神发育迟滞
1865,脑干肿瘤
1866,外膝眼
1867,电休克
1868,黏液纤维肉瘤
1869,同型胱氨酸尿症
1870,小肠破裂
1871,小儿肝母细胞瘤
1872,肠道病毒71型手足口病
1873,腹膜假黏液瘤
1874,妊娠合并病毒性肝炎
1875,肥疮
1876,咽鼓管异常开放症
1877,进行性延髓麻痹
1878,氨气中毒
1879,颈动脉体瘤
1880,产后甲状腺炎
1881,肾上腺囊肿
1882,肾性糖尿
1883,外阴肿瘤
1884,角化棘皮瘤
1885,输卵管阻塞性不孕
1886,复发性多软骨炎
1887,转移性肝癌
1888,妊娠期糖尿病
1889,肛周脓肿
1890,肛门息肉
1891,低钾血症
1892,腹外疝
1893,急性化脓性腭扁桃体炎
1894,胃轻瘫综合征
1895,心房扑动
1896,小阴茎
1897,疳疾
1898,下背部痛
1899,骶髂关节扭伤或半脱位
1900,真菌性食管炎
1901,卡他性结膜炎
1902,玻璃体积血
1903,多肌炎
1904,输卵管结核
1905,单纯疱疹病毒感染症
1906,气虚咳嗽
1907,脊柱畸形
1908,急性化脓性胆管炎
1909,支气管肺癌
1910,麻痹性肠梗阻
1911,手足麻木
1912,稳定型心绞痛
1913,睑黄瘤
1914,急性阴道炎
1915,线粒体脑肌病
1916,妊娠合并甲状腺功能减退
1917,口周湿疹
1918,出口梗阻型便秘
1919,心脏传导阻滞
1920,腮腺肿瘤
1921,星形细胞瘤
1922,急性腰扭伤
1923,萎缩纹
1924,青霉素过敏
1925,瘢痕疙瘩
1926,瘰疬
1927,脊柱侧凸
1928,日照性皮炎
1929,颈椎间盘突出症
1930,牙龈癌
1931,泪囊炎
1932,妊娠糖尿病
1933,嗜睡症
1934,小儿腹泻
1935,克罗恩病
1936,风湿性心脏病
1937,神经性耳鸣
1938,桡骨小头骨折
1939,先天性动脉导管未闭
1940,致密性髂骨炎
1941,外伤性白内障
1942,桡骨小头半脱位
1943,脓疱病
1944,纵隔气肿
1945,多发性脂囊瘤
1946,脊柱结核
1947,外阴毛囊炎
1948,老年性耳聋
1949,巨细胞病毒感染症
1950,产后抑郁症
1951,牙髓炎
1952,脊髓灰质炎
1953,慢性非细菌性前列腺炎
1954,瘢痕子宫
1955,隐匿阴茎
1956,急性附睾炎
1957,泪道阻塞
1958,静脉尿路造影
1959,喉上神经损伤
1960,急进性肾炎
1961,眼眶炎性假瘤
1962,肌腱炎和腱鞘炎
1963,反应性精神病
1964,眼眶肿瘤
1965,冻疮
1966,宫颈囊肿
1967,滴虫性阴道炎
1968,亚健康
1969,失忆症
1970,男性尖锐湿疣
1971,肛门坠胀
1972,霍奇金淋巴瘤
1973,心包积液
1974,慢性非萎缩性胃炎
1975,膝关节骨质增生
1976,胃肠炎
1977,血友病
1978,头孢克肟
1979,鹅口疮
1980,哮喘
1981,动脉硬化
1982,前列腺癌
1983,心阳虚
1984,细菌性肺炎
1985,神经源性膀胱
1986,低渗性脱水
1987,电击伤
1988,过期妊娠
1989,张力性气胸
1990,结婚恐惧症
1991,艾滋病性颈淋巴结肿大
1992,厌氧菌感染
1993,食物过敏
1994,氟牙症
1995,隐睾症
1996,小儿发热
1997,慢性腹泻
1998,错构瘤
1999,慢性鼻窦炎
2000,横纹肌溶解综合征
2001,地图舌
2002,隐睾
2003,胎儿
2004,Shy-Drager综合征
2005,肾盂癌和输尿管癌
2006,氨基酸代谢病
2007,风湿性二尖瓣关闭不全
2008,气滞证
2009,心气虚证
2010,先天性颈椎融合畸形
2011,急进性肾小球肾炎
2012,先天性脑积水
2013,胸痹心痛
2014,肛管癌
2015,婴儿玫瑰疹
2016,真菌性角膜炎
2017,慢性髓性白血病
2018,肉芽肿性唇炎
2019,创伤性气胸
2020,急性间质性肾炎
2021,妊娠期心脏病
2022,肱二头肌长头腱鞘炎
2023,眼睑湿疹
2024,小儿细菌性痢疾
2025,脐带打结
2026,胎粪吸入综合征
2027,汽油中毒
2028,毛母质瘤
2029,色素绒毛结节性滑膜炎
2030,肿瘤性息肉
2031,早产儿贫血
2032,着痹
2033,双颌前突
2034,急性腹痛
2035,内伤咳嗽
2036,蠕形螨病
2037,阿米巴肝脓肿
2038,蕈样肉芽肿
2039,转移性骨肿瘤
2040,无痛取环
2041,先天性多指、趾畸形
2042,脉痹
2043,高胡萝卜素血症
2044,退行性脊柱炎
2045,小儿化脓性脑膜炎
2046,慢性盆腔疼痛
2047,食管肿瘤
2048,消食药
2049,鞭虫病
2050,阴茎扭转
2051,瘢痕性脱发
2052,慢性腰背痛
2053,神经性关节病
2054,急性泪腺炎
2055,痹病
2056,距骨骨折
2057,色汗症
2058,汗腺瘤
2059,卵巢破裂
2060,非ST段抬高心肌梗死
2061,Q热
2062,大隐静脉曲张
2063,红癣
2064,婴儿肠痉挛
2065,维生素K缺乏症
2066,化脓性关节炎
2067,肾炎综合征
2068,接触性荨麻疹
2069,无痛性心肌梗死
2070,颈椎过伸性损伤
2071,胃憩室
2072,颌下间隙感染
2073,脾虚湿困证
2074,眼睑带状疱疹
2075,黏多糖贮积症
2076,产瘤
2077,浅层点状角膜炎
2078,品行障碍
2079,足下垂
2080,冷球蛋白血症
2081,疱疹样皮炎
2082,急性出血坏死型胰腺炎
2083,胸腰椎骨折
2084,心脏压塞
2085,二氧化硫中毒
2086,乳中
2087,绝经后骨质疏松
2088,儿童急性良性肌炎
2089,胆囊腺肌增生病
2090,脊椎椎弓峡部裂
2091,库鲁病
2092,肝血虚证
2093,骶骨骨折
2094,铜绿假单胞菌感染
2095,少阳病
2096,聚合性痤疮
2097,脊髓肿瘤
2098,大咯血
2099,十二指肠胃反流及胆汁反流性胃炎
2100,肌病
2101,肋软骨炎
2102,皮下脂肪瘤
2103,手癣
2104,瘙痒症
2105,双相障碍
2106,软骨发育不全
2107,纤维肌痛综合征
2108,胸腺癌
2109,慢性输卵管炎
2110,皲裂性湿疹
2111,肾细胞癌
2112,淀粉样变性
2113,颈淋巴结结核
2114,难治性癫痫
2115,痛痹
2116,视网膜血管炎
2117,视盘水肿
2118,急性泪囊炎
2119,盆腔脓肿
2120,重复阴茎
2121,肱二头肌长头肌腱炎
2122,膝韧带损伤
2123,癔球症
2124,阴茎畸形
2125,外阴瘙痒症
2126,透明细胞癌
2127,盆腔淤血综合征
2128,功能性胃肠病
2129,脾病
2130,急性鼻咽炎
2131,局灶性节段性肾小球硬化
2132,卵巢妊娠
2133,外阴神经性皮炎
2134,斯特奇-韦伯综合征
2135,春季结膜炎
2136,缺血性骨坏死
2137,假单胞菌感染
2138,涎石病
2139,结肠慢传输型便秘
2140,锰中毒
2141,真菌性肠炎
2142,毒蕈中毒
2143,肘外翻
2144,支原体尿路感染
2145,结肠黑变病
2146,溶血性黄疸
2147,跖疣
2148,流产
2149,反流性食管炎
2150,肾积水
2151,白化病
2152,血小板减少
2153,子宫癌
2154,手湿疹
2155,婴儿脐疝
2156,骨关节病
2157,呛奶
2158,后循环缺血
2159,皮脂腺痣
2160,空气栓塞
2161,血卟啉病
2162,鼻音
2163,胎儿宫内窘迫
2164,脑血管畸形
2165,重金属中毒
2166,神经胶质瘤
2167,腮腺混合瘤
2168,性爱成瘾症
2169,钩虫病
2170,室性心动过速
2171,尿石症
2172,臀肌挛缩症
2173,念珠菌性包皮龟头炎
2174,森林脑炎
2175,肠穿孔
2176,舌系带过短
2177,缺血性心肌病
2178,心电图
2179,过敏
2180,密集物体恐惧症
2181,2型糖尿病
2182,牙齿矫正
2183,神经性呕吐
2184,高催乳素血症
2185,隐匿性肾小球肾炎
2186,脑脊液鼻漏
2187,阴道囊肿
2188,骨巨细胞瘤
2189,皮脂腺瘤
2190,分水岭区脑梗死
2191,复杂性肛瘘
2192,小于胎龄儿
2193,套筒冠义齿
2194,卵巢黄体囊肿破裂
2195,异尖线虫病
2196,球孢子菌病
2197,鼻疽
2198,胃气痛
2199,青春期综合征
2200,亨廷顿病性痴呆
2201,高渗性非酮症糖尿病昏迷
2202,背疽
2203,肺转移瘤
2204,月经疹
2205,结节性筋膜炎
2206,goodpasture综合征
2207,癫痫性精神障碍
2208,爆震伤
2209,阴道壁息肉
2210,地方性斑疹伤寒
2211,鳄皮婴儿综合征
2212,急性硬脑膜外血肿
2213,妊娠合并系统性红斑狼疮
2214,甲减性心脏病
2215,女性膀胱颈梗阻
2216,颌骨造釉细胞瘤
2217,新生儿血小板减少性紫癜
2218,罗阿丝虫病
2219,非IgA系膜增生性肾炎
2220,慢性心包炎
2221,β受体亢进症
2222,Leber遗传性视神经病变
2223,传导性聋
2224,假性肠梗阻
2225,麻痹性臂丛神经炎
2226,急性胃十二指肠溃疡穿孔
2227,筋膜间隔区综合征
2228,阴道恶性肿瘤
2229,暴发性肝衰竭
2230,阴囊癌
2231,角膜软化症
2232,脊膜瘤
2233,Pancoast综合征
2234,coats病
2235,急性化脓性甲状腺炎
2236,腺泡细胞癌
2237,新生儿湿肺
2238,急性间质性肺炎
2239,大肠梗阻
2240,气管肿瘤
2241,广州管圆线虫病
2242,咽白喉
2243,黏液表皮样癌
2244,创伤性溃疡
2245,特发性腹膜后纤维化
2246,房室折返性心动过速
2247,疣状皮肤结核
2248,平滑肌肉瘤
2249,偏执症
2250,慢性便秘
2251,皮肤肿瘤
2252,十二指肠憩室
2253,毛发苔藓
2254,卵巢纤维瘤
2255,永存动脉干
2256,颈椎后纵韧带骨化症
2257,小儿甲状腺功能亢进症
2258,跖骨趾骨骨折
2259,乳腺腺病
2260,平滑肌瘤
2261,早期乳腺癌
2262,跖腱膜炎
2263,出血性疾病
2264,上巨虚
2265,先天性梅毒
2266,舒张性心力衰竭
2267,连续性肢端皮炎
2268,腹内疝
2269,悬雍垂过长症
2270,视网膜中央动脉阻塞
2271,气管支气管异物
2272,头皮损伤
2273,急性心功能不全
2274,妊娠合并甲状腺功能亢进
2275,脉络膜新生血管
2276,小儿神经母细胞瘤
2277,轮状病毒胃肠炎
2278,肺隔离症
2279,孕期抑郁症
2280,支原体阴道炎
2281,瓷贴面
2282,肩锁关节脱位
2283,老年性黄斑变性
2284,肾小管性酸中毒
2285,皮脂腺增生
2286,肠扭转
2287,缩窄性心包炎
2288,小儿颈交感神经麻痹综合征
2289,肝性脊髓病
2290,猴痘
2291,面肌抽搐
2292,肝包虫囊肿
2293,单纯性下肢静脉曲张
2294,手指类风湿性关节炎
2295,眼球内陷
2296,肩峰下滑囊炎
2297,阿米巴性阴道炎
2298,鼻腔异物
2299,下丘脑综合征
2300,外隐斜
2301,先天性青光眼
2302,脂溢性湿疹
2303,膝关节创伤性滑膜炎
2304,儿童精神分裂症
2305,传染性红斑
2306,肾小球疾病
2307,二硫化碳中毒
2308,颅内转移瘤
2309,麻黄碱中毒
2310,肘关节脱位
2311,皮肤蝇蛆病
2312,胰腺假性囊肿
2313,深静脉血栓形成
2314,跖骨骨折
2315,阿米巴肠病
2316,马钱子中毒
2317,地方性克汀病
2318,烧伤感染
2319,青光眼睫状体炎综合征
2320,葡萄球菌肺炎
2321,心脏粘液瘤
2322,六指症
2323,渗出性中耳炎
2324,急性附件炎
2325,子宫内膜间质肉瘤
2326,钱币状掌跖角化病
2327,脑膨出
2328,听神经鞘瘤
2329,颅骨缺损
2330,羊膜带综合征
2331,腹膜后淋巴结炎
2332,先天性膈疝
2333,先天性十二指肠闭锁
2334,心房内传导阻滞
2335,奶麻
2336,透明细胞软骨肉瘤
2337,咽部异物
2338,水杨酸类中毒
2339,麦胶性肠病
2340,脊柱侧凸畸形
2341,胆汁性肝硬化
2342,内湿
2343,雄激素性脱发
2344,软组织肿瘤
2345,复发性流产
2346,转移性肺癌
2347,维生素E缺乏病
2348,无症状性脑梗死
2349,小儿肥胖症
2350,瘢痕癌
2351,复发性卵巢恶性肿瘤
2352,斜视性弱视
2353,膀胱输尿管反流
2354,慢性缩窄性心包炎
2355,家族性结肠息肉病
2356,蓝氏贾第鞭毛虫病
2357,腺样囊性癌
2358,食管平滑肌瘤
2359,乳糜胸
2360,尺骨鹰嘴骨折
2361,结石性胆囊炎
2362,完全性房室传导阻滞
2363,药物性狼疮
2364,新生儿肺不张
2365,肿瘤分子靶向治疗
2366,外阴上皮内瘤变
2367,巨细胞病毒性肺炎
2368,甲状腺功能亢进性心脏病
2369,心肌梗死后综合征
2370,亚临床甲状腺功能亢进
2371,喉息肉
2372,心电图运动负荷试验
2373,咽异感症
2374,附骨疽
2375,传染性淋巴细胞增多症
2376,寰枢椎脱位
2377,腺淋巴瘤
2378,胃癌前病变
2379,胞生痰核
2380,肺囊性纤维化
2381,立克次体病
2382,胆管良性狭窄
2383,围绝经期功能失调性子宫出血
2384,原发性直立性低血压
2385,小儿紫癜性肾炎
2386,先天性巨输尿管
2387,妊娠合并急性胆囊炎
2388,肩-手综合征
2389,生殖器疣
2390,糖尿病性白内障
2391,短P-R综合征
2392,乙状结肠扭转
2393,毛细胞白血病
2394,硬红斑
2395,粘连性中耳炎
2396,膝关节结核
2397,分裂情感性障碍
2398,杀虫脒中毒
2399,韦格内肉芽肿
2400,脊柱原发性肿瘤
2401,垂体危象与垂体卒中
2402,新生儿单纯疱疹病毒感染
2403,颅内畸胎瘤
2404,胰腺异位
2405,小儿慢性胃炎
2406,变应性皮肤结节性血管炎
2407,成纤维性纤维瘤
2408,狼疮样综合征
2409,汗孔角化病
2410,上颌窦后鼻孔息肉
2411,代谢性白内障
2412,网状青斑
2413,肝脏炎性假瘤
2414,胸锁关节脱位
2415,复发性风湿病
2416,膝外侧副韧带损伤
2417,异物肉芽肿
2418,原发性纵隔肿瘤及囊肿
2419,加速性室性自主心律
2420,男性尿道癌
2421,呼吸性碱中毒
2422,瑞氏综合征
2423,烧伤
2424,高钾血症
2425,老花眼
2426,膝关节炎
2427,软组织损伤
2428,酒精性脂肪肝
2429,胃痉挛
2430,空调病
2431,宫颈息肉
2432,干眼症
2433,淋巴结炎
2434,水肿
2435,疲劳综合征
2436,咽鼓管炎
2437,间质性膀胱炎
2438,肠瘘
2439,新生儿低血糖
2440,老年性白内障
2441,甲亢危象
2442,矮小症
2443,幼稚子宫
2444,淋巴管炎
2445,躯体形式障碍
2446,小产
2447,结缔组织病
2448,小儿哮喘
2449,口舌生疮
2450,性变态
2451,不完全性右束支传导阻滞
2452,早搏
2453,人感染禽流感
2454,碱性磷酸酶
2455,乳腺增生症
2456,输卵管堵塞
2457,心血管造影
2458,虚劳
2459,新生儿呕吐
2460,帕金森症
2461,语言发育迟缓
2462,腰椎椎管狭窄症
2463,前庭大腺炎
2464,手足皲裂
2465,吉兰-巴雷综合征
2466,细菌性角膜炎
2467,习惯性髌骨脱位
2468,镁缺乏症
2469,Gardner综合征
2470,休克型肺炎
2471,新生儿中毒性红斑
2472,肩峰下撞击综合征
2473,阵发性室性心动过速
2474,修复牙釉质
2475,离心性环状红斑
2476,舌咽神经痛
2477,三阴性乳腺癌
2478,胸廓出口综合征
2479,颅内低压综合征
2480,胆囊良性肿瘤
2481,慢性进行性眼外肌麻痹
2482,虫积
2483,前列腺肉瘤
2484,诺卡菌病
2485,自身免疫性胰腺炎
2486,憩室病
2487,非特异性尿道炎
2488,棘阿米巴角膜炎
2489,缺血性结肠炎
2490,尿道癌
2491,颈部淋巴结转移癌
2492,角膜擦伤
2493,特发性股骨头坏死
2494,阳明头痛
2495,十二指肠良性肿瘤
2496,痰火
2497,急性化脓性脑膜炎
2498,局部麻醉药中毒
2499,单纯疱疹病毒性角膜炎
2500,滋养细胞肿瘤
2501,先天性肌性斜颈
2502,垂体前叶功能减退症
2503,腺病毒感染
2504,软组织肉瘤
2505,变形性骨炎
2506,新生儿水肿
2507,视神经乳头炎
2508,小儿轮状病毒性肠炎
2509,骨软骨病
2510,盆腔炎性肿块
2511,蓖麻子中毒
2512,蛇头疮
2513,新生儿呼吸暂停
2514,剥脱性唇炎
2515,食管白斑
2516,小儿类风湿病
2517,舌扁平苔藓
2518,急性蜂窝织炎
2519,新生儿呼吸窘迫综合征
2520,口腔黏膜白斑
2521,腱鞘巨细胞瘤
2522,早产儿视网膜病变
2523,半乳糖血症
2524,输卵管妊娠
2525,上皮内瘤变
2526,非结核分枝杆菌病
2527,尿道上裂
2528,药物性牙龈增生
2529,中毒性红斑
2530,软骨肉瘤
2531,乳腺良性肿瘤
2532,盆腔炎症
2533,泌乳素瘤
2534,鲍温样丘疹病
2535,参脉针
2536,肝阴不足
2537,腕舟骨骨折
2538,常年性鼻炎
2539,精囊囊肿
2540,精浊
2541,新生儿坏死性小肠结肠炎
2542,腹膜后血肿
2543,散发性脑炎
2544,糖尿病乳酸性酸中毒
2545,青年心肌梗死
2546,荨麻疹和血管性水肿
2547,急性硬膜下血肿
2548,更年期抑郁症
2549,增生性瘢痕
2550,早期妊娠
2551,急性腰背部扭伤
2552,髂骨致密性骨炎
2553,樱桃状血管瘤
2554,妊娠合并特发性血小板减少性紫癜
2555,Lennox-Gastaut综合征
2556,卵巢未成熟畸胎瘤
2557,分裂情感性精神病
2558,高免疫球蛋白E综合征
2559,电子喉
2560,黧黑斑
2561,子宫内翻
2562,前房积血
2563,慢脾风
2564,雷头风
2565,囊性肾病
2566,胰腺脓肿
2567,脊柱、脊髓损伤
2568,小儿急性淋巴细胞性白血病
2569,铝尘肺
2570,纵隔霍奇金淋巴瘤
2571,角膜基质炎
2572,餐后血糖过低症
2573,耳真菌病
2574,肾盂输尿管连接部梗阻
2575,急性肺源性心脏病
2576,多发性肌炎和皮肌炎
2577,起搏器综合征
2578,Caroli病
2579,食管血管瘤
2580,肥大细胞增多症
2581,先天性高肩胛症
2582,寻常狼疮
2583,原发性下肢深静脉瓣膜关闭不全
2584,鼓室硬化症
2585,新生儿青紫
2586,腺性唇炎
2587,小儿金黄色葡萄球菌肺炎
2588,舌病
2589,弥漫性胸膜间皮瘤
2590,髌骨骨软骨病
2591,慢性劳损性腰背痛
2592,松毛虫性骨关节病
2593,不动杆菌感染
2594,腹膜后脂肪瘤
2595,无症状性心肌缺血
2596,原发性卵巢绒癌
2597,梨状肌症候群
2598,脊髓内出血
2599,泪囊肿瘤
2600,吡唑酮类中毒
2601,桑毛虫皮炎
2602,外阴平滑肌瘤
2603,芽生菌病
2604,眼部毛细血管瘤
2605,甲状舌囊肿及瘘管
2606,小儿骨髓增生异常综合征
2607,卵巢功能异常综合征
2608,妊娠合并急性胰腺炎
2609,丘脑下部损伤
2610,颅内生殖细胞瘤
2611,大便失禁
2612,氧中毒
2613,恶性淋巴瘤
2614,胎盘早剥
2615,结节性甲状腺肿
2616,马牙
2617,触电
2618,肾错构瘤
2619,寻常型银屑病
2620,人工流产
2621,上消化道出血
2622,吐奶
2623,蚕豆病
2624,烫伤
2625,慢性心力衰竭
2626,股骨粗隆间骨折
2627,视网膜母细胞瘤
2628,急性脊髓炎
2629,体外循环
2630,脑损伤
2631,血色病
2632,主动脉瘤
2633,缺血性脑卒中
2634,绞肠痧
2635,巨人症
2636,弓形虫病
2637,自发性气胸
2638,阴道痉挛
2639,非小细胞肺癌
2640,寻常疣
2641,口腔癌
2642,肾衰竭
2643,血虚
2644,羊水穿刺
2645,休克
2646,睡眠
2647,小儿过敏性鼻炎
2648,主动脉夹层动脉瘤
2649,胸主动脉夹层动脉瘤
2650,急性腮腺炎性睾丸炎
2651,并发性白内障
2652,温脾固肠散
2653,朗格汉斯组织细胞增多症
2654,卵巢巧克力囊肿破裂
2655,腹腔脓肿
2656,poems综合征
2657,糖尿病合并低血糖
2658,白大衣高血压
2659,小儿急性阑尾炎
2660,急性胃扩张
2661,小儿脐疝
2662,幼年特发性关节炎
2663,甲亢合并妊娠
2664,视神经病变
2665,阴道横隔
2666,小儿毛细支气管炎
2667,淋巴瘤样丘疹病
2668,压迫性视神经病变
2669,原发性下肢静脉瓣膜关闭不全
2670,皮脂腺癌
2671,骨纤维异样增殖症
2672,非性病性梅毒
2673,乳头肌功能不全
2674,猩红热样红斑
2675,咽囊炎
2676,先天性睾丸发育不全
2677,经脉不通
2678,新生儿破伤风
2679,军团菌肺炎
2680,胰高血糖素瘤
2681,夜间哮喘
2682,马尔尼菲青霉病
2683,B链球菌群感染
2684,阴道蚂蟥叮吸
2685,脊髓血管病
2686,肱骨外髁骨折
2687,恰加斯病
2688,五迟
2689,尿道肿瘤
2690,脾气虚证
2691,单纯性外阴炎
2692,巨乳头性结膜炎
2693,骨母细胞瘤
2694,急性血源性骨髓炎
2695,角膜病
2696,腹膜间皮瘤
2697,先天性眼球震颤
2698,高镁血症
2699,胃平滑肌瘤
2700,卵巢无性细胞瘤
2701,眼内异物
2702,小儿生长激素缺乏症
2703,继发性甲状旁腺功能亢进
2704,白屑风
2705,鼻疖
2706,皮肤囊肿
2707,囊性纤维化
2708,上颌窦癌
2709,自主性高功能性甲状腺腺瘤
2710,视神经胶质瘤
2711,畸形性骨炎
2712,颌骨癌
2713,非特异性肋软骨炎
2714,神昏
2715,原发性椎管内肿瘤
2716,共同性外斜视
2717,咳嗽反射
2718,李斯特菌病
2719,多灶性运动神经病
2720,荨麻疹性血管炎
2721,膝关节内外侧副韧带损伤
2722,肛门周围癌
2723,腹部包块
2724,先天性耳聋
2725,幼年类风湿关节炎
2726,流感嗜血杆菌感染
2727,心动过速性心肌病
2728,屈肌腱损伤
2729,胰腺囊腺瘤
2730,囊状淋巴管瘤
2731,动脉瘤样骨囊肿
2732,乳房下垂矫正
2733,春季卡他性结膜炎
2734,眼部肿瘤
2735,鼻中隔穿孔
2736,残胃癌
2737,三尖瓣狭窄
2738,脉络膜炎
2739,梅克尔憩室
2740,伸指肌腱损伤
2741,乳房导管内乳头状瘤
2742,伊藤痣
2743,吻合口溃疡
2744,孟氏骨折
2745,医院内感染
2746,脊髓栓系综合征
2747,细菌性肝脓肿
2748,牙周萎缩
2749,遗传性对称性色素异常症
2750,肥大性脊椎炎
2751,外阴前庭炎
2752,急性横贯性脊髓炎
2753,疱疹样脓疱病
2754,支气管扩张剂
2755,原发性甲状旁腺功能亢进症
2756,肾髓质囊性病
2757,营养不良性肝硬化
2758,股神经损伤
2759,淀粉样变心肌病
2760,肝炎后综合征
2761,干燥性角结膜炎
2762,鼻内翻性乳头状瘤
2763,腹膜后脓肿
2764,哮喘性肺嗜酸粒细胞浸润症
2765,脾-肝综合征
2766,白蛉热
2767,CD30阳性皮肤T细胞淋巴瘤
2768,皮克病
2769,上矢状窦血栓性静脉炎
2770,胃肠积液
2771,先天性环状束带
2772,下颈椎不稳症
2773,慢性颈部软组织损伤
2774,胃内异物
2775,青春期功能失调性子宫出血
2776,联合免疫缺陷病
2777,先天性肌强直
2778,阴道腺病
2779,结肠过敏症
2780,家族性地中海热
2781,细菌性角膜溃疡
2782,急性单纯性咽炎
2783,带状疱疹性角膜炎
2784,纵隔疝
2785,乙醚中毒
2786,肱骨内髁骨折
2787,阴囊坏疽
2788,原发免疫性血小板减少症
2789,先天性无虹膜
2790,颌面部神经纤维瘤
2791,变异型预激综合征
2792,新生儿失血性贫血
2793,冠状动脉瘤
2794,气疝
2795,脾动脉瘤
2796,股四头肌肌腱断裂
2797,卡氏肺囊虫病
2798,阴道内胚窦瘤
2799,上皮样血管内皮细胞瘤
2800,盆腔脏器脱垂
2801,妊娠合并偏头痛
2802,胆囊-结肠肝曲粘连综合征
2803,棘上韧带损伤
2804,慢性纤维性甲状腺炎
2805,胰石症
2806,白浊
2807,膜性肾病
2808,耵聍栓塞
2809,性病性淋巴肉芽肿
2810,房室传导阻滞
2811,耳聋
2812,男性不育症
2813,乳房疼痛
2814,肋间神经痛
2815,丙型病毒性肝炎
2816,引产
2817,百日咳
2818,舌白斑
2819,色欲伤
2820,Mirizzi综合征
2821,尿道综合征
2822,高位肛瘘
2823,慢性骨髓炎
2824,楔状缺损
2825,肛门括约肌
2826,老年高血压
2827,精神强迫症
2828,脾俞
2829,伤寒
2830,慢性肾小球肾炎
2831,胆碱能性荨麻疹
2832,动脉粥样硬化
2833,前置胎盘
2834,拖延症
2835,鼻中隔偏曲
2836,甲状腺炎
2837,胎漏
2838,上腔静脉综合征
2839,高脂蛋白血症
2840,颈椎管狭窄症
2841,房性心动过速
2842,热疖
2843,脾虚证
2844,食管压迫型颈椎病
2845,交感性眼炎
2846,耳针
2847,小儿肛裂
2848,脊髓压迫症
2849,中性粒细胞减少症
2850,原发性输卵管癌
2851,旅行者腹泻
2852,肺炎克雷白杆菌肺炎
2853,锑中毒
2854,髂静脉压迫综合征
2855,牛带绦虫病
2856,纵隔畸胎瘤
2857,流行性角结膜炎
2858,先天性食管闭锁
2859,软腭癌
2860,亚急性皮肤红斑狼疮
2861,钡中毒
2862,胆道出血
2863,鼻血管瘤
2864,白细胞减少和粒细胞缺乏症
2865,肝腺瘤
2866,小儿泌尿系统感染
2867,冰点无痛脱毛
2868,脑动脉粥样硬化
2869,儿童遗尿症
2870,新辅助化疗
2871,急性化脓性腮腺炎
2872,恶性胸腔积液
2873,健脾化湿
2874,妊娠合并心脏病
2875,阴蒂粘连
2876,克里格勒-纳贾尔综合征
2877,假膜性小肠结肠炎
2878,混合型颈椎病
2879,慢性髓细胞白血病
2880,Chance骨折
2881,中耳胆脂瘤
2882,颈部囊状淋巴管瘤
2883,儿童尖锐湿疣
2884,胆道蛔虫病
2885,甲营养不良
2886,寻常痤疮
2887,心脏肿瘤
2888,神经性肌强直
2889,小儿病毒性脑炎和脑膜炎
2890,肺炎衣原体感染
2891,腕舟状骨骨折
2892,滞气
2893,无汗症
2894,弥漫性食管痉挛
2895,须疮
2896,口蹄病
2897,心脏电复律和电除颤
2898,糖尿病心肌病
2899,腺泡状软组织肉瘤
2900,乳腺导管内乳头状瘤
2901,白细胞减少症和（或）粒细胞减少症
2902,广泛性焦虑障碍
2903,雀斑样痣
2904,休止期脱发
2905,干血痨
2906,新生儿乙型肝炎
2907,石膏综合征
2908,糖原贮积病
2909,藏毛囊肿
2910,维生素中毒
2911,主动脉缩窄
2912,闭合性气胸
2913,肠系膜上动脉栓塞
2914,神经卡压综合征
2915,先天性非溶血性黄疸
2916,颈椎骨折脱位
2917,多系统器官功能衰竭
2918,克里米亚-刚果出血热
2919,肠系膜淋巴结结核
2920,急性肠系膜淋巴结炎
2921,窦房传导阻滞
2922,自发性蛛网膜下腔出血
2923,切口疝
2924,假膜性肠炎
2925,胬肉攀睛
2926,致死性家族性失眠症
2927,十二指肠淤积症
2928,松果体瘤
2929,肺胀
2930,肺血管炎
2931,化脓性食管炎
2932,耻骨结核
2933,气功所致精神障碍
2934,妊娠合并再生障碍性贫血
2935,小儿尿道下裂
2936,眼弓蛔虫病
2937,后天性动静脉瘘
2938,色素性化妆品皮炎
2939,脉络膜病变
2940,枸橼酸杆菌肺炎
2941,外伤性硬脑膜下积液
2942,原发性急性闭角型青光眼
2943,子悬
2944,瘀证
2945,假性醛固酮减少症
2946,口腔颌面部皮样、表皮样囊肿
2947,拟除虫菊类农药中毒
2948,创伤性鼻出血
2949,肉孢子虫病
2950,脓疱性细菌疹
2951,大量羊水吸入
2952,自律性房性心动过速
2953,慢性血源性骨髓炎
2954,舌下间隙感染
2955,跟骨骨髓炎
2956,顶叶癫痫
2957,小儿急性呼吸衰竭
2958,重金属中毒性肾病
2959,先天性肺发育不全
2960,副神经损伤
2961,羊水与胎粪吸入综合征
2962,复发性腹股沟疝
2963,股后肌劳损
2964,乳积
2965,小肠损伤
2966,小儿X-连锁无丙种球蛋白血症
2967,结缔组织痣
2968,情感性交叉擦腿症
2969,矢状窦旁脑膜瘤
2970,口底多间隙感染
2971,脉络膜骨瘤
2972,鼻腔鼻窦癌
2973,泪液分泌过多
2974,高尿酸血症与痛风
2975,肾盂肿瘤和输尿管肿瘤
2976,溃疡分枝杆菌感染
2977,变形杆菌肺炎
2978,毛发囊肿
2979,三环类抗忧郁药中毒
2980,敌鼠中毒
2981,鼻咽肉瘤
2982,急性单纯外伤性腰腿痛
2983,肾动静脉瘘
2984,儿童慢性肾小球肾炎
2985,肌张力异常
2986,舒尔曼病
2987,软产道异常性难产
2988,视网膜静脉周围炎
2989,创伤性窒息
2990,额叶癫痫
2991,胆囊胆固醇沉着症
2992,氨基甲酸酯类农药中毒
2993,前葡萄膜炎
2994,后发性白内障
2995,肝癌腹水
2996,放射性皮炎
2997,小儿胃炎
2998,结石
2999,子宫内膜增生
3000,接触性皮炎
3001,急性阑尾炎
3002,病毒性心肌炎
3003,炭疽病
3004,高分化鳞癌
3005,先天性无阴道
3006,痉挛性斜颈
3007,溃疡病
3008,颧骨整形
3009,颗粒细胞瘤
3010,失认症
3011,咽肌痉挛
3012,特发性肺动脉高压
3013,髋臼骨折
3014,柯萨奇病毒感染
3015,假性高血压
3016,僵人综合征
3017,小儿腮腺炎
3018,小儿蛔虫病
3019,原发性硬化性胆管炎
3020,鳃裂囊肿
3021,新生儿胆红素脑病
3022,肺吸虫病
3023,正中神经损伤
3024,颅底骨折
3025,遗传代谢病
3026,肥厚型梗阻性心肌病
3027,腹股沟滑动疝
3028,咖啡因与氨茶碱中毒
3029,围生期心肌病
3030,心源性肝硬化
3031,蝎子螫伤
3032,肺栓塞和肺梗死
3033,脑外伤所致精神障碍
3034,猫眼疮
3035,肱骨干骨折
3036,典型预激综合征
3037,异位胰腺
3038,膜性肾小球肾炎
3039,皮脂腺腺瘤
3040,增生性玻璃体视网膜病变
3041,主动脉窦动脉瘤破裂
3042,上气道梗阻
3043,右室心肌梗死
3044,眶蜂窝织炎
3045,小儿急性喉气管支气管炎
3046,后葡萄膜炎
3047,细菌性毛囊炎
3048,食管异物
3049,慢性闭角型青光眼
3050,色素失禁症
3051,肝火犯肺
3052,白痢
3053,脾约
3054,过期产儿
3055,过敏性眼睑皮肤炎
3056,痨瘵
3057,放射病
3058,血栓性浅静脉炎
3059,wilson病
3060,第三腰椎横突综合征
3061,退变性骶髂关节炎
3062,骶髂关节结核
3063,膈肌麻痹
3064,下腰椎不稳症
3065,婴幼儿胃食管反流
3066,食管破裂
3067,脊髓蛛网膜炎
3068,局灶性硬皮病
3069,沙门氏菌属食物中毒
3070,脾火
3071,踝管综合征
3072,放线菌病
3073,肱骨大结节骨折
3074,淤积性皮炎
3075,非酮性高渗性糖尿病昏迷
3076,脑动静脉畸形
3077,生殖道沙眼衣原体感染
3078,新生儿头颅血肿
3079,急性糜烂性胃炎
3080,宫颈白斑
3081,颞下颌关节脱位
3082,红皮病型银屑病
3083,颈动脉海绵窦瘘
3084,踝关节脱位
3085,Liddle综合征
3086,膀胱外翻
3087,赤游丹
3088,窥阴症
3089,酒精所致精神障碍
3090,颞叶肿瘤
3091,阴道白斑
3092,恶性青光眼
3093,腹壁切口疝
3094,宫腔积脓
3095,腮腺恶性肿瘤
3096,痈疮
3097,窦性停搏
3098,胃气胀
3099,急性闭角型青光眼
3100,第四脑室肿瘤
3101,急性颌下腺炎
3102,乳汁吸入性肺炎
3103,舌下神经损伤
3104,内生性软骨瘤
3105,边缘性龈炎
3106,绝经后子宫内膜癌
3107,美尼尔病
3108,血管肉瘤
3109,跟腱后滑囊炎
3110,造影剂肾病
3111,进行性核上性麻痹
3112,白秃疮
3113,阴茎折断
3114,奔豚气
3115,出生缺陷
3116,耳带状疱疹
3117,肩胛骨体部骨折
3118,乳腺Paget's病
3119,新生儿脓疱病
3120,股外侧皮神经卡压综合征
3121,阑尾类癌
3122,小儿甲基丙二酸血症
3123,命门火衰证
3124,小儿衣原体肺炎
3125,职业性哮喘
3126,外阴色素痣
3127,抗磷脂综合征
3128,根尖周病
3129,小棘苔藓
3130,肝结核
3131,肾小球硬化
3132,喉阻塞
3133,顽固性高血压
3134,肝炎双重感染
3135,非特异性间质肺炎
3136,虫咬反应
3137,皮肤子宫内膜异位症
3138,小儿疳痢
3139,桡管综合征
3140,胸壁皮下气肿
3141,眼眶静脉性血管瘤
3142,肝炎病毒相关风湿病
3143,新生儿衣原体感染
3144,慢性劳损性颈背部筋膜纤维织炎
3145,肾动脉栓塞
3146,血管网织细胞瘤
3147,肾发育不全
3148,先天性弓形虫感染
3149,先天性肺囊肿
3150,土风疮
3151,第三脑室肿瘤
3152,先天性风疹
3153,糖尿病性神经病
3154,眼眶脑膜瘤
3155,流行性角膜结膜炎
3156,原发性中枢神经系统淋巴瘤
3157,创伤性骨化性肌炎
3158,网膜炎
3159,细菌感染性腹泻
3160,慢性舌扁桃体炎
3161,结肠破裂
3162,眼肌麻痹性偏头痛
3163,毒性结节性甲状腺肿
3164,先天性动静脉瘘
3165,HIV相关呼吸道感染
3166,食管源性胸痛
3167,家族性渗出性玻璃体视网膜病变
3168,绿脓杆菌性角膜溃疡
3169,爆震性聋
3170,阴囊损伤
3171,急性硫化氢中毒
3172,肠系膜脂肪炎
3173,尾骨骨折与脱位
3174,诺瓦克病毒性胃肠炎
3175,筋痿
3176,小肠原发性恶性淋巴瘤
3177,职业性痤疮
3178,颅骨骨髓炎
3179,功能性下丘脑性闭经
3180,股骨转子下骨折
3181,阴道子宫内膜间质肉瘤
3182,多重肺部感染
3183,老年人恶性心包积液
3184,鼻后滴漏综合征
3185,肠出血性大肠埃希杆菌感染
3186,翼下颌间隙感染
3187,重症联合免疫缺陷
3188,急性出血性肠炎
3189,金黄色葡萄球菌肺炎
3190,Reiter综合征
3191,蜂蜇伤
3192,慢性间质性肾炎
3193,药物热
3194,直肠前突
3195,滑胎
3196,小儿遗尿
3197,胃印戒细胞癌
3198,心房扑动与心房颤动
3199,隐斜
3200,脊髓血管畸形
3201,春节综合征
3202,变形杆菌食物中毒
3203,年龄相关性白内障
3204,小儿热性惊厥
3205,食管乳头状瘤
3206,颞骨骨折
3207,发热待查
3208,膝眼
3209,溶血性尿毒症综合征
3210,外伤性癫痫
3211,空肠弯曲菌肠炎
3212,高原红细胞增多症
3213,正常颅压脑积水
3214,慢性硬脑膜下血肿
3215,门静脉高压性胃病
3216,蛋白丢失性胃肠病
3217,椎管内肿瘤
3218,晕痣
3219,肱骨外科颈骨折
3220,炎性乳腺癌
3221,先天性血管瘤
3222,继发性腹膜炎
3223,黄斑囊样水肿
3224,肾脏损伤
3225,眼眶蜂窝织炎
3226,坏疽性脓皮病
3227,臀先露
3228,胃心综合征
3229,牙齿感觉过敏症
3230,卵巢浆液性肿瘤
3231,颞下颌关节病
3232,脉络膜黑色素瘤
3233,血管母细胞瘤
3234,流行性斑疹伤寒
3235,儿童股骨头坏死
3236,髋关节结核
3237,共同性斜视
3238,社会获得性肺炎
3239,异装症
3240,日光性荨麻疹
3241,寰枢关节脱位
3242,吉尔伯特综合征
3243,唇病
3244,食管囊肿
3245,反射性交感神经营养不良综合征
3246,桡骨头骨折
3247,慢性炎症性脱髓鞘性多发性神经病
3248,椎管内神经鞘瘤
3249,心尖肥厚型心肌病
3250,糖尿病性周围神经病
3251,子嗽
3252,小儿腹胀
3253,短肠综合征
3254,原发性震颤
3255,骨溶解症
3256,淤胆型肝炎
3257,肛门失禁
3258,盆腔腹膜炎
3259,积乳囊肿
3260,肝阴虚证
3261,颅底凹陷症
3262,颅压增高
3263,膀胱移行细胞癌
3264,Meckel憩室
3265,胃石症
3266,高动力性循环
3267,膀胱颈挛缩
3268,右心室双出口
3269,股骨髁上骨折
3270,颈静脉球体瘤
3271,恐怖性焦虑障碍
3272,凉燥
3273,新生儿持续性肺动脉高压
3274,原发性肾上腺皮质功能减退症
3275,胸主动脉瘤
3276,腹部损伤
3277,扭转痉挛
3278,曼陀罗中毒
3279,经期综合征
3280,鼓胀
3281,慢惊风
3282,颈椎半脱位
3283,肠间脓肿
3284,腐蚀性食管灼伤
3285,躯体感觉障碍
3286,脾疳
3287,肺假性淋巴瘤
3288,盆底腹膜疝
3289,肱骨远端全骺分离
3290,小儿金葡菌性烫伤样皮肤综合征
3291,发疹性毳毛囊肿
3292,明癣
3293,淋菌性肛门直肠炎
3294,带状角膜病变
3295,厚皮性骨膜病
3296,踝扭伤
3297,肋锁综合征
3298,硬脊膜外脓肿
3299,镰刀菌病
3300,新生儿弥散性血管内凝血
3301,单纯疱疹病毒肺炎
3302,绝经期尿失禁
3303,胸骨骨髓炎
3304,化脓性腱鞘炎
3305,肾动脉血栓形成和栓塞
3306,多发内生软骨瘤病
3307,学习技能发育障碍
3308,中耳气压伤
3309,汉坦病毒肺综合征
3310,小儿先天性胆总管囊肿
3311,胶样粟丘疹
3312,阑尾腺癌
3313,胰腺外伤
3314,肺放线菌病
3315,食物不耐受症
3316,骨纤维肉瘤
3317,结肠瘘
3318,维生素B6依赖综合征
3319,反流性肾病
3320,肩胛上神经卡压症
3321,海绵窦血栓
3322,髋关节前脱位
3323,散发性甲状腺肿
3324,胆汁性腹膜炎
3325,龙线虫病
3326,腓骨近端骨折
3327,涎腺囊肿
3328,咽角化症
3329,大肠埃希杆菌肺炎
3330,纵隔非霍奇金淋巴瘤
3331,大脑胶质瘤病
3332,室性逸搏及室性逸搏心律
3333,闭合性脑外伤
3334,毛母细胞瘤
3335,单纯性乳腺增生症
3336,血管角化瘤
3337,缺血性坏死
3338,锌缺乏病
3339,老年急性阑尾炎
3340,急性腐蚀性胃炎
3341,暴露性角膜炎
3342,难治性心力衰竭
3343,上肢深静脉血栓形成
3344,志贺菌病
3345,肾钙乳症
3346,股骨头骨折
3347,痹证
3348,亚急性硬化性全脑炎
3349,深覆牙合
3350,宫颈外翻
3351,纯红细胞再生障碍性贫血
3352,家族性结肠息肉
3353,肺曲菌病
3354,小儿心肌炎
3355,视网膜静脉阻塞
3356,肌营养不良症
3357,麻痹性斜视
3358,中暑衰竭
3359,肺炎衣原体肺炎
3360,气管食管瘘
3361,前十字韧带损伤
3362,小儿肾病综合征
3363,Kartagener综合征
3364,妊娠恶阻
3365,外耳道乳头状瘤
3366,眼球运动障碍
3367,头皮血肿
3368,慢性肥厚性鼻炎
3369,足月小样儿
3370,高原肺水肿
3371,尿道肉阜
3372,小儿糖尿病
3373,嗜酸细胞性胃肠炎
3374,小儿变蒸
3375,面神经损伤
3376,基底细胞瘤
3377,新型隐球菌性脑膜炎
3378,眼球穿通伤
3379,滤泡囊肿
3380,灰奶
3381,口腔红斑
3382,慢性泪囊炎
3383,化脓性肉芽肿
3384,霉变甘蔗中毒
3385,肺大疱
3386,房室结折返性心动过速
3387,慢性泪腺炎
3388,胰腺损伤
3389,胸壁软组织损伤
3390,癌性疼痛
3391,肝破裂
3392,口眼歪斜
3393,亚急性湿疹
3394,慢性肾上腺皮质功能减退症
3395,食管损伤
3396,脊椎骨骨髓炎
3397,髌股关节软骨损伤
3398,小儿急性胰腺炎
3399,乳糜腹
3400,彼得潘综合征
3401,麻痹性痴呆
3402,汗腺癌
3403,鼻咽纤维血管瘤
3404,桡骨骨折
3405,零号病人
3406,颈动脉窦综合征
3407,小儿急性肾小球肾炎
3408,急性甲状腺炎
3409,附红细胞体病
3410,急性出血性坏死性肠炎
3411,软骨母细胞瘤
3412,成人牙周炎
3413,间质性肺疾病
3414,鹦鹉热
3415,下颌后缩
3416,下肢静脉血栓形成
3417,鼻前庭囊肿
3418,睾丸女性化综合征
3419,肾上腺危象
3420,内翻性乳头状瘤
3421,贝尔麻痹
3422,职业黑变病
3423,颚口线虫病
3424,肠息肉病
3425,小儿神经管畸形
3426,原发性心脏肿瘤
3427,肾实质性高血压
3428,肾胚胎瘤
3429,膝关节内侧副韧带断裂
3430,慢性蝶窦炎
3431,尿毒症性心包炎
3432,小颌畸形综合征
3433,轻链病与轻链沉积病
3434,结肠脂肪瘤
3435,真性小眼球
3436,消化道憩室病
3437,周围动脉栓塞
3438,小儿烧伤
3439,陶瓷样胆囊
3440,妊娠合并白血病
3441,肠扭转综合征
3442,出血性输卵管炎
3443,先天性食管狭窄
3444,甲状腺结核
3445,十二指肠瘘
3446,脾脓肿
3447,绿猴病
3448,13-三体综合征
3449,克雅病
3450,新生儿Rh血型不合溶血病
3451,梅毒性巩膜炎
3452,小儿窦性心动过缓
3453,结核性宫颈炎
3454,癌性神经肌病
3455,嗜麦芽黄单胞菌肺炎
3456,缺血性肝炎
3457,颞骨岩部炎
3458,奎宁中毒
3459,面部偏侧萎缩
3460,咽部灼伤
3461,视网膜色素上皮炎
3462,红细胞生成性原卟啉病
3463,小儿46-XY单纯性腺发育不全综合征
3464,肺毛霉病
3465,麻风性葡萄膜炎
3466,小儿腹股沟疝
3467,赤脉传睛
3468,耳部恶性肿瘤
3469,血管损伤
3470,皮肤白血病
3471,胃、十二指肠溃疡穿孔
3472,气管、支气管狭窄
3473,蚕蚀性角膜溃疡
3474,泌尿生殖系滴虫病
3475,额颞叶痴呆
3476,低钾血症肾病
3477,加速性房性逸搏心律
3478,多睾症
3479,胸内甲状腺肿
3480,皮痹
3481,单心房
3482,直肠子宫内膜异位症
3483,弓形体脑病
3484,溢泪症
3485,先天性后鼻孔闭锁
3486,外阴乳头状瘤
3487,先天性肿瘤
3488,直肠阴道瘘
3489,阑尾肿瘤
3490,噤口痢
3491,肝小静脉闭塞症
3492,板层状鱼鳞病
3493,遗忘综合征
3494,进行性脊肌萎缩症
3495,阿片类药物中毒
3496,急性化脓性腹膜炎
3497,足窍阴
3498,屈光不正性弱视
3499,中枢神经细胞瘤
3500,脾胃失调
3501,面瘫后遗症
3502,肝血虚
3503,广场恐惧症
3504,踝关节骨折
3505,石棉状糠疹
3506,肱骨骨折
3507,脑动脉硬化症
3508,声带白斑
3509,耳疔
3510,疱疹样湿疹
3511,真菌性角膜溃疡
3512,胸椎间盘突出症
3513,乙醇中毒
3514,口腔单纯性疱疹
3515,骨炎
3516,原发性腹膜炎
3517,Marfan综合征
3518,贾第虫病
3519,先天性脊柱侧凸
3520,肺念珠菌病
3521,强迫型人格障碍
3522,胰岛素瘤
3523,二次元禁断综合征
3524,小儿肠套叠
3525,间歇性外斜视
3526,皮角
3527,少阴病
3528,骶尾部畸胎瘤
3529,妊娠合并缺铁性贫血
3530,踝部急性韧带损伤
3531,手足发绀症
3532,涎腺癌
3533,新生儿低血糖症
3534,髌骨不稳定
3535,副溶血性弧菌食物中毒
3536,遗传性痉挛性截瘫
3537,宫颈妊娠
3538,吸收不良综合征
3539,脚气病性心脏病
3540,小儿高血压
3541,隐斜视
3542,地方性砷中毒
3543,胰岛功能性β细胞瘤
3544,脑血吸虫病
3545,骨与关节结核
3546,流感嗜血杆菌肺炎
3547,水疥
3548,先天性风疹综合征
3549,血吸虫尾蚴性皮炎
3550,恶性萎缩性丘疹病
3551,对称性进行性红斑角化症
3552,桡神经麻痹
3553,踝关节软骨损伤
3554,先天性肾病综合征
3555,限制型心肌病
3556,尘螨过敏性哮喘
3557,先天性肠旋转不良
3558,滴虫性外阴炎
3559,颜面部疖痈
3560,单纯疱疹性脑炎
3561,急性动脉栓塞
3562,股骨骨折
3563,胸骨骨折
3564,硬脑膜下血肿
3565,牙釉质发育不全
3566,感染性关节炎
3567,慢性干燥性鼻炎
3568,药物性肝病
3569,桡骨下端骨折
3570,指节垫
3571,颧骨骨折
3572,干酪性鼻炎
3573,胆汁淤积性黄疸
3574,卵巢冠囊肿
3575,联合瓣膜病变
3576,先天性多发性关节挛缩症
3577,选择性IgA缺乏症
3578,肺寄生虫病
3579,外阴恶性黑色素瘤
3580,类鼻疽
3581,全身化脓性感染
3582,鼻孢子虫病
3583,脉络膜血管瘤
3584,咽部异感症
3585,小儿脑震荡
3586,肠病性肢端皮炎
3587,阴部神经干痛
3588,尤因肉瘤
3589,姜片虫病
3590,指骨骨折
3591,化学烧伤
3592,咽部乳头状瘤
3593,左后分支传导阻滞
3594,火激红斑
3595,变应性皮肤血管炎
3596,乳头状腺瘤
3597,心火上炎
3598,外阴硬化性苔藓
3599,虹膜角膜内皮综合征
3600,咽喉部烧伤及化学伤
3601,开牙合畸形
3602,结肠息肉和息肉病
3603,坐骨疝
3604,心脏脂肪瘤
3605,潜水性内耳损伤
3606,溶血性链球菌性坏疽
3607,肾旋转异常
3608,遗传性高尿酸血症
3609,糖原贮积病Ⅱ型
3610,外伤性骨化性肌炎
3611,间歇性眼球突出症
3612,急性化脓性脊髓炎
3613,气管及支气管发育障碍
3614,腹腔动脉压迫综合征
3615,肺荚膜组织胞浆菌病
3616,婴儿型黑蒙性痴呆
3617,化脓性葡萄膜炎
3618,经行失眠
3619,肾血管畸形与压迫
3620,多中心性网状组织细胞增生症
3621,粒性白细胞缺乏性咽峡炎
3622,骨软骨瘤病
3623,药物相关性青光眼
3624,颅内肿瘤性出血
3625,遗传性多发性骨软骨瘤
3626,剥脱综合征
3627,外阴克罗恩病
3628,风湿性边缘性红斑
3629,多肌腱末端病
3630,钾缺乏症
3631,脆甲症
3632,舌甲状腺
3633,中心性软骨肉瘤
3634,先天性小肠闭锁和肠狭窄
3635,特发性心室颤动
3636,阴道平滑肌肉瘤
3637,视束病变
3638,眼睑恶性黑色素细胞肿瘤
3639,寄生虫性尿路感染
3640,囊腺癌
3641,进行性对称性红斑角皮症
3642,精囊恶性肿瘤
3643,特发性癫痫综合征
3644,前庭大腺癌
3645,单侧肾缺如
3646,真菌过敏症
3647,异色性虹膜睫状体炎
3648,儿童遗粪症
3649,韧带样型纤维瘤病
3650,瘢痕性类天疱疮
3651,完全性大动脉错位
3652,嗜酸细胞增多性非变态反应性鼻炎
3653,A-V综合征
3654,立克次体痘
3655,成人脐疝
3656,呼吸道异物
3657,心肌梗塞并发左心室室壁瘤
3658,下丘脑错构瘤
3659,低温症
3660,五更泄泻
3661,流行性出血性结膜炎
3662,断指再植
3663,中耳癌
3664,脊柱骨折
3665,高原脑水肿
3666,咽喉异物
3667,Rh血型不合
3668,成人多囊肾
3669,颅骨纤维异常增生症
3670,α1-抗胰蛋白酶缺乏症
3671,膝关节脱位
3672,燥湿化痰
3673,言语障碍
3674,手足徐动症
3675,垂体危象
3676,颈静脉球瘤
3677,纵隔炎
3678,颅内脂肪瘤
3679,股骨髁骨折
3680,男性青春期乳房发育
3681,烧伤休克
3682,小儿先天性胆管扩张症
3683,肺炎性假瘤
3684,疣状表皮发育不良
3685,适应障碍
3686,新生儿化脓性脑膜炎
3687,线粒体病
3688,婴儿猝死综合症
3689,巨细胞动脉炎
3690,血管球瘤
3691,电烧伤
3692,乳腺结核
3693,农民肺
3694,慢性黏膜皮肤念珠菌病
3695,新生儿低钙血症
3696,女性尿漏
3697,内隐斜
3698,胫骨髁骨折
3699,眼睑闭合不全
3700,急性感染性心内膜炎
3701,硬脑膜外血肿
3702,剥脱性骨软骨炎
3703,肠系膜上动脉压迫综合征
3704,Galeazzi骨折
3705,认知障碍康复
3706,妄想阵发
3707,四肢血管损伤
3708,外阴疖病
3709,耳源性脑脓肿
3710,荨麻疹型药疹
3711,外阴中肾管囊肿
3712,中叶综合征
3713,新生儿肝炎综合征
3714,肝着
3715,咽后脓肿
3716,脂质沉积性肌病
3717,肱骨头骨折
3718,SAPHO综合征
3719,巴尔通体病
3720,骨旁骨肉瘤
3721,眼睑基底细胞癌
3722,胃切除后吸收不良综合征
3723,表层巩膜炎
3724,脊柱转移性肿瘤
3725,寰椎骨折
3726,闭孔疝
3727,共同性内斜视
3728,Plummer-Vinson综合征
3729,小儿窦性心动过速
3730,气压创伤性中耳炎
3731,涎腺混合瘤
3732,雅司病
3733,中心性渗出性脉络膜视网膜病变
3734,嵌顿性腹股沟斜疝
3735,原发性青少年型青光眼
3736,永存原始玻璃体增生症
3737,原发性甲状旁腺机能亢进症
3738,低眼压性青光眼
3739,化脓性眼内炎
3740,毛囊性鱼鳞病
3741,产科休克
3742,心内膜弹性纤维增生症
3743,纵隔脓肿
3744,颌面部淋巴管瘤
3745,肾动脉闭塞
3746,热带口炎性腹泻
3747,碱性磷酸钙结晶沉积病
3748,胰腺真性囊肿
3749,特发性阻塞性细支气管炎伴机化性肺炎
3750,视交叉病变
3751,泌尿生殖系支原体感染
3752,原发性小肠溃疡
3753,肺闭喘咳
3754,胃气虚证
3755,小儿肺泡性蛋白沉积症
3756,肺淀粉样变性
3757,球形肺炎
3758,外伤性脑脊液漏
3759,椎间隙感染
3760,子宫颈平滑肌瘤
3761,小儿呼吸道合胞病毒肺炎
3762,蟹睛
3763,胡桃夹食管
3764,房室管畸形
3765,皮肤淋巴细胞瘤
3766,新生儿晚期代谢性酸中毒
3767,柯萨奇病毒疹
3768,髓内肿瘤
3769,放射性甲状腺炎
3770,特发性非硬化性门脉高压综合征
3771,片形吸虫病
3772,泪腺混合瘤
3773,外阴纤维瘤
3774,脑静脉畸形
3775,外阴黑色素瘤
3776,新生儿心律失常
3777,厌氧菌肺炎
3778,Stargardt病
3779,半椎体畸形
3780,圆翳内障
3781,遗传性乳腺癌
3782,乳房单纯囊肿
3783,肉芽肿性前列腺炎
3784,油漆皮炎
3785,足菌肿
3786,脑桥中央髓鞘溶解症
3787,急性肺脓肿
3788,儿童抽动障碍
3789,淋菌性结膜炎
3790,过敏性阴道炎
3791,肥厚性咽炎
3792,特发性肺纤维化
3793,清热药
3794,无排卵型功能失调性子宫出血
3795,缺血性视神经病变
3796,利什曼病
3797,变异型心绞痛
3798,三房心
3799,史-约综合征
3800,显微镜下多血管炎
3801,小儿葡萄糖-6-磷酸脱氢酶缺乏症
3802,曲霉病
3803,血管周细胞瘤
3804,原发性青光眼
3805,化妆品皮炎
3806,痉挛性脑瘫
3807,鳃裂瘘管
3808,输尿管损伤
3809,隐球菌病
3810,门静脉海绵样变
3811,小儿室间隔缺损
3812,子宫发育异常
3813,泪腺炎
3814,宫颈浸润癌
3815,军团菌病
3816,会阴裂伤
3817,十二指肠类癌
3818,肠痈
3819,脊髓性肌萎缩症
3820,肱骨髁间骨折
3821,五软
3822,类肺炎性胸腔积液
3823,铋中毒
3824,中毒性肾病
3825,女性尿道癌
3826,手部神经损伤
3827,慢性皮肤黏膜念珠菌病
3828,弥漫性外耳道炎
3829,单纯性肛瘘
3830,跖骨疲劳性骨折
3831,左心房心律
3832,纤维性骨炎
3833,肾动脉瘤
3834,椎管内脊膜瘤
3835,冠状病毒感染
3836,肠系膜肿瘤
3837,肾上腺意外瘤
3838,造口旁疝
3839,妊娠合并肺结核
3840,掌指关节脱位
3841,侧脑室肿瘤
3842,成骨细胞瘤
3843,尾痛症
3844,十二指肠静脉曲张
3845,睑球粘连
3846,小儿尿崩症
3847,鼻石
3848,周围动脉瘤
3849,腕关节结核
3850,暴发性痤疮
3851,胰腺囊腺癌
3852,手外伤康复
3853,桡骨颈骨折
3854,长Q-T间期综合征
3855,二尖瓣环钙化
3856,原发性骨髓纤维化症
3857,小儿低血糖症
3858,郎-奥韦综合征
3859,淋病合并症精囊炎
3860,儿童期情绪障碍
3861,系统性红斑狼疮性关节炎
3862,虚喘
3863,原发性骨髓纤维化
3864,外阴白化病
3865,伤寒与副伤寒
3866,过敏性血管炎
3867,外伤后颅内积气
3868,妊娠合并生殖器疱疹
3869,肘外翻畸形
3870,椎间盘钙化症
3871,小网膜囊疝
3872,麻疹病毒肺炎
3873,肱骨小头骨折
3874,鼻中隔脓肿
3875,颈部脊髓损伤
3876,心咳
3877,旅途精神病
3878,流痰
3879,妊娠合并巨细胞病毒感染
3880,原发性腮腺淋巴瘤
3881,三尖瓣下移畸形
3882,腹腔妊娠
3883,非洲锥虫病
3884,口腔颌面部肿瘤
3885,急性高原病
3886,结核性心包炎
3887,白线疝
3888,慢性胆管炎
3889,急性化脓性扁桃体炎
3890,子宫平滑肌瘤
3891,先兆临产
3892,非酒精性脂肪性肝病
3893,颌骨囊肿
3894,急性细菌性前列腺炎
3895,卵巢黏液性肿瘤
3896,腹裂
3897,恶性脑膜瘤
3898,红斑增生病
3899,大网膜肿瘤
3900,小儿传染性单核细胞增多症
3901,硬化性骨髓炎
3902,特发性脊柱侧凸
3903,史密斯骨折
3904,注意缺陷障碍
3905,急性乳突炎
3906,葡萄球菌性食物中毒
3907,头部单纯糠疹
3908,x综合征
3909,血胸
3910,脐带脱垂
3911,心理应激
3912,氟骨症
3913,前牙深覆盖
3914,胃纳呆滞
3915,黄曲霉毒素中毒
3916,风邪致病
3917,绿色瘤
3918,气不足
3919,乙型肝炎病毒相关性肾炎
3920,小儿心律失常
3921,原发性甲状腺恶性淋巴瘤
3922,婴儿猝死综合征
3923,上腔静脉受压综合征
3924,先天性髋内翻
3925,创伤性肘关节炎
3926,大泡性角膜病变
3927,先天性主动脉弓畸形
3928,血管活性肠肽瘤
3929,成神经细胞瘤
3930,痰疟
3931,食管结核
3932,非骨化性纤维瘤
3933,高危儿
3934,急惊风
3935,维生素D中毒症
3936,男性生殖器畸形
3937,痉病
3938,颌骨骨折
3939,食管贲门黏膜撕裂综合征
3940,水痘肺炎
3941,时行感冒
3942,史蒂文斯-约翰逊综合征
3943,痿病
3944,失用症
3945,胃扭转
3946,单纯性肾囊肿
3947,肝肺综合征
3948,毛滴虫病
3949,哮喘持续状态
3950,腹膜转移癌
3951,慢性颌下腺炎
3952,泌尿生殖系统支原体感染
3953,肾上腺素中毒
3954,肺咳
3955,孕期痔疮
3956,牙列稀疏
3957,放射性损伤
3958,荚膜组织胞浆菌病
3959,鞍结节脑膜瘤
3960,咽旁脓肿
3961,疣状癌
3962,原发性阿米巴脑膜脑炎
3963,手部屈指肌腱损伤
3964,青春期前痤疮
3965,小儿充血性心力衰竭
3966,慢性肥厚性咽炎
3967,卫气营血辨证
3968,睾丸损伤
3969,阴道鳞状上皮癌
3970,眼丹
3971,电光性眼炎
3972,十二指肠腺癌
3973,胸壁结核
3974,继发性青光眼
3975,放射性食管炎
3976,低位肛瘘
3977,蛔虫性肠梗阻
3978,淋巴丝虫病
3979,小儿厌食
3980,惠普尔病
3981,小儿动脉导管未闭
3982,产后精神病
3983,脾脏原发性恶性肿瘤
3984,先天性直肠肛门畸形
3985,链球菌肺炎
3986,缺铁性吞咽困难
3987,新生儿流行性腹泻
3988,后十字韧带损伤
3989,特发性低促性腺激素性性腺功能减退
3990,人类T淋巴细胞病毒感染
3991,髌腱断裂
3992,胃平滑肌肉瘤
3993,疫毒痢
3994,眼眶皮样囊肿
3995,红蝴蝶疮
3996,男性生殖腺机能减退症
3997,风热犯肺
3998,肺损伤
3999,咳嗽晕厥综合征
4000,肿瘤预防
4001,小儿关节过度活动综合征
4002,脑动脉硬化伴发的精神障碍
4003,急性脑内血肿
4004,光线性角化病
4005,左房恶性黏液瘤
4006,非结核性分枝杆菌病
4007,Maffucci综合征
4008,脱屑性间质性肺炎
4009,视网膜血管瘤
4010,妊娠合并肾病综合征
4011,感染性湿疹
4012,玻璃体猪囊虫病
4013,脑室内脑膜瘤
4014,原发性肠系膜肿瘤
4015,卵巢残余综合征
4016,酒精中毒性肌病
4017,紫绀-杵状指-肝病综合征
4018,老年人甲状腺癌
4019,皲裂疮
4020,恶性高血压性小动脉性肾硬化
4021,肠气囊肿病
4022,大疱类天疱疮
4023,姿态性腰腿痛
4024,婴儿肌纤维瘤病
4025,成软骨细胞瘤
4026,肥胖性生殖无能综合征
4027,复发性无菌性脑膜炎
4028,结肠扭转
4029,隐匿型乳腺癌
4030,外伤后低颅压综合征
4031,眼眶肉瘤
4032,硬脑膜下脓肿
4033,卵巢恶性腹膜间皮瘤
4034,先天性全丙种球蛋白低下血症
4035,胸导管损伤
4036,股骨大粗隆结核
4037,类固醇肌病
4038,先天性桡骨缺如
4039,十二指肠白点综合征
4040,胸椎椎管狭窄症
4041,原发性卵巢类癌综合征
4042,Becker痣
4043,新生儿肺气漏
4044,咽部机械性创伤
4045,地霉菌病
4046,白色海绵状痣
4047,静止性淋巴细胞性甲状腺炎
4048,表皮葡萄球菌肺炎
4049,眼睑热性疱疹
4050,皮肤幼虫移行症
4051,眼眶神经鞘瘤
4052,儿童类风湿病
4053,透析性骨关节病
4054,先天性胫骨缺如
4055,小儿骨软骨瘤
4056,多形性脂肪瘤
4057,医源性胆管损伤
4058,肠道蛔虫症
4059,颅内黑色素瘤
4060,特发性室性心动过速
4061,太阳中风
4062,急性海绵窦栓塞性静脉炎
4063,散发性克汀病
4064,枢椎椎体骨折
4065,丹毒丝菌病
4066,锤状趾、槌状趾、爪形趾
4067,神经系统遗传病
4068,血管性帕金森综合征
4069,输尿管结核
4070,结核性脊髓炎
4071,蝶骨嵴脑膜瘤
4072,肝上皮样血管内皮细胞瘤
4073,碘致甲状腺功能亢进
4074,妊娠合并卵巢肿瘤
4075,眼眶脂肪瘤
4076,小儿X-连锁淋巴组织增生性疾病
4077,非细菌性血栓性心内膜炎
4078,皮下裂头蚴病
4079,风湿病性贫血
4080,少年性椎体骨软骨病
4081,弯曲菌肠炎
4082,先天性肩关节脱位
4083,椒疮
4084,苯海拉明中毒
4085,先天性主动脉瓣窦动脉瘤破裂
4086,肩峰骨折
4087,节段性透明性血管炎
4088,晶体异位和脱位
4089,肝错构瘤
4090,网状细胞肉瘤
4091,弹响肩胛
4092,心包肿瘤
4093,左心发育不良
4094,肝郁化火证
4095,巨大肥厚性胃炎
4096,阴茎海绵体破裂
4097,乙状窦血栓性静脉炎
4098,裂沟舌
4099,乳发
4100,小儿胆道蛔虫症
4101,肘关节结核
4102,无症状性血尿或（和）蛋白尿
4103,肥大性龈炎
4104,外源性光感性皮炎
4105,埃莱尔-当洛综合征
4106,Poncet综合征
4107,小儿糖尿病肾病
4108,蓐劳
4109,原发性巨球蛋白血症肾损害
4110,桡骨茎突骨折
4111,先天性腹壁肌肉发育不良
4112,儿童肾病综合征
4113,肝血管肉瘤
4114,胫骨应力骨折
4115,接触性唇炎
4116,血管炎性周围神经病
4117,踝关节不稳
4118,子烦
4119,搏动性眼球突出症
4120,褐黄病性关节炎
4121,神经性肠梗阻综合征
4122,特发性胃肠道嗜酸性细胞浸润综合征
4123,输尿管异位开口
4124,二水焦磷酸钙结晶沉积症
4125,脆弱性骨硬化
4126,老年久病卧床
4127,颈椎椎弓裂
4128,卵巢小细胞癌
4129,先天性肠闭锁
4130,成人硬肿症
4131,梅毒性关节炎
4132,闭经溢乳综合征
4133,口腔颌面部软组织损伤
4134,粪类圆线虫病
4135,士的宁中毒
4136,戒酒综合征
4137,十二指肠损伤
4138,脾良性肿瘤
4139,钠过多
4140,肺疝
4141,静脉曲张综合征
4142,肠杆菌肺炎
4143,多肌炎和皮肌炎
4144,食管肉瘤
4145,小儿郎格罕细胞性组织细胞增生症
4146,强直性脊柱炎性巩膜炎
4147,先天性外展性髋挛缩
4148,非甾体类抗炎药物性肾病
4149,肺弓形体病
4150,小儿海蓝组织细胞增生症
4151,伤口肉毒症
4152,纵隔淋巴结肿大
4153,心肌梗死后心包炎
4154,绝经期尿路感染
4155,高脂蛋白血症Ⅱ型
4156,脊髓性肌肉萎缩
4157,原发性小血管炎性肾损害
4158,水火烫伤
4159,乳痨
4160,手掌深部间隙感染
4161,结缔组织增生性毛发上皮瘤
4162,女子颜面黑变病
4163,烟酸缺乏神经病
4164,原发性骨淋巴瘤
4165,化脓性脊椎炎
4166,丘疹坏死性结核疹
4167,先天性支气管囊肿
4168,沙雷菌肺炎
4169,外伤后脑脂肪栓塞
4170,乳头状汗管囊腺瘤
4171,少枝胶质细胞瘤及间变少枝胶质细胞瘤
4172,单发脑梗死性痴呆
4173,消中
4174,Fuchs角膜内皮营养不良
4175,小儿雄激素不敏感综合征
4176,脉络膜转移癌
4177,胃节律紊乱综合征
4178,血影细胞性青光眼
4179,小儿假肥大型肌营养不良
4180,皮肤骨瘤
4181,涎腺结核
4182,无功能性甲状旁腺囊肿
4183,硬脑膜动静脉畸形
4184,胸椎后纵韧带骨化症
4185,特发性关节痛综合征
4186,肺炎链球菌败血症
4187,十二指肠憩室梗阻性黄疸综合征
4188,小儿干燥综合征
4189,溶组织内阿米巴病
4190,骨干续连症
4191,虹膜黑色素瘤
4192,食管克罗恩病
4193,呼吸系统疾病伴发的精神障碍
4194,小儿疳眼
4195,先天性梅毒性肝硬化
4196,冠状动脉终止异常
4197,发作性嗜睡强食综合征
4198,闭经性头痛
4199,赤丝虬脉
4200,铜绿色假单胞菌脑膜炎
4201,肝纤维板层癌
4202,胃内隔膜
4203,先天性胸骨旁疝
4204,胃肠道癌转移卵巢
4205,家族性良性天疱疮
4206,腱病
4207,儿童学习能力障碍
4208,腘动脉瘤
4209,阴道血吸虫病
4210,阿米巴性宫颈炎
4211,诺沃克类病毒胃肠炎
4212,眼外肌外伤
4213,肠道革兰阴性杆菌脑膜炎
4214,胫后神经损伤
4215,继发性纵隔感染
4216,结节性脂肪坏死
4217,婴儿骨皮质增生症
4218,卵巢功能缺如综合征
4219,小儿骶尾部畸胎瘤
4220,淀粉样变性周围神经病
4221,嗜酸性粒细胞增生性淋巴肉芽肿
4222,口腔颌面部血管瘤
4223,埃及血吸虫病
4224,小儿肾小管性酸中毒
4225,氯丙嗪类药物中毒
4226,先天性椎体畸形
4227,淋菌性直肠炎
4228,肘关节强直
4229,先天性肛门直肠狭窄
4230,小儿脑干胶质瘤
4231,中间葡萄膜炎
4232,结直肠血管瘤
4233,多发脑梗死性痴呆
4234,原发性脾淋巴瘤
4235,小儿分离性焦虑症
4236,肺螨病
4237,后天性三尖瓣关闭不全
4238,吸烟中毒症
4239,痰积
4240,中毒性眩晕
4241,膀胱嗜铬细胞瘤
4242,毛圆线虫病
4243,斑疹伤寒立克次体肺炎
4244,小儿肺动脉高压
4245,先天性心包缺如或缺损
4246,脓窠疮
4247,弗里德赖希共济失调
4248,颈椎黄韧带骨化症
4249,淋巴瘤样肉芽肿
4250,胆源性急性胰腺炎
4251,盘肠气痛
4252,创伤性血胸
4253,手部肌腱损伤
4254,脑型疟疾
4255,化学性眼外伤
4256,失盐性肾炎
4257,苍白球黑质红核色素变性
4258,锡尘肺
4259,眼异物伤
4260,小儿自身免疫性溶血性贫血
4261,亚临床型克汀病
4262,先天性半侧肥大
4263,白血病视网膜病变
4264,小肠纤维瘤
4265,耳郭软骨膜炎
4266,毛细淋巴管瘤
4267,非典型纤维黄色瘤
4268,真菌性关节炎
4269,免疫缺陷者肺炎
4270,持续性输卵管妊娠
4271,小袋纤毛虫病
4272,胆道张力低下综合征
4273,血疸
4274,股神经卡压综合征
4275,自发性血胸
4276,躯体疾病伴发的精神障碍
4277,耳源性脑膜炎
4278,肠石性肠梗阻
4279,放射性心包炎
4280,股骨头骨骺骨软骨病
4281,肩关节不稳定
4282,枢椎椎弓骨折
4283,小儿先天性白细胞颗粒异常综合征
4284,渗出性盘状苔藓样皮炎
4285,眼眶转移性肿瘤
4286,前列腺异位
4287,门脉高压性肠病
4288,冠状动脉异常起源于肺动脉
4289,迂回性线状鱼鳞病
4290,转移性小肠肿瘤
4291,胆固醇肺炎
4292,晶状体脱位所致青光眼
4293,游走性结节性脂膜炎
4294,外伤相关性青光眼
4295,肺球孢子菌病
4296,骨血管内皮细胞瘤
4297,肺动脉发育不全
4298,小儿大动脉转位
4299,先天性红细胞膜病
4300,重度联合免疫缺陷病
4301,新生儿急性肾功能衰竭
4302,黏多糖贮积症Ⅲ型
4303,腹腔肺吸虫病
4304,小儿回盲肠综合征
4305,汉德-许勒尔-克思斯琴病
4306,小儿周围淋巴结结核
4307,致密性骨发育障碍
4308,神经源性角膜炎
4309,拇僵硬
4310,小儿常染色体隐性小脑性共济失调
4311,手部屈指屈肌腱损伤
4312,白血病伴发的精神障碍
4313,急性胃黏膜病变
4314,胸部阿米巴病
4315,先天性小喉
4316,前臂动脉损伤
4317,腮腺隙感染
4318,维生素A缺乏神经病
4319,先天性足副舟骨
4320,金黄色苔藓
4321,心血管疾病伴发的精神障碍
4322,恶性肿瘤所致贫血
4323,泪腺分泌功能减退
4324,急性眼眶蜂窝织炎
4325,类脂性肺炎
4326,Turcot综合征
4327,老年人心房纤颤
4328,大网膜扭转
4329,过敏性支气管肺曲霉病
4330,卵巢泡膜细胞瘤
4331,结肠损伤
4332,特发性息肉样脉络膜血管病变
4333,铍中毒
4334,阴道斜隔
4335,复发性风湿症
4336,着色真菌病
4337,纳尔逊综合征
4338,腰疝
4339,急性细支气管炎
4340,化脓性门静脉炎
4341,足舟状骨骨软骨病
4342,咽肌麻痹
4343,鼻瓣区狭窄
4344,周边葡萄膜炎
4345,骨外软骨肉瘤
4346,先天性主动脉瓣上狭窄
4347,淋巴细胞性脉络丛脑膜炎
4348,多发性内分泌肿瘤综合征Ⅰ型
4349,胆囊管综合征
4350,链杆菌病
4351,肝胆管结石病
4352,黏膜相关淋巴组织淋巴瘤
4353,回盲瓣综合征
4354,梅毒性心脏病
4355,黑痣癌变
4356,药物性肝硬化
4357,叠瓦癣
4358,尿道黏膜脱垂
4359,脊髓前动脉综合征
4360,霍乱样综合征
4361,卵巢纤维组织来源肿瘤
4362,碱烧伤
4363,创伤性鼻中隔穿孔
4364,小儿地中海贫血
4365,特发性面神经瘫痪
4366,中毒性白内障
4367,阴道美丽筒线虫病
4368,棉屑沉着病
4369,眶脑膜瘤
4370,铜绿色假单胞菌肺炎
4371,胃型哮喘
4372,脊柱脊髓伤
4373,卵巢肿瘤破裂
4374,伴有虹膜睫状体炎的继发性青光眼
4375,癫痫发作
4376,急性风湿热肾损害
4377,Ⅳ型超敏反应性疾病
4378,石棉沉着病
4379,外阴银屑病
4380,微小病变型肾病
4381,溺水急救
4382,小肠扭转
4383,精囊结石
4384,骶尾部藏毛窦
4385,着色芽生菌病
4386,胰腺脑病综合征
4387,灼性神经痛
4388,立氏立克次体斑疹热
4389,克拉伯病
4390,幼年型皮肌炎
4391,缺血性肠绞痛
4392,老年人急性感染后肾炎
4393,念珠状发
4394,恙螨皮炎
4395,痛风性心肌病
4396,转移性皮肤钙化病
4397,足拇囊炎
4398,非依赖性物质伴发依赖
4399,羟磷灰石沉积病
4400,女性生殖道多部位原发癌
4401,链球菌性肺炎
4402,手机上网综合症
4403,埃里希体病
4404,急性脑梗死
4405,原发性十二指肠恶性淋巴瘤
4406,脑猪囊尾蚴病
4407,痢疾后综合症
4408,非阵发性交接区性心动过速
4409,眼眶内静脉曲张
4410,小肠血管瘤
4411,西尼罗河热
4412,奥迪括约肌功能异常
4413,下腔静脉后输尿管
4414,肝硬化性肾损害
4415,婴儿青铜综合征
4416,阴茎离断伤
4417,焦虑神经症
4418,小儿急性出血性坏死性肠炎
4419,肿瘤性心包炎
4420,神经节苷脂沉积病
4421,网膜肿瘤
4422,烧伤脓毒症
4423,咽部神经鞘膜瘤
4424,胃神经纤维瘤
4425,主-肺动脉隔缺损
4426,多发性一过性白点综合征
4427,乳泣
4428,颅底陷入症
4429,多源性房性心动过速
4430,男性生殖器外伤
4431,食物过敏性哮喘
4432,布氏杆菌性关节炎
4433,胃肠道伴癌综合征
4434,浓缩胆汁综合征
4435,盆底综合征
4436,药物性心肌病
4437,胃肠道癌
4438,黏液腺癌
4439,致死性肝内胆汁淤积综合征
4440,弹性假黄瘤
4441,移行脊椎
4442,眼眶非霍奇金恶性淋巴瘤
4443,脊髓内脓肿
4444,瘰疬性皮肤结核病
4445,胸与腰椎爆裂骨折
4446,先天性声带发育不良
4447,肠系膜上动脉血栓形成
4448,舌骨骨折
4449,颅后窝室管膜瘤
4450,脂性渐进性坏死
4451,肠道血管畸形
4452,非霍乱弧菌感染
4453,毛发腺瘤
4454,外阴恶性淋巴瘤
4455,嵌杯样病毒胃肠炎
4456,胃肠道外瘘
4457,小儿系统性红斑狼疮
4458,周围性软骨肉瘤
4459,黏液癌
4460,小儿肝衰竭
4461,小儿丙型病毒性肝炎
4462,损伤性动静脉瘘
4463,小儿韦格纳肉芽肿
4464,房室交接区逸搏和逸搏心律
4465,外阴丹毒
4466,麦格综合征
4467,先天性副肌强直症
4468,升主动脉瘤
4469,黄斑裂孔性视网膜脱离
4470,艾滋病导致的肺结核
4471,血灌瞳神
4472,精索恶性肿瘤
4473,绝经后骨质疏松症
4474,三尖瓣闭锁不全
4475,眼烧伤
4476,小儿伯-韦综合征
4477,肢骨纹状肥大
4478,鸟枪弹样视网膜脉络膜病变
4479,单纯性脊柱结核
4480,复孔绦虫病
4481,糖尿病并发泌尿系感染
4482,旋转带肌腱炎
4483,结缔组织性肠炎
4484,胼胝体进行性变性
4485,急性脂肪皮肤硬化症
4486,眼类肉瘤病
4487,婴幼儿外阴阴道炎
4488,急性和亚急性硬脑膜下血肿
4489,小肠重复畸形
4490,慢性盆腔结缔组织炎
4491,弥漫性特发性骨肥厚
4492,腰骶部脂肪疝
4493,持久性隆起性红斑
4494,高度房室传导阻滞
4495,皮下脂质肉芽肿病
4496,单纯性肺嗜酸粒细胞浸润症
4497,重症肌无力样综合征
4498,产力异常性难产
4499,免疫介导性肾脏病
4500,内分泌性眼球突出
4501,妊娠合并淋病
4502,颞骨和下颔骨关节异常
4503,先天性桡骨小头脱位
4504,布卡综合症
4505,冬眠瘤
4506,双向性室性心动过速
4507,支气管肺隔离症
4508,品他病
4509,外阴早期浸润性鳞癌
4510,多发性斑状色素沉着症
4511,克雷白杆菌属感染
4512,线状IgA大疱性皮肤病
4513,外阴蛲虫病
4514,桡骨茎突部狭窄性腱鞘炎
4515,眼眶黏液囊肿
4516,先天性声门下狭窄
4517,神经系统副肿瘤综合征
4518,梅毒肾病
4519,良性淋巴上皮病
4520,男假两性畸形
4521,膀胱鳞状细胞癌
4522,视网膜下新生血管膜
4523,近端肾小管性酸中毒
4524,小儿慢性肾功能衰竭
4525,面肌瘫痪
4526,卵巢宫内膜样肿瘤
4527,手部伸肌腱损伤
4528,上颌后缩
4529,骨包囊虫病
4530,痒点
4531,外阴象皮肿
4532,持续性交接区折返性心动过速
4533,大网膜囊肿
4534,拇指掌指关节尺侧侧副韧带损伤
4535,脊椎结核后突畸形
4536,感染性心内膜炎肾损害
4537,乙型肝炎抗原血症
4538,鼻窦创伤
4539,点状内层脉络膜病变
4540,肌张力障碍综合征
4541,膀胱腺癌
4542,颌周蜂窝织炎
4543,二尖瓣和主动脉瓣的疾患
4544,外阴恶性神经鞘瘤
4545,食管异位组织
4546,晶状体蛋白过敏性青光眼
4547,全植物神经功能不全
4548,视网膜毛细血管血管瘤
4549,小儿高磷酸酶血症
4550,毛囊周围纤维瘤
4551,黏多糖贮积症Ⅱ型
4552,埃布斯坦畸形
4553,拉福拉病
4554,腹壁纤维肉瘤
4555,多灶性脉络膜炎伴全葡萄膜炎
4556,迟发性低丙球血症
4557,结节病性心肌病
4558,化脓性角膜炎
4559,弗郎西丝菌肺炎
4560,小儿神经纤维瘤病
4561,放射性视网膜病变
4562,黑头粉刺样痣
4563,外阴阿米巴病
4564,小儿急性小脑性共济失调
4565,表皮松解性棘皮瘤
4566,鼻旁窦支气管综合征
4567,老年人心脏传导阻滞
4568,营养障碍性多发性神经病
4569,热带痉挛性轻截瘫
4570,蜘蛛指（趾）
4571,间歇依赖型尖端扭转型室性心动过速
4572,戈登综合征
4573,爆裂性眼眶骨折
4574,心包囊肿与心包憩室
4575,焦油性黑变病
4576,先天性静脉畸形肢体肥大综合征
4577,同步放化疗
4578,咽部瘢痕狭窄
4579,窦性期前收缩
4580,平滑骨肉瘤
4581,颌面部放线菌病
4582,脊柱裂和有关畸形
4583,新生儿消化道重复症
4584,幼年型疱疹样皮炎
4585,小儿获得性免疫缺陷综合征
4586,主动脉弓综合征视网膜病变
4587,黏脂贮积症Ⅲ型
4588,稻农皮炎
4589,原发性皮肤免疫细胞瘤
4590,外阴恶性颗粒细胞瘤
4591,小儿范科尼综合征
4592,埃利希体病
4593,急性侵袭型肺曲霉病
4594,胰胆汁综合征
4595,心包间皮瘤
4596,颅面裂畸形
4597,过敏性肉芽肿性血管炎相关巩膜炎
4598,非典型分枝杆菌性巩膜炎
4599,痴呆伴发精神行为障碍
4600,卫氏并殖吸虫病
4601,放射性心脏损害
4602,钩虫皮炎
4603,自发性脑室内出血
4604,肾上腺髓质增生
4605,颏下间隙感染
4606,单纯肾异位
4607,红斑性肢痛病
4608,阿司匹林诱发哮喘
4609,肝著
4610,阴道转移性肿瘤
4611,小儿黑酸尿综合征
4612,风牵偏视
4613,遗传性乳光牙本质
4614,痛性肥胖病
4615,眼外肌发育不全
4616,外阴结核
4617,疟疾肾病
4618,跟骨骨骺骨软骨病
4619,妊娠合并肝硬化
4620,等孢球虫病
4621,淋巴管肉瘤
4622,小儿腺苷脱氨酶缺乏
4623,颈椎双侧关节突关节脱位
4624,心房心肌梗死
4625,外伤性乳房脂肪坏死
4626,小儿人类细小病毒B19感染
4627,横膈下结肠嵌入综合征
4628,多内分泌腺自身免疫综合征
4629,消散延迟性肺炎
4630,妊娠合并急性肾小球肾炎
4631,糖原贮积病Ⅰ型
4632,胆源性慢性胰腺炎
4633,镁过多症
4634,胆道运动功能障碍综合征
4635,男子乳房发育症
4636,辐射性白内障
4637,小儿脆性X染色体
4638,腘血管陷迫综合征
4639,高致病性人禽流感病毒肺炎
4640,固定性斜视
4641,遗传性运动失调性多发性神经炎
4642,遗传性肾病
4643,结核性苔藓
4644,炎症肠病性关节炎
4645,室性并行心律及室性并行心律性心动过速
4646,月骨脱位及月骨周围脱位
4647,咽血管畸形
4648,结直肠家族性息肉病
4649,急性化脓性睾丸炎
4650,宫颈微小型浸润癌
4651,腹主动脉血栓形成综合征
4652,面神经瘤
4653,急性发热性嗜中性皮病
4654,嗜酸性腺瘤
4655,喉气囊肿
4656,旋前圆肌综合征
4657,桡骨干骨折
4658,涎瘘
4659,妊娠合并癫痫
4660,皮肤阿米巴病
4661,暴痢
4662,先天性喉蹼
4663,包涵体性结膜炎
4664,骨硬化病
4665,创伤性膈疝
4666,小儿急性肾功能衰竭
4667,酸烧伤
4668,非寄生虫性肝囊肿
4669,双眼上斜肌麻痹
4670,小儿先天性膈疝
4671,外伤性颈内动脉海绵窦瘘
4672,先天性二尖瓣畸形
4673,早期婴儿型癫痫性脑病
4674,药物性食管炎
4675,腰椎小关节不稳症
4676,纹状体黑质变性
4677,尺桡骨干双骨折
4678,鼓膜外伤
4679,帽状腱膜下脓肿
4680,肾嗜酸细胞瘤
4681,多发性消化道息肉综合征
4682,脑缺血性疾病
4683,Alagille综合征
4684,酸碱灼伤
4685,主动脉瓣膜部狭窄
4686,外阴脂肪瘤
4687,异位急性阑尾炎
4688,小儿原发性肾病综合征
4689,心脏横纹肌瘤
4690,原发性鼻腔淋巴瘤
4691,自体敏感性湿疹
4692,胫后神经痛
4693,产后喘促
4694,巨大裂孔性视网膜脱离
4695,抗体免疫缺陷病
4696,胆咳
4697,先天性视网膜劈裂症
4698,马桑果中毒
4699,先天性胸腹裂孔疝
4700,无骨折脱位型颈脊髓损伤
4701,弥漫性筋膜炎
4702,脊髓纵裂
4703,胫骨内髁骨软骨病
4704,股动脉损伤
4705,亚急性硬膜外血肿
4706,小儿睾丸扭转
4707,产褥中暑
4708,无功能垂体腺瘤
4709,混合性厌氧菌感染
4710,小儿先天性主动脉瓣狭窄
4711,左心室双出口
4712,大脑凸面脑膜瘤
4713,电弧烧伤
4714,中青年脑梗死
4715,肠侵袭性大肠埃希杆菌感染
4716,后牙反牙合
4717,闭合性脊髓损伤
4718,外阴卡波西肉瘤
4719,小肠过敏性紫癜
4720,环状外阴炎
4721,加利福尼亚脑炎
4722,妊娠合并血栓性疾病
4723,巨膀胱-小结肠-肠蠕动不良综合征
4724,舌咽神经损伤
4725,小儿低血糖
4726,肩部骨折
4727,枕叶肿瘤
4728,孤立性直肠溃疡综合征
4729,小儿肌性斜颈
4730,进行性面偏侧萎缩症
4731,脊椎结核并发窦道
4732,委内瑞拉马脑炎
4733,小螺菌感染
4734,老年人正常压力脑积水
4735,常染色体隐性遗传性脑动脉病及动脉硬化伴皮质下梗死及白质脑病
4736,输卵管癌三联症
4737,急性非特异性睾丸炎
4738,新生儿糖尿病
4739,胸降主动脉动脉瘤
4740,神经鞘源性肿瘤
4741,骨神经纤维瘤
4742,颞间隙感染
4743,消化道重复畸形
4744,原发性胃淋巴瘤
4745,慢性乳头状溃疡性脓皮病
4746,无脉络膜症
4747,婴幼儿上颌骨骨髓炎
4748,黄杆菌肺炎
4749,肝紫癜病
4750,梭形细胞脂肪瘤
4751,项痹
4752,绝经与阿尔茨海默病综合征
4753,束支折返性室性心动过速
4754,卵巢恶性中胚叶混合瘤
4755,神经系统结节病
4756,颈椎小关节创伤性退变性关节炎
4757,乳腺神经纤维瘤
4758,小儿结核性胸膜炎
4759,妊娠合并尿石症
4760,短膜壳绦虫病
4761,小儿慢性骨髓炎
4762,淋巴管肌瘤病
4763,大疱性表皮松解坏死型药疹
4764,眶骨髓炎
4765,眼眶真菌病
4766,医源性多毛症
4767,莱特雷尔-西韦病
4768,类脂质蛋白沉积症
4769,农药中毒性肾病
4770,诺卡菌性巩膜炎
4771,小儿巴德-吉亚利综合征
4772,强直性脊柱炎伴发葡萄膜炎
4773,高脂蛋白血症Ⅳ型
4774,手指老年骨性关节炎
4775,肺泡通气低下综合征
4776,脑膜炎奈瑟菌肺炎
4777,旋转隐斜
4778,胃隔膜
4779,裂头绦虫病
4780,眼球震颤阻滞综合征
4781,房性心动过速伴房室传导阻滞
4782,茶毛虫皮炎
4783,单发性毛鞘瘤
4784,小儿囊性纤维性变
4785,持续性性兴奋综合征
4786,髂腹股沟神经干痛
4787,妊娠合并类风湿关节炎
4788,小儿继发性血小板增多症
4789,周期性内斜视
4790,异常子宫出血
4791,肠毒性大肠埃希杆菌感染
4792,小儿右室双出口
4793,外阴鳞状细胞浸润癌
4794,跗骨与周围关节结核
4795,小儿莫拉雷脑膜炎
4796,小儿淋巴样息肉
4797,儿童特发性高钙尿症
4798,弧菌感染
4799,直接型颈动脉海绵窦瘘
4800,皮克病性痴呆
4801,皮肤淋巴肉芽肿病
4802,小儿乳糜泻
4803,前骨间神经卡压综合征
4804,柯兴综合征
4805,小儿一氧化碳中毒
4806,肾上腺皮质功能异常伴发的精神障碍
4807,小儿肺炎链球菌脑膜炎
4808,肌阵挛性小脑协调障碍
4809,寰枢椎旋转脱位固定
4810,肺孢子丝菌病
4811,原发性气管肿瘤
4812,反射性躯体神经病
4813,卵黄状黄斑营养不良
4814,单纯性寰枢椎脱位
4815,变性近视的脉络膜萎缩
4816,小儿肝豆状核变性
4817,小儿脾大
4818,原发性皮肤淀粉样病变
4819,胸腹壁血栓性静脉炎
4820,颈丛神经卡压症
4821,慢性单纯外伤性腰腿痛
4822,小儿汞中毒
4823,毛囊漏斗部肿瘤
4824,可变性红斑角化病
4825,福克斯-阜太斯病
4826,佩吉特病样网状细胞增生症
4827,脊髓梅毒
4828,胸骨裂
4829,妊娠合并硬皮病
4830,先天性囊状腺样畸形
4831,继发性单克隆免疫球蛋白病
4832,出血性休克和脑病综合征
4833,胆囊平滑肌肉瘤
4834,咽部狼疮
4835,尺管综合征
4836,疣状血管瘤
4837,胰腺肉瘤
4838,缺血性视盘病变
4839,糖原贮积病Ⅴ型
4840,肠道感染后反应性关节炎
4841,回旋形线状鱼鳞病
4842,黏液性水肿
4843,微小核糖核酸病毒性角膜炎
4844,结节性多动脉炎性巩膜炎
4845,妊娠期肝血肿及破裂
4846,Ⅰ型免疫母细胞性淋巴腺病
4847,小儿X-连锁严重联合免疫缺陷病
4848,青年上肢远端肌萎缩
4849,组织细胞吞噬性脂膜炎
4850,物理性变应性
4851,儿童原发性肾病综合征
4852,外阴天疱疮
4853,小儿血管角质瘤综合征
4854,三叉神经营养性损害
4855,脊髓缺血
4856,残窦综合征
4857,肺嗜酸细胞组织细胞增生症
4858,纵隔非霍奇金恶性淋巴肿瘤
4859,小儿X-连锁高免疫球蛋白M血症
4860,气管闭合性损伤
4861,坐骨神经盆腔出口狭窄症
4862,Kaposi水痘样疹
4863,黏多糖贮积症Ⅰ型
4864,眼眶骨肉瘤
4865,孟乔森综合征
4866,维生素E缺乏神经病
4867,组织细胞增殖症
4868,眶底骨折
4869,股动脉瘤
4870,先天性喉裂
4871,窦室传导
4872,主动脉瓣狭窄合并关闭不全
4873,感应性妄想性障碍
4874,原发性乳腺恶性淋巴瘤
4875,脑室炎
4876,空肠、回肠憩室
4877,神经白塞病
4878,周期性动眼神经麻痹
4879,急性舌扁桃体炎
4880,乳房丝虫病
4881,咽旁间隙感染
4882,妊娠合并肠梗阻
4883,桡骨、尺骨茎突骨折
4884,急进型高血压
4885,白血病性咽峡炎
4886,症状性癫痫综合征
4887,小儿慢性良性中性粒细胞减少症
4888,恶心与呕吐
4889,外阴血管瘤
4890,先天性垂直距骨
4891,小儿变应性鼻炎
4892,阴盛阳衰证
4893,食管瘢痕性狭窄
4894,尺骨干骨折
4895,十二指肠结核
4896,先天性肝纤维化
4897,多发性脑膜瘤
4898,乳腺肉瘤
4899,硬脑膜外脓肿
4900,肝血管平滑肌脂肪瘤
4901,淋巴细胞脉络丛脑膜炎
4902,背部弹力纤维瘤
4903,新生儿皮下坏疽
4904,强碱类中毒
4905,眼睑血管瘤
4906,损伤性休克
4907,幼年性息肉
4908,鼻恶性肉芽肿
4909,小儿颅内肿瘤
4910,小儿髓母细胞瘤
4911,胫腓骨骨干骨折
4912,花粉过敏性哮喘
4913,大脑镰旁脑膜瘤
4914,煎厥
4915,假性甲状旁腺功能减退症
4916,基底细胞腺瘤
4917,爆震性耳聋
4918,先天性高弓足
4919,小儿急性喉、气管、支气管炎
4920,咽部结核
4921,Ⅰ型超敏反应性疾病
4922,肾及输尿管重复畸形
4923,绝经后卵巢恶性肿瘤
4924,闭塞性血栓性脉管炎
4925,骨膜性软骨瘤
4926,距骨骨折脱位
4927,锁牙合
4928,梭状芽胞杆菌伤口感染
4929,小肠类癌
4930,家族性抗维生素D佝偻病
4931,肺疟疾病
4932,肺蛔虫病
4933,椎管内转移性肿瘤
4934,暗色丝孢霉病
4935,点状骨骺发育异常
4936,新生儿高血糖症
4937,阿根廷出血热
4938,颈椎半椎体畸形
4939,外耳部恶性肿瘤
4940,外阴疣状癌
4941,小儿窦性心律失常
4942,高血压病视网膜病变
4943,心脏钝性闭合伤
4944,强脉冲光
4945,弥漫性空回肠溃疡
4946,喉气管瘢痕性狭窄
4947,血劳
4948,膈肌破裂
4949,胃真菌病
4950,毛细血管扩张性共济失调综合征
4951,圆形糠疹
4952,肝外胆管损伤
4953,小儿疱疹性角膜结膜炎
4954,增生性毛根鞘瘤
4955,新生儿肛门和直肠畸形
4956,黏膜白色海绵状痣
4957,睫状体黑色素瘤
4958,小儿先天性侏儒痴呆综合征
4959,畸形性吞咽困难
4960,生长激素释放抑制素瘤
4961,小儿先天性外胚层发育不良综合征
4962,脑性瘫痪综合征
4963,白喉性心肌炎
4964,盲肠扭转
4965,椎管内结核肉芽肿
4966,自身免疫性孕酮性皮炎
4967,妊娠合并慢性肾小球肾炎
4968,五硬
4969,阴道良性肿瘤
4970,先天性心血管疾病
4971,骨放线菌病
4972,弯曲菌性肠炎
4973,甲状旁腺功能亢进性心肌病
4974,小儿慢性胰腺炎
4975,系统性红斑狼疮伴发的葡萄膜炎
4976,职业性硬皮病
4977,先天性肠狭窄
4978,小儿腓骨肌萎缩症
4979,眼外肌猪囊尾蚴病
4980,网膜原发性节段性梗死
4981,甲状旁腺功能异常伴发的精神障碍
4982,小儿肥厚型心肌病
4983,黏多糖贮积症Ⅶ型
4984,后颅窝室管膜瘤
4985,间接型颈动脉海绵窦瘘
4986,肠道病毒所致各系统感染
4987,梅克尔细胞癌
4988,单纯疱疹病毒性巩膜炎
4989,小儿气胸
4990,肺部粪类圆线虫病
4991,非梭状芽胞杆菌肌坏死
4992,先天性胆管囊状扩张
4993,胸内肾
4994,胸壁深部软组织感染
4995,成神经管细胞瘤
4996,急性髓细胞性白血病
4997,获得性视网膜劈裂症
4998,婴儿期短暂性低丙球蛋白血症
4999,小儿黏多糖贮积症
5000,小儿脑膜炎球菌性肾上腺综合征
5001,小儿错畸形
5002,外阴血管外皮细胞瘤
5003,小儿淋巴细胞间质性肺炎
5004,盆腔炎性包块
5005,非线性控制中的L2增益和无源化方法
5006,单眼双上转肌麻痹
5007,原发性旁路性高胆红素血症
5008,小儿房室传导阻滞
5009,米氏链球菌肺炎
5010,胸腺类癌
5011,先天性肺不发育或发育不全
5012,金黄色葡萄球菌性边缘性角膜炎
5013,泛发性扁平黄色瘤
5014,角膜鳞状细胞癌
5015,结核性巩膜炎
5016,食管过短
5017,单房性骨囊肿
5018,小儿口炎
5019,颅内静脉窦闭塞性颅高压
5020,Reis-Bucklers角膜营养不良
5021,小儿白细胞黏附分子缺陷Ⅱ型
5022,彼得异常
5023,小儿发育性角回综合征
5024,合并马蹄肾的腹主动脉瘤
5025,小儿原发性纤毛运动障碍
5026,原发性心脏横纹肌肉瘤
5027,原发性渗出性淋巴瘤
5028,急性全自主神经失调症
5029,间充质软骨肉瘤
5030,椎动脉创伤性栓塞
5031,肾髓质坏死
5032,小儿慢性肾小球肾炎
5033,小儿散发性甲状腺肿
5034,维生素D依赖性佝偻病
5035,外伤后脑膨出
5036,食管穿透性损伤
5037,咽部混合瘤
5038,须部假毛囊炎
5039,副球孢子菌病
5040,胫骨后唇骨折
5041,真菌性巩膜炎
5042,小儿病毒相关吞噬血细胞综合征
5043,妊娠舞蹈病
5044,胎粪性便秘
5045,小儿流行性喘憋性肺炎
5046,氯喹中毒
5047,外阴血吸虫病
5048,小儿选择性免疫球蛋白G亚类缺陷病
5049,硬化剂治疗引起的食管损害
5050,眼眶脑膜-脑膨出
5051,小儿良性先天性肌弛缓综合征
5052,毛细血管或静脉血栓形成
5053,小儿肾上腺皮质功能不全
5054,纯植物神经功能衰竭
5055,瘢痕型芽生菌病
5056,外阴转移性癌
5057,儿童胰腺功能不全并中性粒细胞减少症综合征
5058,眼眶脓肿
5059,妊娠合并肺栓塞
5060,阴部鲍恩样丘疹病
5061,脑肺吸虫病
5062,投掷骨折
5063,激素抵抗型哮喘
5064,盲襻综合征
5065,化脓性颅骨骨髓炎
5066,四边孔综合征
5067,神经系统先天性疾病
5068,恶性小汗腺螺旋腺瘤
5069,先天性耳前耳瘘
5070,小儿颅咽管瘤
5071,毛霉病
5072,先天性鼻咽部狭窄及闭锁
5073,胸-腰椎椎体单纯性楔形压缩骨折
5074,卡他莫拉菌感染
5075,成人肥厚性幽门狭窄
5076,大肠类癌
5077,枢椎齿突骨折
5078,半月线疝
5079,油彩皮炎
5080,巨细胞病毒性葡萄膜炎
5081,小儿先天性斜颈
5082,莱姆心脏炎
5083,小儿女性性早熟
5084,肠道病毒Cox A16型手足口病
5085,分离性垂直偏斜
5086,尿道旁腺癌
5087,胰腺瘘
5088,纤维毛囊瘤
5089,迟发性外伤性脑内血肿
5090,乏特壶腹周围癌
5091,盲肠肉芽肿
5092,耻骨炎
5093,毛孢子菌病
5094,喉部创伤
5095,粗制棉子油中毒
5096,神经病性关节病
5097,蹄铁形肾
5098,急性及亚急性脑内血肿
5099,阴道血管肉瘤
5100,原发性系统性淀粉样变
5101,弥漫型间皮瘤
5102,足球踝
5103,肺泡微结石症
5104,肾动脉粥样栓塞
5105,结肠直肠损伤
5106,腓总神经卡压症
5107,粘多糖沉积病
5108,颈椎后脱位
5109,胫腓下联合前部分离
5110,皮罗综合征
5111,Milk-Alkali综合征
5112,奋森咽峡炎
5113,老年人肺癌
5114,脑肝肾综合征
5115,小儿α-地中海贫血
5116,子满
5117,A链球菌群感染
5118,小儿肝硬化
5119,聚星障
5120,肠梨形鞭毛虫病
5121,急性纵隔炎
5122,粟疮
5123,肝性血卟啉病
5124,网膜囊肿
5125,上颈椎不稳症
5126,消化道复发性溃疡
5127,骆文静
5128,新生儿泌尿系统感染
5129,心包转移瘤
5130,集聚肠杆菌感染
5131,乳腺错构瘤
5132,矫正型大动脉转位
5133,伏格特-小柳-原田综合征
5134,急性化脓性乳突炎
5135,小儿无脾综合征
5136,后天性视网膜劈裂
5137,眼眶横纹肌肉瘤
5138,肝源性肾损害
5139,皮炎芽生菌
5140,睫状环阻滞性青光眼
5141,脾劳
5142,布氏菌肺炎
5143,室管膜肿瘤
5144,眼外肌广泛纤维化综合征
5145,马尔堡病毒病
5146,心脏转移性恶性黑色素瘤
5147,急性共同性斜视
5148,吩噻嗪类抗精神病药物中毒
5149,外伤性胆管损伤
5150,小儿过敏症
5151,烧伤后急性肾功能衰竭
5152,神经系统的放射性损伤
5153,异源内分泌综合征
5154,滤泡树突细胞肉瘤
5155,呼吸肌疲劳症
5156,交感神经链综合征
5157,乳腺癌肉瘤
5158,结核性葡萄膜炎
5159,慢性创伤性滑囊炎
5160,连圈状秕糠疹
5161,落屑性红皮病
5162,小儿柞蚕蛹性脑病综合征
5163,皮肤脑膜瘤
5164,小儿内脏幼虫移行症
5165,筋骨懈堕
5166,青少年及小儿卵巢肿瘤
5167,鼻窦鳞状细胞癌
5168,眼部猪囊尾蚴病
5169,莱施尼汉综合征
5170,尿毒症肺炎
5171,疣状肢端角化病
5172,右心房与下腔静脉平滑肌瘤
5173,蓝色橡皮泡痣综合征
5174,肠道短路关节炎皮炎综合征
5175,真菌过敏性哮喘
5176,假性甲状旁腺功能减退
5177,脑血管病性精神障碍
5178,脐部脐肠系膜管息肉
5179,朗格汉斯细胞肉芽肿病
5180,小肠异物
5181,Morton跖头痛
5182,妊娠合并消化性溃疡
5183,小儿结膜吸吮线虫病
5184,蛔虫性急性胰腺炎
5185,多骨纤维发育不良
5186,干骺纤维性缺损
5187,小儿低心排出量综合征
5188,耳霉虫霉病
5189,小儿色素性荨麻疹
5190,常现丝虫病
5191,肱骨外髁颈骨折
5192,子宫恶性中胚叶混合瘤
5193,先天性胃壁肌层缺损
5194,小儿慢性硬膜下血肿
5195,小儿神经皮肤综合征
5196,冠状动脉异常起源主动脉
5197,膀胱副神经节瘤
5198,脑卒中的外科治疗
5199,小儿尿路梗阻
5200,眼睑皮肤弛缓症
5201,先天性肺动静脉瘘
5202,胫骨Pilon骨折
5203,书写痉挛
5204,软化斑
5205,科干综合征
5206,肉芽肿性酒渣鼻
5207,接触性布鲁菌病
5208,小儿石膏综合征
5209,先天性食管憩室
5210,急性链球菌性皮肤坏死
5211,电损伤
5212,小儿完全性肺静脉异位连接
5213,肌腱末端病
5214,小儿轻度烧伤
5215,巨细胞动脉炎性巩膜炎
5216,肺地丝菌病
5217,小儿锌缺乏症
5218,心包内恶性畸胎瘤
5219,小儿迁延性肾小球肾炎
5220,胃急性扩张
5221,小儿肥胖性生殖无能综合征
5222,甲状旁腺功能减退性心肌病
5223,α1抗胰蛋白酶缺乏性肝病
5224,梅毒性葡萄膜炎
5225,外伤后颈内动脉闭塞
5226,小儿弹性假黄瘤
5227,嗜人T淋巴细胞Ⅰ型所致的葡萄膜炎
5228,非炎性眼球突出
5229,面瘫-唇肿-裂纹舌综合征
5230,小儿肾淀粉样变性
5231,小儿甲状腺癌
5232,小儿急性髓样白血病
5233,骨外尤文瘤
5234,C5功能不全综合征
5235,结肠平滑肌瘤
5236,妊娠合并肺炎
5237,外阴脂肪肉瘤
5238,睾丸畸胎瘤
5239,眼眶嗜酸性肉芽肿
5240,继发性女阴过度角化
5241,残胃平滑肌肉瘤
5242,小儿关节弯曲综合征
5243,Austin型幼儿脑硫脂病
5244,小儿颅脑损伤
5245,胞内分枝杆菌感染
5246,基底核钙化症
5247,风轮赤豆
5248,淋球菌性腹膜炎
5249,尾神经丛痛
5250,新生儿低镁血症
5251,第Ⅳ型脊髓血管畸形
5252,小儿扩张型心肌病
5253,泌尿道肿瘤
5254,桡骨小头骨骺分离
5255,类鼻疽杆菌肺炎
5256,胆固醇脓胸
5257,颈椎椎体楔形压缩骨折
5258,流感嗜血杆菌脑膜炎
5259,脊椎化脓性骨髓炎
5260,眼-脑综合征
5261,食管外压和牵拉
5262,淋巴结-胆道综合征
5263,颅骨巨细胞瘤
5264,钩端螺旋体肺炎
5265,深脓疱病
5266,进行性骨干发育不良
5267,婴儿肉毒中毒综合征
5268,小儿波-杰综合征
5269,小儿病态窦房结综合征
5270,小儿部分性肺静脉异位连接
5271,眼眶骨膜下脓肿
5272,小儿成人型慢性粒细胞白血病
5273,枕颈畸形
5274,肠系膜囊肿和肿瘤
5275,可拉明中毒
5276,原发性阴道恶性淋巴瘤
5277,假麦格综合征
5278,小儿特发性肺含铁血黄素沉着症
5279,急性腹型-高脂血症综合征
5280,小儿戈谢病
5281,II型肾小管性酸中毒
5282,儿童慢性肾衰竭
5283,药物相关性胃病
5284,小儿自身免疫性淋巴细胞增生综合征
5285,甲肥厚
5286,卵泡膜细胞增殖综合征
5287,外阴皮脂溢出性皮炎
5288,小儿蓝尿布综合征
5289,肾性氨基酸尿
5290,铜绿假单胞菌性角膜炎
5291,先天性锁骨假关节
5292,小肠腺瘤
5293,外阴良性肿瘤
5294,外阴汗管瘤
5295,结肠类癌
5296,结核性阴道炎
5297,趾间神经痛
5298,脉络膜出血
5299,假痛风性关节炎
5300,卵巢硬化性间质瘤
5301,丹吉尔病
5302,过强反射性鼻炎
5303,柯萨奇病毒和埃可病毒感染
5304,小儿肺隔离症
5305,原发性纵隔感染
5306,胸椎结核椎旁脓肿穿入胸腔
5307,小儿急性胆囊炎
5308,皮肤平滑肌瘤
5309,纵隔囊肿及肿瘤
5310,心脏穿透伤
5311,颞下间隙感染
5312,结、直肠黑变病
5313,弯曲菌感染
5314,柯莱斯骨折
5315,微小度数斜视
5316,咽侧壁憩室
5317,气管先天性疾病
5318,新生儿B族链球菌感染
5319,外阴纤维肉瘤
5320,咽部硬结病
5321,小儿阻塞性睡眠呼吸暂停
5322,驱蛔灵中毒
5323,原发性慢性闭角型青光眼
5324,杆菌性上皮样血管瘤病
5325,腹直肌鞘内血肿
5326,团癣
5327,原发性食管恶性黑色素瘤
5328,鼻红粒病
5329,三痹
5330,腹部大血管损伤
5331,小儿急性偏瘫
5332,童年社会功能障碍
5333,棘阿米巴性角膜炎
5334,大网膜粘连综合征
5335,青年性驼背
5336,肾静脉血栓
5337,非阵发性窦性心动过速
5338,18-三体综合征
5339,肘内翻畸形
5340,胸椎黄韧带骨化症
5341,鼻硬结病
5342,幼年型类风湿性关节炎
5343,婴儿鼻塞
5344,利斯特菌脑膜炎
5345,胸部放线菌病
5346,先天性仰趾外翻足
5347,胸部丝虫病
5348,创伤性气管及主支气管损伤
5349,甲状腺功能减退性心肌病
5350,原发性皮肤结核综合征
5351,酒中毒性痴呆
5352,少见食管恶性肿瘤
5353,妊娠合并类风湿性关节炎
5354,非典-严重急性呼吸道症候群
5355,黏脂贮积症Ⅱ型
5356,胰多肽瘤
5357,肢体断离伤
5358,更年期失眠症
5359,肱骨投掷骨折
5360,赖特综合征性巩膜炎
5361,Zieve综合征
5362,小儿坏死性龈口炎
5363,蛰伏脂瘤
5364,瘰疬分枝杆菌感染
5365,腺病毒性肠炎
5366,小儿霉甘蔗中毒
5367,小儿烧伤休克
5368,小儿锥体功能不良综合征
5369,小儿肠吸收不良综合征
5370,进行性骨干发育不全
5371,咽喉部外伤
5372,喉部钝挫伤
5373,萎缩性毛发角化病
5374,小儿脑白质海绵状变性综合征
5375,急性失血所致贫血
5376,小儿心面综合征
5377,口腔颌面部外伤
5378,小儿急性播散性脑脊髓炎
5379,支气管肺淀粉样变
5380,紫癜性扁平苔藓
5381,Thygeson浅层点状角膜病变
5382,脐膨出-巨舌-巨体综合征
5383,先天性肌缺如
5384,小儿阿托品类中毒
5385,自发性血气胸
5386,小儿腹股沟直疝
5387,烧伤后心功能障碍
5388,感染后脑脊髓炎
5389,小儿肾性氨基酸尿症
5390,小儿肾小管-间质肾炎
5391,螺菌病
5392,腹腔内脏动脉慢性闭塞
5393,反射性神经障碍症
5394,草地趾
5395,小儿软骨外胚层发育不全综合征
5396,短骨骨干结核
5397,小儿手-心畸形综合征
5398,先天性腓骨缺如
5399,少年儿童葡萄膜炎
5400,酒中毒性周围神经病
5401,胰腺分裂
5402,小儿短指-球状晶体异位综合征
5403,小儿急性中毒
5404,心-耳综合征
5405,格子状角膜营养不良
5406,肱动脉损伤
5407,放射性周围神经病
5408,分泌过多性青光眼
5409,妊娠合并淋巴瘤
5410,肠系膜裂孔疝
5411,胃切除后胆汁反流性胃炎
5412,肌注硬结
5413,绝经期盆腔脏器脱垂
5414,眼眶血肿
5415,外阴腺鳞癌
5416,尤文肉瘤/原始神经外胚层肿瘤
5417,脑膜转移瘤
5418,卵巢重度水肿
5419,细菌性心包炎
5420,中央晕轮状脉络膜萎缩
5421,小儿慢性肺炎
5422,透明细胞汗腺腺瘤
5423,小儿半乳糖血症
5424,良性阵发性腹膜炎综合征
5425,髌股关节疼痛
5426,间插血吸虫病
5427,髓性多汗症
5428,纹状骨瘤
5429,副流行性感冒
5430,小儿锁骨颅骨发育不全综合征
5431,胃空肠输入襻综合征
5432,花翳自陷
5433,获得性免疫缺陷综合征视网膜病变
5434,呼吸性细支气管炎伴间质性肺病
5435,小儿动力性肠梗阻
5436,小儿先天性卵巢发育不全
5437,僵鉧
5438,距骨后外结节骨折
5439,匐行性脉络膜炎
5440,脂蛋白肾病
5441,非冻结性冷伤
5442,虫证
5443,非01霍乱弧菌肠炎
5444,颅骨结核
5445,反应性穿孔性胶原病
5446,肢端纤维角化瘤
5447,四肢血栓性浅静脉炎
5448,家族性异常β脂蛋白血症
5449,涎腺病毒病
5450,筛窦癌
5451,新生儿迁延性胆汁淤积性黄疸
5452,小儿结节性脂膜炎
5453,脊椎结核并发截瘫
5454,麻风性角膜病变
5455,婴儿纤维错构瘤
5456,人为脂膜炎
5457,肾皮质化脓性感染
5458,带状疱疹病毒性巩膜炎
5459,溃疡性皮肤结核
5460,赤脉贯布
5461,消化系癌伴血液病综合征
5462,腰椎退变性小关节损伤性骨关节炎
5463,散发性脑炎伴发的精神障碍
5464,新生儿低血糖症与高血糖症
5465,工业毒物中毒性周围神经病
5466,小儿室性心动过速
5467,原发性小肠淋巴管扩张症
5468,毛胚细胞瘤
5469,播散性嗜酸粒细胞增多性胶原病
5470,摩根菌肺炎
5471,小儿多囊肾
5472,小儿慢性肉芽肿病
5473,新生儿先天性弓形体感染
5474,小儿眼耳脊椎综合征
5475,肥胖性心肌病
5476,良性淋巴细胞血管炎和肉芽肿病
5477,四肢瘫康复
5478,水电解质紊乱伴发的精神障碍
5479,婴儿腹部远心性脂肪营养不良
5480,小儿洋地黄中毒
5481,ADH分泌过多综合征
5482,颅后窝血肿
5483,小儿先天性肾积水
5484,妊娠期哮喘
5485,小儿肝性脑病
5486,麦格斯综合征
5487,幼年性玻璃样变纤维瘤病
5488,小儿扁脸关节脱位足异常综合征
5489,血管骨肥大综合征
5490,良性幼年黑素瘤
5491,内脏血吸虫炎
5492,小儿淀粉样变性病
5493,神思间病
5494,锑末沉着症
5495,心肌梗死并发二尖瓣关闭不全
5496,面瘫唇肿裂纹舌综合征
5497,耳内脑膜脑疝
5498,创伤性肩关节后脱位
5499,心室肌致密化不全
5500,水疱性远端指炎
5501,桡骨远端骨骺分离
5502,结节性脆发病
5503,尿道与阴茎结核
5504,耳后骨膜下脓肿
5505,妊娠合并急性肾盂肾炎
5506,非典型麻疹综合征
5507,脉络膜脱离
5508,顶叶肿瘤
5509,有机氯杀虫剂中毒
5510,急性中毒性脑炎
5511,慢性细菌性膀胱炎
5512,先天性主动脉瓣下狭窄
5513,瓜藤缠
5514,葡萄膜恶性黑色素瘤
5515,肘关节骨化肌炎
5516,肩胛背神经卡压症
5517,食管黏膜损伤
5518,局限性骨脓肿
5519,迁延性肺嗜酸粒细胞浸润症
5520,小肠平滑肌肉瘤
5521,眼内转移性肿瘤
5522,创伤性肩关节前脱位
5523,咽后壁憩室
5524,低磷性佝偻病
5525,颅狭症
5526,肠系膜血管缺血性疾病
5527,新生儿心肌炎
5528,沙眼衣原体肺炎
5529,青春期发育迟缓
5530,食管失弛缓症
5531,特发性滴状色素减少症
5532,老年性舞蹈病
5533,支气管源性囊肿
5534,外伤性脑积水
5535,恒定性外斜视
5536,基底节血肿
5537,空鞍综合征
5538,疼痛性脂肪疝
5539,毛鞘棘皮瘤
5540,上隐斜
5541,外耳道耵聍栓塞
5542,低血磷性抗维生素D佝偻病
5543,肠病原性大肠埃希杆菌感染
5544,原发性乳腺淋巴瘤
5545,子宫颈肉瘤
5546,皮脂缺乏症
5547,流行性甲型脑炎
5548,家族性混合型高脂血症
5549,杀鼠剂中毒
5550,遗传性补体缺陷病
5551,小儿结节性硬化症
5552,乙型肝炎病毒性关节炎
5553,妇女多毛症
5554,外阴平滑肌肉瘤
5555,松果体细胞瘤
5556,眼球后退综合征
5557,小儿结核性脑膜炎
5558,外阴黏膜白斑
5559,蛲虫性阴道炎
5560,骨质软化症与佝偻病
5561,脊膜膨出与脊膜脊髓膨出
5562,小儿加压素分泌过多综合征
5563,成人硬肿病
5564,皮肤淋巴瘤样丘疹病
5565,小儿糖原贮积病Ⅵ型
5566,奇孔古尼亚病毒性疾病
5567,儿童吞气症
5568,高钙性肾病
5569,小儿多器官功能障碍综合征
5570,小儿青春期发育迟缓
5571,烧伤创面脓毒症
5572,非有机磷农药中毒
5573,血吸虫皮炎
5574,瑞列绦虫病
5575,无症状性冠心病
5576,小儿近端肾小管酸中毒
5577,艾滋病伴发肺结核
5578,小儿人类疱疹病毒
5579,颈部动脉狭窄
5580,GM1神经节苷脂贮积症
5581,多发性内分泌腺瘤综合征1型
5582,顿呛
5583,晶状体膨胀所致青光眼
5584,视网膜下纤维化和葡萄膜炎综合征
5585,CS丧尸帝国
5586,外伤性食管穿孔
5587,小儿热疮
5588,小儿遗传性血管神经性水肿
5589,继发性皮肤CD30阳性大细胞淋巴瘤
5590,老年退行性心瓣膜病
5591,小儿支气管异物
5592,微波烧伤
5593,胃饮
5594,儿童生殖细胞瘤
5595,婴幼儿巨幼细胞性贫血
5596,小儿单纯性甲状腺肿
5597,勒夫勒心内膜炎
5598,梅勒尼坏疽
5599,孤立性肺结节
5600,Theodore上方角膜缘角结膜炎
5601,小儿急性化脓性关节炎
5602,结脑
5603,肠病性肢端皮炎综合征
5604,小儿曼氏迭宫绦虫病和曼氏裂头蚴病
5605,小儿其他沙门菌感染
5606,儿童X-连锁淋巴细胞异常增生症
5607,副流感病毒感染
5608,第Ⅱ-Ⅲ型脊髓血管畸形
5609,肛周汗腺炎
5610,烧伤内毒素血症
5611,外伤后颈动脉闭塞
5612,子喑
5613,心脏黏液瘤
5614,痉挛性肠梗阻
5615,肾小管间质性肾炎葡萄膜炎综合征
5616,丘疹性血管增生
5617,Haglund综合征
5618,非结核分枝杆菌性角膜炎
5619,癫痫发作与癫痫综合征
5620,腹主动脉腔静脉瘘
5621,小儿感染性心内膜炎
5622,急性肠系膜上动脉梗死
5623,外阴滑膜肉瘤
5624,甲下外生骨疣
5625,小儿脑血管畸形
5626,Terrien角膜边缘性变性
5627,内分泌性肌病
5628,脑膜炎球菌性脑膜炎
5629,电脑视觉综合征
5630,脊髓前中央动脉缺血症候群
5631,小儿纯红细胞再生障碍性贫血
5632,枕颈（寰）关节损伤
5633,一氧化碳中毒迟发型脑病
5634,结节性多动脉炎伴发的葡萄膜炎
5635,脑真菌性肉芽肿
5636,溃疡坏死性口炎
5637,小儿弓形腿综合征
5638,纤维软骨间质瘤
5639,肠系膜动脉瘤
5640,眼底血管样条纹
5641,小肠脂肪瘤
5642,气管前间隙感染
5643,迪厄拉富瓦病
5644,大面积脑梗死
5645,小儿高IgE综合征
5646,肝炎再生障碍性贫血综合征
5647,单神经病与神经丛神经病
5648,腹肌缺乏综合征
5649,酒中毒性小脑变性
5650,钩虫性十二指肠炎综合征
5651,食管重复畸形
5652,小儿变形性肌张力障碍
5653,小儿抗磷脂综合征
5654,淋病性精囊炎
5655,小儿急性血行播散型肺结核
5656,斑状白化病
5657,颜面粟粒性狼疮
5658,恶性高血压视网膜病变
5659,锁骨下动脉-腋动脉瘤
5660,楚尔盖分枝杆菌感染
5661,其他弧菌感染
5662,外阴神经纤维瘤
5663,小儿肺水肿
5664,新生儿肾静脉血栓
5665,新生儿获得性免疫缺陷综合征
5666,肩胛颈及肩胛盂骨折
5667,小儿食物中毒
5668,细菌协同性坏疽
5669,镰状细胞肾病
5670,其他晶体性关节病
5671,小儿特发性室性心动过速
5672,小儿埃莱尔-当洛综合征
5673,小儿软骨毛发发育不良综合征
5674,急性快速进展性肾小球肾炎
5675,三尖瓣畸形
5676,鼻疽假单胞菌肺炎
5677,小儿慢性粒细胞白血病
5678,遗传性良性上皮内角化不良
5679,血吸虫病与肝胆疾病
5680,小儿单纯肺动脉口狭窄
5681,外伤性脂肪坏死
5682,绝经与心血管疾病
5683,多肾盏畸形
5684,外伤性低颅内压综合征
5685,小儿埃可及柯萨奇病毒感染
5686,小儿克罗恩病
5687,外阴黑棘皮病
5688,创伤性枢椎前滑脱
5689,小儿巨脑畸形综合征
5690,瘢痕瘙痒
5691,小儿进行性骨化性肌炎
5692,胸、腰椎椎体单纯性、楔形压缩骨折
5693,小儿自律性房性心动过速
5694,小儿空鞍综合征
5695,小儿肾结核
5696,泛发性特发性毛细血管扩张
5697,小儿尿感
5698,小儿肺脓肿
5699,精神活性物质伴发精神障碍
5700,Q热肺炎
5701,脉溢
5702,赖利-戴综合征
5703,匐行性脉络膜萎缩
5704,遗传性感觉神经病
5705,高脂蛋白血症Ⅲ型
5706,原藻病
5707,小儿阿姆斯特丹型侏儒
5708,眼眶假瘤
5709,纵隔间叶源性肿瘤及其他肿瘤
5710,肠道息肉病
5711,丝状角膜病变
5712,特发性黄斑部前膜
5713,妊娠性哮喘
5714,急性呼吸道堵塞
5715,神经型食物中毒
5716,小肠腺癌
5717,老年人颈性眩晕
5718,阴茎前阴囊
5719,创伤后骨髓炎
5720,投掷运动
5721,青少年及小儿阴道透明细胞癌
5722,小儿卵巢肿瘤
5723,变性性近视的眼底损害
5724,过敏性急性小管间质性肾炎
5725,尿毒症性心肌病
5726,跟腱前囊炎
5727,食管痹
5728,牙源性皮瘘
5729,阴道腺癌
5730,骨膜性软骨肉瘤
5731,流感病毒肺炎
5732,左束支中隔支传导阻滞
5733,焦磷酸钙沉积病
5734,结肠粪性穿孔
5735,色素性青光眼
5736,颅内脊索瘤
5737,新生儿紫癜
5738,坏死性龈口炎
5739,肠系膜上静脉血栓形成
5740,蝶窦恶性肿瘤
5741,开放性手外伤
5742,慢性嗜酸性粒细胞性肺炎
5743,新生儿休克
5744,碘源性甲亢
5745,食管梅毒
5746,酚类中毒
5747,迷路窗破裂
5748,阿洪病
5749,无机磷中毒
5750,非哺乳期乳晕部瘘管
5751,败血症肾损害
5752,外伤性脑脓肿
5753,附睾畸形
5754,妊娠合并皮质醇增多症
5755,先天性颈椎齿状突畸形
5756,骨良性纤维组织细胞瘤
5757,烧伤后胰腺炎
5758,假性麦格综合征
5759,耳郭化脓性软骨膜炎
5760,儿童大动脉炎
5761,小儿烧伤创面脓毒症
5762,神经系梅毒
5763,飞石伤
5764,小儿腺苷脱氨酶缺乏症
5765,乳腺神经鞘瘤
5766,眼睑热病性疱疹
5767,儿童肾性氨基酸尿症
5768,儿童获得性免疫缺陷综合征
5769,儿童肾小管-间质肾炎
5770,儿童结节性多动脉炎
5771,小儿病毒相关噬血细胞综合征
5772,小儿继发性血小板减少性紫癜
5773,儿童全远端型肾小管酸中毒
5774,小儿急性粟粒型肺结核
5775,小儿慢性充血性脾肿大症
5776,主动脉肠道瘘
5777,小肠系膜损伤
5778,皮肤间变大细胞淋巴瘤
5779,小儿巴特综合征
5780,小儿丁型病毒性肝炎
5781,皮肤行为症
5782,睾丸间质细胞瘤
5783,回旋状脉络膜视网膜萎缩
5784,先天性短结肠
5785,小儿假性粒细胞减少症
5786,胎肥
5787,偻附
5788,子宫颈残端癌
5789,晶状体溶解性青光眼
5790,前房积血与青光眼
5791,颈椎单侧小关节脱位
5792,外伤性腹膜后出血或血肿
5793,Kaposi's肉瘤
5794,胸长神经卡压症
5795,炎性肌病及其他疾病
5796,垂痈
5797,胸腺小细胞癌
5798,双侧肾缺如
5799,小儿尿路结石
5800,运动员胸背与腰背痛
5801,多系统萎缩症
5802,非火器性颅脑开放伤
5803,甲疾病
5804,眼眶平滑肌瘤
5805,小儿埃博拉病毒病
5806,脉络膜缺血
5807,腰椎崩裂
5808,小儿视网膜色素变性-肥胖-多指综合征
5809,上干型胸廓出口综合征
5810,小儿急性中毒性脑病
5811,沙门菌属食物中毒
5812,婴儿肝病综合征
5813,小儿砷中毒
5814,皮肤棘球蚴病
5815,Fuchs内皮营养不良
5816,肺良性淋巴细胞血管炎和肉芽肿病
5817,小儿急性间歇性卟啉病
5818,脊髓分裂症
5819,小儿多发性肾小管功能障碍综合征
5820,黏脂贮积症Ⅳ型
5821,肠毛滴虫病
5822,急性坏死出血性脑脊髓炎
5823,圣路易斯型脑炎
5824,非肾上腺素增生性假两性畸形
5825,混合型慢性高原病
5826,小儿卡肺囊虫肺炎
5827,桡骨颈骨折和桡骨头骨骺分离
5828,肩袖间隙分裂
5829,小儿颅面骨畸形综合征
5830,高脂蛋白血症Ⅰ型
5831,小儿急进性肾小球肾炎
5832,吞噬功能缺陷病
5833,外伤性脑膜炎
5834,妊娠合并急性膀胱炎
5835,小儿亚急性骨髓炎
5836,小儿军团病
5837,A组链球菌感染
5838,肢端稽留性皮炎
5839,难治、复发性急性白血病
5840,小儿家族性复发性血尿综合征
5841,糖尿病伴发葡萄膜炎
5842,小儿多形红斑
5843,小儿慢性淋巴细胞性甲状腺炎
5844,小儿黄疸肝脏色素沉着综合征
5845,寰椎沟环畸形
5846,小儿颅内高压综合征
5847,银屑病关节炎及其伴发的葡萄膜炎
5848,足穿通性溃疡
5849,鼻窦鳞状细胞癌的眼部病变
5850,正电子发射断层扫描
5851,巴斯德菌肺炎
5852,神经鞘黏液瘤
5853,小儿单侧肺异常透亮综合征
5854,青少年及小儿子宫颈癌
5855,酚麻美敏
5856,东方马型脑炎
5857,老年人阳性杆菌肺炎
5858,小儿雅克什综合征
5859,急性盆腔结缔组织炎
5860,慢性自身免疫性胰腺炎
5861,发作性睡眠四联症
5862,小儿糖原贮积病Ⅲ型
5863,小儿利斯特菌病
5864,小儿肾上腺皮质与髓质增生并存综合征
5865,先天性髋关节外展挛缩和骨盆倾斜
5866,塞扎里综合征
5867,小儿口吃
5868,急性光气中毒
5869,小儿继发性腹膜炎
5870,免疫缺陷性肺炎
5871,脑膜肉瘤
5872,输尿管脱垂
5873,梅毒性角膜病变
5874,小儿色素沉着息肉综合征
5875,小儿神经白塞综合征
5876,上下颌前突
5877,小儿播散性血管内凝血
5878,新生儿Wilson-Mikity综合征
5879,第Ⅰ型脊髓血管畸形
5880,多杀巴斯德杆菌病
5881,性病相关性胃肠道感染
5882,颞下颌关节炎和颞颌关节炎
5883,海洛因肾脏病
5884,接合菌病
5885,叶酸缺乏神经病
5886,胃损伤
5887,急性化脓性胃炎
5888,细粒棘球蚴病
5889,完全性肺静脉异位回流
5890,骨的恶性纤维组织细胞瘤
5891,婴幼儿型内斜视
5892,松毛虫皮炎
5893,久疟
5894,大肠恶性淋巴瘤
5895,黑色丘疹性皮肤病
5896,小儿心内膜弹力纤维增生症
5897,齿状突发育畸形
5898,下颌下隙感染
5899,急性乙型病毒性肝炎
5900,急性后部多灶性鳞状色素上皮病变
5901,癌肿性关节炎
5902,风秘
5903,阴道横纹肌肉瘤
5904,延髓性麻痹
5905,结核性中耳乳突炎
5906,常染色体显性多囊肾
5907,胃反应性淋巴增生
5908,脑型肺吸虫病
5909,鼻中隔血肿
5910,巴贝虫病
5911,外阴表皮样囊肿
5912,十二指肠旁疝
5913,黄色肉芽肿性肾盂肾炎
5914,病毒性食管炎
5915,胃脂肪瘤
5916,先天性肠闭锁与狭窄
5917,肝动脉瘤
5918,中毒性弱视
5919,肠道气囊肿症
5920,复合型酸碱失衡
5921,骨外骨肉瘤
5922,嗜酸粒细胞白血病
5923,类风湿尘肺
5924,特发性高钙尿症
5925,诺如病毒感染性腹泻
5926,非溃疡性消化不良
5927,先天性尺桡骨融合
5928,慢性硬脑膜外血肿
5929,海湾战争综合征
5930,神经莱姆病
5931,鼻咽癌的眼部病变
5932,威尔逊症
5933,脊髓海绵状血管瘤
5934,肺动静脉瘤
5935,疼痛性眼肌麻痹
5936,踝关节结核
5937,原发性肝脂肪肉瘤
5938,贝赫切特综合征伴发的精神障碍
5939,产后腹直肌分离
5940,副神经损伤与卡压
5941,小儿蛔虫性肠梗阻
5942,麦收皮炎
5943,岩藻糖苷贮积症
5944,先天性小眼球合并眼眶囊肿
5945,外阴横纹肌肉瘤
5946,器械性食管损伤
5947,小儿尼曼-皮克病
5948,乳腺癌患侧上肢淋巴水肿
5949,小儿肥胖通气不良综合征
5950,小儿室上性阵发性心动过速
5951,脑胶质细胞瘤
5952,幼年型类天疱疮
5953,绝经后骨关节炎
5954,肠球菌肺炎
5955,化脓性耳郭软骨膜炎
5956,堪萨斯分枝杆菌感染
5957,镰状细胞贫血眼部病变
5958,炎症性肠道疾病及其伴发的葡萄膜炎
5959,油性肉芽肿
5960,真菌性心包炎
5961,莱姆病性巩膜炎
5962,口腔鲜红色乳头瘤病
5963,软骨外胚层发育不全
5964,乳腺佩吉特病
5965,小儿流涎症
5966,小儿颈椎融合综合征
5967,小儿渗出性多形性红斑
5968,结肠血管畸形
5969,骶髂筋膜脂肪疝
5970,生长期脱发
5971,卵巢两性母细胞瘤
5972,黏多糖贮积症Ⅵ型
5973,当代东南亚国际关系
5974,小儿下腔静脉阻塞综合征
5975,血管受压性吞咽困难
5976,儿童急性中耳炎
5977,重金属沉着症
5978,慢性溃疡性非肉芽肿性空肠回肠炎
5979,臀上皮神经干痛
5980,嗜水气单胞菌胃肠炎
5981,虫霉病
5982,椎体严重楔形变并伴小关节半脱位
5983,妊娠瘙痒性荨麻疹样丘疹及红斑
5984,反向斜视
5985,呼吸性细支气管炎间质肺病
5986,小儿溃疡性结肠炎
5987,双侧束支传导阻滞
5988,混合型肾小管性酸中毒
5989,卵巢环管状性索肿瘤
5990,肺青霉病
5991,头皮糜烂脓疱性皮病
5992,小儿副流感病毒肺炎
5993,小儿不对称身材-矮小-性发育异常综合征
5994,烧伤复合伤
5995,贝壳甲综合征
5996,小儿高黏稠综合征
5997,Marie-Bamberger综合征
5998,小儿急性肠套叠
5999,小儿非内脂性网状内皮增殖综合征
6000,出血性败血症性巴斯德菌感染
6001,小儿抗利尿激素分泌异常综合征
6002,小儿球形细胞脑白质营养不良
6003,小儿急性胆囊炎与胆管炎
6004,外阴卵黄囊瘤
6005,神经肽性肢端感觉异常
6006,夸赛纳森林病
6007,异尖线吸虫蚴移行症
6008,韦格纳肉芽肿性巩膜炎
6009,小儿紫斑湿疹综合征
6010,小儿先天性肠旋转不良
6011,下部附加前根脊髓动脉缺血症候群
6012,隐匿性乳腺癌
6013,黏脂贮积症Ⅰ型
6014,乳头腺瘤
6015,烧伤后肌肉萎缩
6016,小儿糖原贮积病Ⅶ型
6017,直肠后间隙脓肿
6018,小儿神经性贪食
6019,围绝经期前后的外阴白色病变
6020,获得性视网膜大动脉瘤
6021,阴囊福尼尔坏疽
6022,嗜酸性粒细胞增多-肌痛综合征
6023,单克隆丙种球蛋白病伴周围神经病
6024,色素性静脉旁视网膜脉络膜萎缩
6025,良性小动脉性肾硬化症
6026,小儿真菌性肺炎
6027,蛙粪霉病
6028,小儿鞍上生殖细胞瘤
6029,小儿细胞外胆固醇沉着综合征
6030,复发性皮肤坏死性嗜酸粒细胞血管炎
6031,儿童矮身材
6032,继发性皮肤滤泡中心细胞性淋巴瘤
6033,厥脱
6034,小儿巨大血小板综合征
6035,乳房肥大症
6036,小儿肺栓塞
6037,弥漫性实质性肺疾病
6038,儿童迁延性肾小球肾炎
6039,儿童乙型病毒性肝炎
6040,烧伤后免疫功能紊乱
6041,头部脓肿性穿掘性毛囊炎及毛囊周围炎
6042,小儿眼外肌麻痹视网膜色素变性心脏传导阻滞
6043,小儿成神经细胞瘤
6044,中学德语教程3 （平装）
6045,椎管内结核瘤
6046,脊椎骨质增生症
6047,Ⅱ型免疫母细胞性淋巴腺病
6048,新生儿胃穿孔
6049,Wegner肉芽肿伴发的葡萄膜炎
6050,小儿神经源性膀胱功能障碍
6051,进行性脂肪营养不良
6052,海绵状淋巴管瘤
6053,卵巢内胚窦瘤
6054,化脑
6055,肺血吸虫病
6056,耳源性脑积水
6057,阴道上皮内瘤样变
6058,HUGHES-STOVIN综合征
6059,先天性冠状动脉瘘
6060,心室静止
6061,多发性骨骺发育异常
6062,小肠结肠炎耶尔森氏菌肺炎
6063,洋葱假单胞菌肺炎
6064,遗传性压力易感性周围神经病
6065,副肿瘤性边缘系统脑炎
6066,肝-甲状腺综合征
6067,小儿发作性舞蹈手足徐动症
6068,沃纳综合征
6069,视盘炎
6070,小儿遗传性球形红细胞增多症
6071,神经棘红细胞增多症
6072,黑舌
6073,类风湿性关节炎肾损害
6074,烧伤与烫伤
6075,眼眶骨瘤
6076,皮肤丝虫病
6077,羰基镍中毒
6078,恶性小汗腺汗孔瘤
6079,卵巢透明细胞肿瘤
6080,灭虫灵中毒
6081,构音障碍康复
6082,急性髌骨脱位
6083,赤膜下垂
6084,并发截瘫的脊柱结核
6085,放射性肾炎
6086,蜂窝肺综合征
6087,颈部动脉损伤
6088,骨产道异常性难产
6089,食滞胃脘
6090,小儿肌阵挛性癫痫
6091,宾斯旺格病
6092,无脊髓损伤的颈椎骨折脱位
6093,外阴基底细胞癌
6094,镇痛剂肾病
6095,唇舌水肿及面瘫综合征
6096,暴发性肝炎样综合征
6097,分离（转换）性障碍
6098,肝豆状核变性伴发的精神障碍
6099,月经性哮喘
6100,双分支阻滞
6101,食管类癌
6102,双糖酶缺乏症
6103,水痘-带状疱疹性葡萄膜炎
6104,小儿豹皮综合征
6105,小儿纵隔压迫综合征
6106,脑内积水
6107,小儿热带巨脾综合征
6108,小儿多源性房性心动过速
6109,肺爆振伤
6110,小儿假性甲状旁腺功能减低症
6111,小儿糖原贮积病Ⅱ型
6112,胰腺囊性纤维性变
6113,心脏乳头样弹性纤维瘤
6114,婴儿闷热综合症
6115,西方马型脑炎
6116,脑动脉栓塞
6117,鼻咽脊索瘤
6118,小儿原发型肺结核
6119,阴囊鳞状细胞癌
6120,婴儿纤维瘤
6121,职业性皮肤癌
6122,小儿黏多糖贮积病Ⅳ型
6123,头-面血管瘤综合征
6124,放射性脊髓病
6125,靶样含铁血黄素沉积性血管瘤
6126,乳头肌断裂
6127,小儿尿石症
6128,小儿触电与雷击
6129,向胸腰段脊髓供血的大根动脉缺血症候群
6130,小儿皱梅腹综合征
6131,小儿多发性硬化
6132,老年人稳定型心绞痛
6133,小儿慢性充血性脾肿大
6134,小儿心房扑动
6135,小儿肠系膜淋巴结结核
6136,鼠疫耶尔森菌肺炎
6137,脊椎外伤
6138,系统性血管炎所致神经损害
6139,格斯特曼综合征
6140,胆囊类癌
6141,肠贝赫切特综合征
6142,小儿肾性糖尿
6143,先天性气管发育异常
6144,小儿潮红综合征
6145,小儿巨幼细胞性贫血
6146,肺钩虫病
6147,婴幼儿消化不良
6148,肝脏恶性肿瘤
6149,螨虫皮炎
6150,发育不良痣综合征
6151,皮肤B细胞淋巴样结节型增生
6152,先天性喉闭锁
6153,小儿肾静脉血栓形成
6154,直肠肛管损伤
6155,小儿狼疮肾炎
6156,烧伤后关节僵硬
6157,颅内静脉系统血栓形成
6158,幼年型关节强直性脊椎炎
6159,附睾慢性炎症
6160,小儿嘌呤核苷酸磷酸化酶缺乏
6161,苏格兰脑炎
6162,小儿后尿道瓣膜
6163,家族性载脂蛋白B100缺陷症
6164,去分化软骨肉瘤
6165,肝炎后再生障碍性贫血
6166,枕颈关节损伤
6167,小儿进行性骨干发育不良
6168,小儿面部偏侧肥大综合征
6169,异染性白质脑病
6170,儿童急性肾衰竭
6171,小儿特重度烧伤
6172,儿童巴特综合征
6173,精通AutoCAD2002
6174,Devic病
6175,烧伤复合放射损伤
6176,儿童功能性遗粪症
6177,儿童多器官功能障碍综合征
6178,特发性身材矮小
6179,烧伤外毒素血症
6180,单光子发射计算机化断层显像
6181,儿童抗磷脂综合征
6182,内脏血吸虫病
6183,小睑裂综合征
6184,获得性穿通性足部溃疡
6185,儿童X-连锁严重联合免疫缺陷病
6186,外伤性眼眶骨折
6187,突发性特发性感音神经性聋
6188,小儿变应性亚败血症
6189,脊索肉瘤
6190,气管畸形
6191,箍趾病
6192,先天性主动脉瓣窦瘤破裂
6193,儿童韦格纳肉芽肿病
6194,心肌梗死并发左心室室壁瘤
6195,Terrien边缘变性
6196,儿童近端肾小管酸中毒
6197,儿童军团病肾病
6198,炎症性肠病伴发葡萄膜炎
6199,类风湿关节炎的肾损害
6200,上皮样囊肿
6201,淋病性关节炎
6202,小儿气管支气管异物
6203,创伤性口炎
6204,膜性口炎
6205,滑石尘肺
6206,颅中窝脑膜瘤
6207,脑蛛网膜炎
6208,窦房折返性心动过速
6209,马拉色菌相关疾病
6210,先天性远端尺桡关节半脱位
6211,脉络膜脱离型视网膜脱离
6212,小儿偏头痛
6213,副肿瘤性小脑变性
6214,特发性急性肾小管间质性肾炎
6215,生脓性肉芽肿
6216,男性生殖系结核
6217,小儿发育性髋脱位
6218,月状骨骨软骨病
6219,眼眶淋巴管瘤
6220,心房内折返性心动过速
6221,毛石肠梗阻综合征
6222,梗阻性尿路疾病
6223,特发性葡萄膜大脑炎
6224,特发性黄斑裂孔
6225,大脑大静脉瘤
6226,水合氯醛中毒
6227,匐行性角膜溃疡
6228,眼眶肌炎
6229,金黄色葡萄球菌脑膜炎
6230,老年人膀胱癌
6231,小儿室间隔完整型肺动脉闭锁
6232,肝硬化男性性功能减弱综合征
6233,骨神经鞘瘤
6234,手部血管损伤
6235,口咽部粘连
6236,Friedreich共济失调症
6237,前纵韧带骨化症
6238,拔毛狂
6239,急性结肠假性梗阻综合征
6240,小儿Alstrom综合征
6241,药物中毒性周围神经病
6242,腹腔室隔综合征
6243,棘突骨折
6244,全身脂肪代谢障碍
6245,小儿暑温
6246,脑棘球蚴病
6247,小儿葡萄状肉瘤
6248,外阴疣状黄瘤
6249,寰椎骨折脱位
6250,小儿特发性尿钙增多症
6251,骨与关节梅毒
6252,儿童松果体区肿瘤
6253,妊娠子宫破裂
6254,（高级应用型）高等数学（下册）
6255,小儿雅司病
6256,儿童慢性粒细胞白血病
6257,小儿糖原贮积病Ⅰ型
6258,小儿脓窠疮
6259,小儿全远端型肾小管酸中毒
6260,小儿心房颤动
6261,听神经瘤致耳鸣
6262,微囊肿附属器癌
6263,跟骨骨刺综合征
6264,小儿继发性免疫性血小板减少性紫癜
6265,小儿尖端扭转型室性心动过速
6266,小儿巨细胞病毒肺炎
6267,蔗尘肺
6268,结核性角膜病变
6269,小儿类白血病反应
6270,杜波组织胞质菌病
6271,儿童骨髓增生异常综合征
6272,儿童急性胆囊炎与胆管炎
6273,小儿糖原贮积病Ⅴ型
6274,烧伤后肌腱粘连
6275,儿童X-连锁高IgM血症
6276,特发性多发性斑状色素沉着症
6277,后部多形性角膜营养不良
6278,复发性坏死性黏膜周围炎
6279,横结肠扭转
6280,外阴汗腺腺癌
6281,小儿急性髓性白血病
6282,眼红外线辐射伤
6283,多腺体缺陷综合征
6284,耳郭假性囊肿
6285,先天性外展性髋挛缩症
6286,小儿糖原贮积病Ⅳ型
6287,晶体性关节病
6288,半侧颜面痉挛
6289,着色杆菌病
6290,肺宫崎肺吸虫症
6291,棘阿米巴性巩膜炎
6292,胸壁软组织畸形
6293,弓形体病性巩膜炎
6294,食管创伤
6295,掌指骨结核
6296,儿童普通变异型免疫缺陷
6297,小儿双唇综合征
6298,小儿严重急性呼吸综合征
6299,股神经干痛
6300,小儿片吸虫病
6301,眶内纤维组织细胞瘤
6302,眼球内炎
6303,迷路震荡
6304,软骨发育异常
6305,虹膜新生血管
6306,副神经节起源的肿瘤
6307,胃窦血管扩张症
6308,椎基底动脉供血不足
6309,小儿阵发性室上性心动过速
6310,口腔毛滴虫病
6311,视神经乳头水肿及视盘水肿
6312,药物性呼吸衰竭
6313,单侧肺气肿
6314,多房棘球蚴病
6315,原发性孔源性视网膜脱离
6316,种痘并发症
6317,咽畸胎瘤
6318,鼻窦气压性创伤
6319,掌跖纤维瘤病
6320,霜样树枝状视网膜血管炎
6321,食管蹼和食管环
6322,天冬氨酰葡萄糖胺尿症
6323,垂体性矮小病
6324,肾上腺素能依赖性尖端扭转性室性心动过速
6325,鞍上生殖细胞瘤
6326,延迟性压力性荨麻疹
6327,盲肠旁疝
6328,今达花园
6329,外阴上皮样肉瘤
6330,小儿白细胞黏附分子缺陷Ⅰ型
6331,桡神经感觉支卡压
6332,老年人心脏淀粉样变性
6333,胸壁骨肿瘤
6334,忽略症
6335,小儿甲状旁腺功能减退症
6336,颈椎先天融合畸形
6337,乳房外湿疹样癌
6338,婴儿及儿童期癫痫及癫痫综合征
6339,匍行性血管瘤
6340,卡斯钦-贝克病
6341,外伤性乳糜胸
6342,胰高糖素瘤综合征
6343,妊娠期急性肾功能衰竭
6344,锂肾病
6345,小儿软骨发育不全
6346,急性视网膜色素上皮炎
6347,幼年息肉
6348,骨髓-胰腺综合征
6349,小儿呼吸衰竭
6350,浅表脂肪瘤样痣
6351,食管自发性破裂
6352,乌头碱类中毒
6353,肺泡-毛细血管阻滞综合征
6354,新生儿呕血和便血
6355,短腰畸形
6356,发育性髋内翻
6357,亚急性坏死性脊髓炎
6358,口腔黏液囊肿
6359,迟发型皮肤卟啉病
6360,小儿低氯性氮质血症综合征
6361,泰迪英语（高一上）
6362,子宫颈炎症
6363,烧伤感染脾
6364,儿童肾小管性酸中毒
6365,外伤性基底节区血肿
6366,儿童混合性结缔组织病
6367,发绀-杵状指-肝病综合征
6368,儿童X连锁无丙种球蛋白血症
6369,2009年序列之一要点精编（任汝芬教授考研政治）
6370,硬脑膜肉瘤
6371,小儿黏多糖贮积症Ⅳ型
6372,泌尿生殖系包虫病
6373,乳溢-闭经综合征
6374,儿童肾性糖尿
6375,儿童家族性复发性血尿
6376,儿童肾结核
6377,儿童急进性肾小球肾炎
6378,骨盆直肠窝脓肿
6379,间歇性眼球突出
6380,福克斯-福代斯病
6381,儿童肾淀粉样变性
6382,眼眶良性淋巴上皮病
6383,急性横结肠扭转
6384,儿童范科尼综合征
6385,甲状舌管囊肿及瘘管
6386,混合型便秘
6387,小儿李斯特菌病
6388,小儿军团菌病
6389,白细胞黏附缺陷症Ⅱ型
6390,高黏稠综合征
6391,铜绿假单胞菌脑膜炎
6392,雅克什雅贫血
6393,高致病性禽流感病毒感染
6394,水痛症
6395,湄公血吸虫病
6396,新生儿柯萨奇病毒B感染
6397,脑垂体功能异常伴发的精神障碍
6398,额外肾
6399,水痘性角膜炎
6400,咽部及颈部食管闭合性损伤
6401,软骨样汗管瘤
6402,闭锁肺综合征
6403,黏多糖贮积症Ⅴ型
6404,系统性红斑狼疮所致脊髓病
6405,先天性膝关节脱位
6406,喉烧伤
6407,曲霉球
6408,支气管中心性肉芽肿病
6409,家庭氧疗
6410,原发性婴幼儿型青光眼
6411,急性球后视神经炎
6412,肾异位血管及副血管
6413,酒精性弱视
6414,小儿支气管扩张
6415,小腿动脉损伤
6416,外阴恶性横纹肌样瘤
6417,薄基膜肾病
6418,先天性尺骨缺如
6419,弥漫性食管壁内憩室
6420,Hebra痒疹
6421,颅内肿瘤伴发的精神障碍
6422,十二指肠平滑肌瘤
6423,急性减压性骨坏死
6424,椎弓结核
6425,腹主动脉缩窄
6426,铝骨病
6427,慢性髓系白血病
6428,骨血管肉瘤
6429,肠道病毒71型感染
6430,皮质类固醇激素依赖性皮炎
6431,新生儿反应低下
6432,光线性弹力纤维病
6433,外伤性乳房血肿
6434,腹壁挫伤
6435,不动杆菌肺炎
6436,小儿热带嗜酸性粒细胞增多症
6437,妇女雄激素源性秃发
6438,淤滞性皮下硬化症
6439,肱骨远端全骨骺分离
6440,第1掌骨基底部骨折脱位
6441,高颅压性脑积水
6442,肱骨上端骨骺分离
6443,肝脏类癌
6444,系统性红斑狼疮性巩膜炎
6445,儿童身高
6446,双重输尿管
6447,阴道粒细胞肉瘤
6448,巨细胞动脉炎和风湿性多肌痛
6449,乳房缺如
6450,高血压病伴发的精神障碍
6451,全身黏液性水肿
6452,小儿溶血尿毒综合征
6453,单纯疱疹性葡萄膜炎
6454,鄂木斯克出血热
6455,甲状腺功能亢进伴发的精神障碍
6456,小儿色素荨麻疹
6457,新生儿肝脾肿大
6458,小儿贲门失弛缓症
6459,支气管发育不全
6460,颈肩综合征
6461,经膈肌肋间疝
6462,电击伤所致脊髓病
6463,动脉阻塞或狭窄视网膜病变
6464,颈神经背支卡压症
6465,微病毒B19感染性风湿病
6466,持续性枕横位难产
6467,非结核性分枝杆菌关节炎
6468,老年低温症
6469,毛盘瘤
6470,泡性眼炎
6471,小儿发作性睡病
6472,妊娠合并重症肌无力
6473,小儿肝肿瘤
6474,麻风性周围神经病
6475,阴囊派杰病
6476,五氯酚钠中毒
6477,妊娠合并血栓性血小板减少性紫癜
6478,成人骨坏死
6479,继发性系统性淀粉样变
6480,小儿帕套综合征
6481,癌症伴发的精神障碍
6482,热带型肺嗜酸性粒细胞肺炎
6483,布氏杆菌红斑
6484,先天性结肠狭窄和闭锁
6485,妊娠合并多囊肾
6486,浸渍足
6487,房室交接区性期前收缩
6488,小儿马方综合征
6489,双胃
6490,慢性自律性房性心动过速
6491,小儿丙酸血症
6492,小儿混合性结缔组织病
6493,小儿早老症
6494,长骨骨干结核
6495,纤维化综合征
6496,非淋球菌性细菌性关节炎
6497,链球菌中毒性休克综合征
6498,变性性近视的脉络膜萎缩
6499,小儿变应性亚败血症综合征
6500,着色性口周红斑
6501,掌黑癣
6502,小儿面肩肱型肌营养不良
6503,脊髓火器伤
6504,胎赤
6505,眼眶神经纤维瘤
6506,颌面部骨巨细胞瘤
6507,火棉胶婴儿
6508,甲良性肿瘤
6509,瘰疬性苔藓
6510,卵巢肌肉来源肿瘤
6511,克罗伊茨费尔特-雅各布病
6512,肾脏疾病伴发的精神障碍
6513,小儿克山病
6514,血色病性骨关节病
6515,晶状体相关葡萄膜炎
6516,小儿食管异物
6517,足跟瘀斑
6518,左心室恶性施万瘤
6519,喉气管食管裂
6520,颈椎椎体爆裂骨折
6521,丛状血管瘤
6522,阿司匹林不耐受三联征
6523,新生儿皮下脂肪坏死
6524,婴儿肢端脓疱病
6525,成人类风湿性关节炎性巩膜炎
6526,恙虫病性肺炎
6527,结节性液化性脂膜炎
6528,小儿血管-骨肥大综合征
6529,黏多糖贮积症Ⅷ型
6530,小儿肾性尿崩症
6531,糖尿病所致脊髓病
6532,晶状体异位和脱位
6533,外阴-阴道-牙龈综合征
6534,甲状腺功能亢进性骨矿盐疾病
6535,多发性内分泌腺瘤综合征2型
6536,胎儿停育
6537,泥螺-日光性皮炎
6538,伴齿状突骨折的寰枢椎前脱位
6539,松弛性跖痛症
6540,致肠细胞病变人孤儿病毒感染
6541,软骨黏液样纤维瘤
6542,妊娠合并甲状旁腺功能亢进
6543,创伤窒息综合征
6544,妊娠合并动脉导管未闭
6545,肌肉肌腱单位的急性损伤
6546,胎儿乙醇综合征
6547,结膜结核病
6548,瘢痕溃疡
6549,继发性粘连性蛛网膜炎
6550,先天性跖骨内收畸形
6551,自发性蛛网膜下隙出血
6552,Nezelof综合征
6553,遗传性多发脑梗死性痴呆
6554,火器性颅脑损伤
6555,新生儿红细胞增多症-高黏滞度综合征
6556,肺弓形虫病
6557,直肠黏膜松弛
6558,先天性巨细胞病毒感染
6559,小儿家族性非溶血性黄疸综合征
6560,人免疫缺陷病毒感染性肾损害
6561,吉特林综合征
6562,肛周坏死性筋膜炎
6563,小儿播散性脂肪肉芽肿综合征
6564,杜波组织胞浆菌病
6565,珠蛋白生成障碍性贫血视网膜病变
6566,玻璃体疝
6567,奈瑟卡他球菌肺炎
6568,头皮脓疱糜烂性皮病
6569,妊娠合并心房间隔缺损
6570,滑脱性肋骨综合征
6571,气单胞菌肺炎
6572,大脑脓肿
6573,小儿脑挫裂伤
6574,紫外线性眼炎
6575,小儿胱氨酸病
6576,脊髓刃器伤
6577,小儿流感病毒肺炎
6578,幼年型关节强硬性脊椎炎
6579,妊娠合并心室间隔缺损
6580,眼睑痉挛-口下颏部肌张力障碍
6581,骨骺点状发育不良
6582,眼眶寄生虫囊肿
6583,鼻神经胶质瘤
6584,妊娠合并哮喘
6585,食管管型
6586,胸内异物
6587,儿童急性喉炎
6588,小儿软骨营养障碍-血管瘤综合征
6589,混合性生殖细胞-性索间质肿瘤
6590,桡骨干下三分之一骨折合并下尺桡关节脱位
6591,杀鼠药中毒
6592,胆道华支睾吸虫病
6593,小儿食管化学性烧伤
6594,视神经脊髓病
6595,银屑病关节炎性巩膜炎
6596,小儿骨肉瘤
6597,单侧关节突关节脱位
6598,冷球蛋白血症血管炎
6599,高三综合征
6600,葡萄球菌中毒性休克综合征
6601,小儿蛋白质-能量营养不良
6602,交叉异位肾
6603,透明细胞棘皮瘤
6604,腘动脉损伤
6605,心肌梗死并发室间隔穿孔
6606,炎症性腹主动脉瘤
6607,小儿期前收缩
6608,气道异物
6609,骨髓增生异常综合征分型
6610,小儿肾性贫血
6611,涎腺未分化癌
6612,X-连锁无丙种球蛋白血症
6613,小儿软组织肉瘤
6614,眼部淀粉样变性
6615,颅骨裂和有关畸形
6616,硬脑膜转移瘤
6617,小儿普通易变型免疫缺陷
6618,缺血性多形性室性心动过速
6619,黏多糖贮积症Ⅳ型
6620,植物神经系统肿瘤
6621,播散性黄瘤伴尿崩症
6622,血管内乳头状血管内皮细胞瘤
6623,先天性感觉性神经病
6624,跖骨头骨软骨病
6625,胆石性肠梗阻
6626,高脂蛋白血症Ⅴ型
6627,泪腺多形性腺癌
6628,原发性心脏淋巴瘤
6629,小儿结核性心包炎
6630,小儿槭糖尿病
6631,小儿基底细胞痣综合征
6632,Bazin硬红斑
6633,泛发性特发性毛细血管扩张症
6634,皮层性多汗症
6635,食管受压性吞咽困难
6636,肿瘤放射性粒子植入治疗
6637,儿童分离性焦虑症
6638,经前紧张征
6639,煤炭工肺尘埃沉着病
6640,单眼双下转肌麻痹
6641,化脓性盆腔血栓静脉炎
6642,小儿急性化脓性甲状腺炎
6643,女性青春发育延迟
6644,希尔德病
6645,脯肽酶缺乏症
6646,小儿骨与关节结核
6647,泌尿生殖系棘球蚴病
6648,听小骨创伤
6649,肾上腺皮质功能减退性心脏病
6650,小儿巨大膀胱-巨大输尿管综合征
6651,甘露糖苷贮积症
6652,炎症相关性青光眼
6653,新生儿低钠血症
6654,性腺功能异常所致精神障碍
6655,老年休克
6656,金融导论
6657,小儿烹调综合征
6658,脊髓后动脉缺血症候群
6659,持续枕后位难产
6660,小儿嗜血流感杆菌肺炎
6661,小儿面部红斑侏儒综合征
6662,小儿大动脉炎
6663,小儿特发性肺纤维化
6664,视网膜下膜
6665,生殖道肿瘤
6666,小儿糖吸收不良
6667,心厥
6668,小儿急性血源性骨髓炎
6669,踝关节骨软骨病变
6670,乙状结肠造口旁沟疝
6671,尿道黏膜外翻
6672,反复流产
6673,人为皮炎
6674,树薯中毒
6675,成人腹股沟疝
6676,小儿限制型心肌病
6677,先天性气管食管瘘
6678,医源性气管及主支气管损伤
6679,小儿脑水肿与颅内高压综合征
6680,先天性肘关节融合
6681,星形病毒胃肠炎
6682,小儿维斯科特-奥尔德里奇综合征
6683,外阴急性蜂窝织炎
6684,皮肤滤泡中心淋巴瘤
6685,小儿水杨酸盐类中毒
6686,类固醇后脂膜炎
6687,抗利尿激素不适当分泌综合征
6688,汗管棘皮瘤
6689,外阴大汗腺瘤
6690,复发性多发性软骨炎伴发的葡萄膜炎
6691,老年人平衡障碍
6692,电接触烧伤
6693,肝炎相关性再生障碍性贫血
6694,脑额叶肿瘤
6695,间质性膀胱炎、局限性外阴炎和脱屑性阴道炎综合征
6696,汞接触性皮炎
6697,梅毒性骨软骨炎
6698,非闭塞性肠系膜血管缺血
6699,肛门疼痛
6700,小儿纵隔囊肿及肿瘤
6701,红细胞增多症视网膜病变
6702,Nezelot综合征
6703,胃畸胎瘤
6704,原发性大隐静脉曲张
6705,物业管理实务指南与案例分析
6706,意义未明单克隆免疫球蛋白血症
6707,肘关节强直与纤维性僵硬
6708,小儿椎管内肿瘤
6709,老年烧伤
6710,进行性肥厚性间质性神经炎
6711,小儿家族性自主神经失调综合征
6712,小儿后颅窝室管膜瘤
6713,3T魔力语法
6714,小儿重度烧伤
6715,副乳腺癌
6716,小儿军团病肾病
6717,先天性输尿管瓣膜症
6718,炎性肠病性关节炎相关巩膜炎
6719,幼年型慢性关节炎及其伴发的葡萄膜炎
6720,先天性拇内翻
6721,腰部峡部崩裂和脊椎滑脱
6722,急性特发性心包炎
6723,管状腺瘤（大肠）
6724,克-雅病性痴呆
6725,特发于童年的情绪障碍
6726,小儿癫痫发作诱发失语综合征
6727,小儿肺出血-肾炎综合征
6728,二尖瓣、主动脉瓣和三尖瓣的合并疾患
6729,脊柱和脊髓损伤
6730,先天性眼球萎缩
6731,波伦综合征
6732,疱性角结膜炎
6733,输尿管口异位
6734,肺粪类圆线虫病
6735,小儿中度烧伤
6736,颅内先天性肿瘤
6737,儿童狼疮性肾炎
6738,维生素D缺乏神经病
6739,喙突胸小肌综合征
6740,小儿选择性免疫球蛋白A缺乏症
6741,小儿食物变态反应
6742,先天性胃出口梗阻
6743,外阴派杰病
6744,小儿醛固酮过多症
6745,小儿嗜血性流行性感冒杆菌脑膜炎
6746,小儿磷酸酶过少症
6747,小儿结节性多动脉炎
6748,小儿糖吸收不良综合征
6749,产后风瘫
6750,颞间隙和颞下间隙感染
6751,肛门肿物脱出
6752,小儿特发性间质性肺炎
6753,儿童肺出血-肾炎综合征
6754,婴幼儿钙缺乏
6755,痢疾后综合征
6756,先天性拇趾内翻
6757,马蹄形脓肿
6758,肥大性瘢痕
6759,僵踇
6760,棉子油中毒
6761,弹性纤维性假黄瘤
6762,儿童肾性贫血
6763,小儿巨大膀胱-输尿管综合征
6764,周身性脆性硬化症
6765,儿童肾静脉血栓形成
6766,小儿持久性隆起性红斑
6767,RetCam数字视网膜照相机
6768,物理性变应性荨麻疹
6769,白细胞黏附缺陷症Ⅰ型
6770,小儿痣样基底细胞癌综合征
