,属性
0,昏劂
1,4_手术治疗
2,施治要点
3,电子喉镜
4,审证要点
5,心血管疾病诊断
6,ISBN
7,吸脂方式
8,针灸疗法
9,病因病理
10,现代麻醉的范围
11,手段
12,过敏反应及治疗
13,电复律（电除颤）的能量选择
14,用法用量
15,译者
16,titlepy
17,反映肝细胞损伤的项目
18,影响
19,供精人工授精
20,反应性抑郁症
21,胃酸的功能
22,病因及诱因
23,并发证
24,调摄护理
25,听觉言语康复
26,病因及病理生理
27,病机及临床表现
28,下丘脑-垂体-肾上腺轴
29,改善方法
30,癫痫失神发作
31,常见病因
32,传染性
33,主要成分
34,疾病分类及病因
35,发展概况
36,常用推拿手法
37,Frenchay构音障碍评定法
38,常见的罕见病
39,并发症的治疗
40,打鼾原因
41,现场自救
42,条件及影响
43,表现及诊断
44,性伴的处理
45,游戏介绍
46,日常护理
47,由来
48,拼音
49,心电图的应用
50,使用范围
51,注意
52,3_西药治疗
53,发展史及现状
54,正常参考值
55,3_有创性检查
56,激发模型
57,晚期妊娠引产的禁忌证
58,尿妊娠试验注意事项
59,抑郁症心理治疗
60,套筒冠义齿
61,辨症施治
62,下丘脑-垂体-甲状腺轴
63,发病部位
64,制剂
65,辅助检查
66,副作用
67,用药禁忌
68,调护
69,病因与分类
70,体征
71,预防
72,药物流产
73,义眼保养
74,分型分期
75,骨折好发部位
76,减少误诊的措施
77,步骤与方法
78,局部麻醉药的不良反应
79,相关药品
80,成因
81,ABO血型
82,睡瘫症
83,引发因素
84,其他疗法
85,临床诊断意义
86,目的
87,损伤机制
88,乙肝五项检查对照表内容
89,潜在致癌作用
90,异常变化相关因素
91,术前事项
92,类型
93,植入后调机
94,作者
95,神经营养因子
96,喂养好处
97,2_LBL
98,日常注意
99,病理分型
100,栓塞的危害
101,引产前检查
102,适应范围
103,发热
104,目的和意义
105,交通：
106,3_病原学
107,定价
108,疗效判定
109,分级及诊断要点
110,纠正措施
111,作用机制
112,其他方法
113,关系
114,促宫颈成熟与引产方法
115,4_免疫功能失调
116,游走性房性心律
117,复发
118,新生儿疾病筛查
119,调理及产后禁忌
120,血供
121,研究历程
122,反映肝脏肿瘤的血清标志物
123,饮食调护
124,疾病分类
125,穴位解剖
126,辨证施治
127,形态
128,术前同步放化疗的手术时机
129,界
130,CRRC版构音障碍评定法
131,中期引产
132,治疗方案
133,转移途径
134,使用注意
135,基本信息
136,见红
137,别称
138,骨髓穿刺失败原因
139,纲
140,饮食及注意事项
141,检查后注意事项
142,矮小症的治疗
143,预后和随诊
144,植入术适应证
145,使用原则
146,多次小睡潜伏期试验（multiplesleeplatencytest，MSLT）
147,康复评定
148,治则与方药
149,种类
150,七、其他治疗
151,中医解读
152,AUB病因诊断流程
153,理论体系
154,防治
155,胃酸的测定
156,检查和诊断
157,保健食疗
158,变蒸的内容
159,检
160,游戏特色
161,概述
162,相关词条
163,出版时间
164,不同类型临床表现及治疗
165,病理病因
166,3_乳腺X线摄影
167,相关脑区
168,胎儿健康
169,临床表现及分类
170,手术流产
171,参考资料
172,症状性精神病
173,西医治疗
174,操作步骤
175,贮藏
176,辨证论治研究
177,危害
178,2_中医中药治疗
179,临床表现和病理学改变
180,中医应用
181,治疗白天嗜睡的苯丙胺类兴奋剂
182,发作性嗜睡
183,病因及病理
184,装帧
185,产褥期保健
186,图文详解
187,常见非有机磷农药
188,操作过程中注意事项
189,子词条
190,危险因素与诱因
191,所属科室
192,六、辨证施治
193,疾病代码
194,三、脾约的治疗
195,定义
196,流行病学及病因
197,病因及病理类型
198,遗传和预防
199,病因、分类及术语
200,起搏原理
201,窦性停搏
202,常见病治疗
203,应用及优点
204,性能功效
205,自慰的表现
206,纤维喉镜
207,病原
208,睡眠异常与疾病
209,运动试验的临床意义
210,选穴原则
211,纵隔肿瘤的分类
212,植入手术
213,措施
214,禁忌人群
215,是否处方药
216,产前诊断
217,临床麻醉应用
218,一、少阴病的病因病机
219,引产方法
220,禁忌
221,临床应用
222,疗效
223,职业
224,检查前准备工作
225,胎体发育特征
226,脊髓损伤的分级
227,中医运用
228,紧急自救
229,身高的影响因素
230,主要药理作用
231,病理表现
232,处理方法
233,治疗与防护
234,导致原因
235,辨证要点
236,治疗与预防
237,待产期间的医护措施
238,abstract
239,晚期妊娠引产前准备
240,主治
241,学术争议
242,误诊范围
243,证候分析
244,常用方法
245,运动试验时的监测
246,二、少阳病的辨证要点
247,适应证
248,离断伤分类
249,分度及分类
250,需亟待解决的问题
251,常用介质
252,预后与随访
253,单味中药
254,误诊概况
255,发现历史和流行病学
256,治疗原则
257,遗传学
258,急救
259,预后
260,辨证诊断
261,晚期妊娠引产与催产的指征
262,时间
263,护理
264,相兼脉主病
265,性味归经
266,临床表现
267,材质介绍
268,临床意义
269,训练技术
270,1_X线检查
271,淋巴结炎
272,测试
273,具体内容
274,一般流程
275,外文名
276,绝经年龄
277,诊断依据
278,西医学名
279,小儿疾病特点
280,心电图记录纸
281,其他治疗
282,治疗要点
283,病理与分型
284,可致疾病
285,电复律（电除颤）的禁忌证
286,预防传播
287,辨证分析
288,中医学名
289,饮食宜忌
290,痛风治疗
291,治疗
292,打鼾的影响
293,机理分析
294,评定分期
295,ICD号
296,几种常见的印戒细胞癌
297,常见胎盘异常
298,抑郁症的治疗
299,记忆方法
300,1_病毒感染
301,预防护理
302,纪念日
303,辨证分型
304,操作顺序及补泻原则
305,发生率及病死率
306,病态窦房结综合征
307,临床表现及病理改变
308,试验前准备
309,取穴与主治
310,康复治疗
311,病因及治疗
312,别名
313,鉴别诊断
314,家庭护理
315,预防与治疗
316,病因及分类
317,实验室检查
318,自慰的成因
319,小儿葫芦散适应证
320,膳食纤维与健康
321,一、少阳病的病因病机
322,生物学症状
323,预防及治疗
324,反映肝脏合成贮备功能的项目
325,康复评定会
326,轻躁狂
327,中西医结合治疗
328,尿妊娠试纸试验结果
329,晚期引产的主要不良反应及处理
330,诊断检查
331,部位分类
332,麻醉技术
333,药物相互作用
334,间接喉镜
335,1_乳房触诊
336,乙肝五项内容及意义
337,又称
338,窦性心律不齐
339,痛风饮食原则
340,体外循环实施
341,原因
342,终止运动试验指征
343,简介
344,临床类型
345,既病防变
346,孕妇感觉变化
347,相关检查
348,学校：
349,常见过敏性疾病
350,三、少阳病的治疗方法
351,电复律前注意事项
352,药物及设备
353,提高精液质量的方法
354,治疗分类
355,风险
356,诊断和检查
357,国籍
358,抗体与Ig
359,体外循环构成
360,传播方式
361,精液检查
362,心电图导联
363,起博器的合理选择
364,分型诊治
365,针灸治疗
366,术前检查
367,常用工具
368,入睡时幻觉
369,生活史
370,胎儿发育
371,体检常见肿瘤标志物
372,功能
373,效果评价
374,辨治原则
375,分型与分级
376,四、检查
377,训练方法
378,疾病名称
379,性窒息患者的个人特点
380,单胺类神经递质
381,传播途径
382,成分
383,就诊科室
384,肿瘤分期
385,胸锁乳突肌挛缩
386,物理治疗
387,心电图各波及波段的组成
388,常见并发症
389,科
390,糖尿病儿的管理
391,起搏系统的组成
392,authority
393,检查诊断
394,效果
395,影响因素
396,5_乳腺病灶穿刺活检
397,解读
398,毕业院校
399,现场处理
400,药用价值
401,病因及发病机制
402,概念
403,病理
404,3_遗传学异常
405,病因及临床特点
406,二、引发诱因
407,喂养时限
408,治疗猝倒、睡眠瘫痪、入睡前幻觉的三环类抗抑郁药和SSRIs药物
409,正常胎动
410,预防调护
411,临床辨证
412,临床症状
413,治疗和监测
414,非药物治疗
415,四、诊断
416,周边配套
417,出处
418,异常及建议
419,解释
420,脊柱骨折分类
421,优势
422,手术方法
423,内涵――三要素
424,引产前准备
425,急救处理
426,适应症
427,二、脾约的症状
428,病机转归
429,举例
430,参考值
431,其他辅助治疗
432,并发症
433,细胞因子
434,方法
435,适用范围
436,预防调摄
437,过程
438,并发症和后遗症
439,治疗及预后
440,诊断
441,窦性心律过缓
442,常见富贵病
443,诊断及鉴别诊断
444,忌盲目用药
445,训练原则
446,评估治疗
447,对胎儿的影响
448,食物疗法
449,是否进入医保
450,康复训练
451,抵抗力
452,脉象
453,反映肝脏分泌和排泄功能的项目
454,病因和相关因素
455,栓塞原因
456,主要用药禁忌
457,躁狂抑郁症的症状
458,多导睡眠图（PSG）检查
459,内生殖器
460,适应证与禁忌证
461,用法和用量
462,神经衰弱
463,分级
464,发展阶段
465,抑郁症有什么症状表现
466,手术并发症
467,发作性睡眠四联症的临床表现
468,刺灸法
469,功能主治
470,益处
471,适用部位
472,五并发症
473,危险因素
474,认识误区
475,声门图
476,诱发因素
477,手术程序
478,url
479,按压技术要求
480,表现
481,优点和缺点
482,喂养误区
483,膳食指导
484,页数
485,中医病名
486,分类及其特点
487,途径
488,病理诊断
489,分娩疼痛
490,试验结果分析
491,体外循环插管技术
492,胎儿的感觉功能
493,检查
494,体温测量与正常波动
495,术后须知
496,成熟度
497,锌的作用
498,自慰的防治
499,临床分型与分期
500,临床麻醉
501,主要表现
502,未病先防
503,五、治疗
504,烧伤急救
505,程度的判断
506,常见类型
507,缺点
508,疾病相关知识
509,相关疾病
510,假临产
511,预防及预后
512,电复律（电除颤）的适应证
513,运动试验方案
514,致病原理
515,高危因素
516,临床表现及诊断
517,异常胎动
518,其他应用
519,预后及预防
520,结构
521,辨证应用
522,2_CT检查
523,胎儿形成过程
524,2_彩超
525,耳鸣病因
526,趋势
527,禁忌症
528,诊断与鉴别诊断
529,邻近器官
530,常见症状
531,缺牙的弊端
532,原理及分类
533,证候关系
534,常用方
535,优点
536,免疫表型
537,比剖宫产的优越性
538,发生部位
539,目
540,证候分类
541,起搏器的安全性
542,辩证施治
543,主要特征
544,饮食调理
545,病因和传播
546,Kleine-Levin综合征
547,运动负荷量的确定
548,纠正
549,形成
550,AUB九类病因的临床表现、诊断与处理
551,title
552,导致腹痛的疾病
553,民族
554,种
555,药物影响
556,常见的眩晕症
557,手术指征
558,饮食保健
559,中医治疗
560,配伍方法
561,多发群体
562,性激素
563,适应人群
564,部位
565,发作性睡眠四联症的预防
566,Ig的功能
567,新辅助化疗后接受手术的时机
568,检测指标
569,喂养方法
570,中药原料
571,运动与养生
572,术后处理
573,三、临床表现
574,常见证候
575,常见疾病及症状
576,麻醉方法
577,获得性肾性氨基酸尿
578,烧伤处理
579,解剖学基础
580,发病机理
581,门
582,治疗技术
583,常见原发性纵隔肿瘤及囊肿
584,湿痰病因
585,操作方法
586,西医病因病理
587,五、鉴别诊断
588,主要病因
589,遗传性肾性氨基酸尿的类型
590,胎儿下降感
591,不良反应及禁忌
592,意义
593,来源
594,中毒性精神病
595,历史
596,分型标准
597,流行病学
598,诊断和鉴别诊断
599,受孕方法
600,带有胫前肌电图的PSG检查
601,鉴别
602,二、病因
603,三、少阴病的治疗方法
604,_id
605,窦性心动过缓的原因
606,假性宫缩频繁的处理
607,人工心脏起搏适应证
608,医院救治
609,组织病理
610,临床分类
611,主病
612,发生和进展
613,猝倒症
614,形成的原因
615,常见原因
616,生活调养
617,6_生活方式
618,骨质增生产生的原因
619,窦性心律的心电图特征
620,实验室及其他检查
621,躁狂症的治疗
622,随访及常见故障处理
623,现场急救
624,形式
625,一、概述
626,杀鼠药分类
627,流行病学和病因
628,中文名
629,心电图产生的原理
630,性质
631,误区
632,病理特点
633,饮食疗法
634,∶病因
635,外治法
636,病理生理改变
637,术前评估
638,胎儿的营养
639,二、脾劳证治
640,发作性睡眠四联症的并发症
641,心电向量轴
642,定位
643,特点
644,原理
645,注意事项
646,内容介绍
647,缺牙修复
648,常用方药
649,四种症状要警惕口腔癌
650,骨质增生与腰痛的关系
651,外生殖器
652,四大注意
653,常见疾病
654,穿刺引起的并发症
655,2_细菌感染
656,表观遗传学
657,预防保健
658,英文别名
659,手术时间
660,正常精液的标准
661,误诊原因
662,术前准备
663,病因病机
664,甲状腺功能低下和低血糖
665,专病专方
666,组成部分
667,言语处理方案
668,骨髓穿刺部位
669,预防与调摄
670,哮喘的教育与管理
671,二、少阴病的辨证要点
672,胎儿体重
673,副标题
674,脊柱脊髓损伤评分系统
675,电复律（电除颤）后注意事项
676,直接喉镜
677,英文别称
678,分期
679,正常发育的子宫
680,效用
681,与传统放疗照射的区别
682,检查与诊断
683,药品类型
684,用法与用量
685,紧急处理
686,各个相关名词间的关系
687,类别
688,阴道微生态环境
689,理化检查
690,诊断标准
691,试验类型
692,4_乳腺核磁共振
693,发作性睡眠四联症的治疗
694,主要症状
695,Rh血型
696,临床表现及治疗
697,禁忌证
698,分型
699,病因和发病机制
700,剂型
701,临床分型
702,发病机制
703,辨病论治
704,体外电复律（电除颤）的操作步骤
705,声图
706,中文学名
707,预防精神分裂症的复发
708,窦性心律过速
709,中医肝脏功能
710,治疗方法
711,致病性
712,宜忌食品
713,影像学检查
714,临床
715,全身麻醉期间严重并发症
716,临床诊断
717,病因
718,饮食调节
719,出版社
720,中毒机制
721,治愈标准
722,治疗原理
723,病因和病理
724,英文名称
725,临床疗效
726,生理机制
727,分类及分级
728,主要适用症
729,检查及诊断
730,随访
731,子宫里的胎儿
732,原理及用途
733,Barrow分型
734,作用机理
735,急救措施
736,脑脊液鼻漏
737,咳嗽的机制
738,中期引产指征、方案及禁忌证
739,方式
740,安全与风险
741,面瘫程度的分级
742,常见发病部位
743,一、脾约的病因病机
744,自我调治
745,用途
746,客观看待自慰
747,动态喉镜/频闪喉镜
748,病理和病因
749,夫精宫腔内人工授精（IUI）
750,大发作救治
751,方剂出处
752,分类和分型
753,高危儿的家庭监测
754,作用
755,1_心理治疗
756,异物的种类
757,属
758,几种常见类型
759,干预措施
760,疾病病因
761,特征
762,护理调适
763,家庭处理
764,入术的禁忌证
765,牙结石的分度
766,功效主治
767,临床表现和疾病分期
768,疾病状态下的咳嗽反射
769,心电图各导联名称及正负极的构成
770,影响治疗的因素
771,反映肝脏纤维化和肝硬化的项目
772,常用麻醉药物
773,局部麻醉药
774,发生机制
775,抢救
776,f临床表现
777,分类
778,术后护理
779,病理生理
780,分类及分期
781,预后转归
782,临床分型及病理
783,其他注意事项
784,专科分类
785,六、预防
786,常规临床应用项目
787,5_其他化学与职业暴露
788,中药治疗
789,精神分裂症
790,一、脾劳病因病机
791,病因及常见疾病
792,日常保健
793,抑郁性神经症
794,1_PMLBCL
795,作品目录
796,肺癌的播散转移
797,常见的癌前病变
798,药品名称
799,康复
800,症状体征
801,药理作用
802,不良反应
803,清除方法
804,所致疾病
805,中医病因病机
