,c1,c2,症状名称,年龄段,性别,是否合适问
0,头部,颅脑,脑血管痉挛,,,
1,头部,颅脑,脑干出血,,,
2,头部,颅脑,多梦,,,
3,头部,颅脑,失眠,,,
4,头部,颅脑,脑缺氧,,,
5,头部,颅脑,脑干梗塞,,,
6,头部,颅脑,脑白质脱髓鞘,,,
7,头部,颅脑,颅内出血,,,
8,头部,颅脑,脑缺血,,,
9,头部,颅脑,一过性脑缺血,,,
10,头部,颅脑,脑水肿,,,
11,头部,颅脑,颅内感染,,,
12,头部,颅脑,健忘,,,
13,头部,颅脑,侧脑室增宽,,,
14,头部,颅脑,脑白质变性,,,
15,头部,颅脑,幻觉,,,
16,头部,颅脑,丘脑出血,,,
17,头部,颅脑,胼胝体发育不良,,,
18,头部,颅脑,角弓反张,,,
19,头部,颅脑,颅内压增高,,,
20,头部,颅脑,记忆力障碍,,,
21,头部,颅脑,小脑出血,,,
22,头部,颅脑,共济失调,,,
23,头部,颅脑,神志不清,,,
24,头部,颅脑,小脑性共济失调,,,
25,头部,颅脑,脑痉挛,,,
26,头部,颅脑,开放性神经管缺陷,,,
27,头部,颅脑,桥脑梗塞,,,
28,头部,颅脑,精神恍惚,,,
29,头部,颅脑,头部震颤,,,
30,头部,颅脑,智力发育迟缓,,,
31,头部,颅脑,孕妇嗜睡,,,
32,头部,颅脑,语言发育迟缓,,,
33,头部,颅脑,核黄疸,,,
34,头部,颅脑,思维缓慢,,,
35,头部,颅脑,脑脊液鼻漏,,,
36,头部,颅脑,意识丧失,,,
37,头部,颅脑,深部性头痛,,,
38,头部,颅脑,脑室出血,,,
39,头部,颅脑,短暂性眩晕,,,
40,头部,颅脑,神经衰弱综合征,,,
41,头部,颅脑,儿童抽动症,,,
42,头部,颅脑,全头痛,,,
43,头部,颅脑,认知功能障碍,,,
44,头部,颅脑,产后头痛,,,
45,头部,颅脑,反射性呕吐,,,
46,头部,颅脑,继发性癫痫,,,
47,头部,颅脑,颅脑损伤后头痛,,,
48,头部,颅脑,颈项强直,,,
49,头部,颅脑,联想障碍,,,
50,头部,颅脑,运动性失语,,,
51,头部,颅脑,颅内占位性病变,,,
52,头部,颅脑,颅内高压,,,
53,头部,颅脑,垂体功能减退,,,
54,头部,颅脑,单眼突然出现一过性黑蒙,,,
55,头部,颅脑,神志恍惚,,,
56,头部,颅脑,脑膜刺激征,,,
57,头部,颅脑,基底节出血,,,
58,头部,颅脑,癫痫和癫痫样发作,,,
59,头部,颅脑,意识模糊,,,
60,头部,颅脑,中枢性呼吸暂停,,,
61,头部,颅脑,偏身麻木,,,
62,头部,颅脑,顽固性头痛,,,
63,头部,颅脑,摇头,,,
64,头部,颅脑,晕动症,,,
65,头部,颅脑,成人多动症,,,
66,头部,颅脑,以头昏为主的眩晕,,,
67,头部,颅脑,脑软化,,,
68,头部,颅脑,呼吸抑制,,,
69,头部,颅脑,去大脑强直,,,
70,头部,颅脑,头部紧束感,,,
71,头部,颅脑,癫痫的全身强直-阵挛发作,,,
72,头部,颅脑,谵妄,,,
73,头部,颅脑,猝倒,,,
74,头部,颅脑,一过性昏厥,,,
75,头部,颅脑,浅昏迷,,,
76,头部,颅脑,神经性厌食,,,
77,头部,颅脑,脑白质稀疏,,,
78,头部,颅脑,神经质性格,,,
79,头部,颅脑,闭目难立征,,,
80,头部,颅脑,脑桥小脑角综合征,,,
81,头部,颅脑,脑转移,,,
82,头部,颅脑,间歇性失忆,,,
83,头部,颅脑,颅内钙化,,,
84,头部,颅脑,桥脑出血,,,
85,头部,颅脑,口渴,,,
86,头部,颅脑,轻度精神发育迟滞,,,
87,头部,颅脑,牙关紧闭,,,
88,头部,颅脑,脑干病变,,,
89,头部,颅脑,交感神经高度紧张,,,
90,头部,颅脑,平衡功能障碍,,,
91,头部,颅脑,小脑畸形,,,
92,头部,颅脑,颅内头痛,,,
93,头部,颅脑,学习困难,,,
94,头部,颅脑,癫痫的复杂部分性发作,,,
95,头部,颅脑,水中毒,,,
96,头部,颅脑,记忆力下降,,,
97,头部,颅脑,颅骨增生,,,
98,头部,颅脑,幻肢痛,,,
99,头部,颅脑,癫痫的失神发作,,,
100,头部,颅脑,光反射消失,,,
101,头部,颅脑,巅顶疼痛,,,
102,头部,颅脑,脑脊液蛋白量增高,,,
103,头部,颅脑,浅眠,,,
104,头部,颅脑,锥体外系损害,,,
105,头部,颅脑,思维松弛,,,
106,头部,颅脑,三叉神经一二支分布区域疼痛,,,
107,头部,颅脑,深昏迷,,,
108,头部,颅脑,脑脊液循环通路,,,
109,头部,颅脑,颅压增高,,,
110,头部,颅脑,癫痫的单纯部分性发作,,,
111,头部,颅脑,呆滞,,,
112,头部,颅脑,脑叶出血,,,
113,头部,颅脑,脑器质性精神障碍,,,
114,头部,颅脑,新生儿四肢抖动,,,
115,头部,颅脑,脑占位性病变,,,
116,头部,颅脑,松果体区占位病变,,,
117,头部,颅脑,蛛网膜腔内囊肿,,,
118,头部,颅脑,思维破裂,,,
119,头部,颅脑,脑神经麻痹,,,
120,头部,颅脑,垂体功能紊乱,,,
121,头部,颅脑,脑沟变宽,,,
122,头部,颅脑,小脑功能损害,,,
123,头部,颅脑,眼角膜反射消失,,,
124,头部,颅脑,脑膜增厚,,,
125,头部,颅脑,脑灰质异常,,,
126,头部,颅脑,感觉性失语,,,
127,头部,颅脑,Moro反应迟钝,,,
128,头部,颅脑,脑白质偏少,,,
129,头部,颅脑,脑血管动静脉畸形,,,
130,头部,颅脑,颅神经麻痹,,,
131,头部,颅脑,脑衰弱综合征,,,
132,头部,颅脑,癫痫的植物神经性发作,,,
133,头部,颅脑,脑白质萎缩,,,
134,头部,颅脑,角回受损,,,
135,头部,颅脑,神昏气促,,,
136,头部,颅脑,假性延髓性麻痹,,,
137,头部,颅脑,延髓出血,,,
138,头部,颅脑,大脑性共济失调,,,
139,头部,颅脑,脑实质出血,,,
140,头部,颅脑,脑穿通畸形,,,
141,头部,颅脑,定位神经体征,,,
142,头部,颅脑,脑干损害体征,,,
143,头部,颅脑,三角头畸形,,,
144,头部,颅脑,记忆力消失,,,
145,头部,颅脑,成人生长激素分泌不足,,,
146,头部,颅脑,高渗性昏迷,,,
147,头部,颅脑,智力减低,,,
148,头部,颅脑,病态欣快感,,,
149,头部,颅脑,暴胀的颞浅动脉,,,
150,头部,颅脑,头颅增大,,,
151,头部,颅脑,颧红盗汗,,,
152,头部,颅脑,脑膜刺激症状,,,
153,头部,颅脑,婴幼儿抽风,,,
154,头部,颅脑,颅神经损害,,,
155,头部,颅脑,斜头畸形,,,
156,头部,颅脑,妄想,,,
157,头部,颅脑,不偏向一侧，无旋转的眩晕,,,
158,头部,颅脑,空间感知障碍,,,
159,头部,颅脑,丘脑下部损害,,,
160,头部,颅脑,视神经的原发性萎缩,,,
161,头部,颅脑,顺行性遗忘,,,
162,头部,颅脑,前庭性共济失调,,,
163,头部,颅脑,思维贫乏,,,
164,头部,颅脑,婴儿说话晚,,,
165,头部,颅脑,下丘脑损害,,,
166,头部,颅脑,失语,,,
167,头部,颅脑,无梦,,,
168,头部,颅脑,脑功能不全,,,
169,头部,颅脑,单瘫,,,
170,头部,颅脑,脑细胞出现营养不良性蜕变,,,
171,头部,颅脑,小脑萎缩,,,
172,头部,颅脑,小脑体征,,,
173,头部,颅脑,跌倒发作,,,
174,头部,颅脑,松果体钙化移位,,,
175,头部,颅脑,小儿前囟凹陷,,,
176,头部,颅脑,中风偏瘫,,,
177,头部,颅脑,颅缝裂开,,,
178,头部,颅脑,思维中断,,,
179,头部,颅脑,蝶鞍空泡,,,
180,头部,颅脑,双吸气,,,
181,头部,颅脑,晕厥反复发作,,,
182,头部,颅脑,血脑屏障通透性高,,,
183,头部,颅脑,毒品依赖,,,
184,头部,颅脑,醉汉步态,,,
185,头部,颅脑,哭泣样尖叫,,,
186,头部,颅脑,眩晕欲扑,,,
187,头部,颅脑,脑脊液白细胞增加,,,
188,头部,颅脑,蛛网膜粘连,,,
189,头部,颅脑,缺氧缺血性神经损伤,,,
190,头部,颅脑,思维不连贯,,,
191,头部,颅脑,枕叶受损,,,
192,头部,颅脑,舞蹈样手足徐动,,,
193,头部,颅脑,癫痫伴发的神经症,,,
194,头部,颅脑,言语中断,,,
195,头部,颅脑,浅感觉减退或缺失,,,
196,头部,颅脑,颅面骨畸形,,,
197,头部,颅脑,产后垂体坏死,,,
198,头部,颅脑,持续颅内杂音,,,
199,头部,颅脑,命名性失语,,,
200,头部,颅脑,头皮顽厚,,,
201,头部,颅脑,眼球运动障碍,,,
202,头部,颅脑,小脑-视网膜综合征,,,
203,头部,颅脑,昏蒙沉重,,,
204,头部,颅脑,近迫性昏迷,,,
205,头部,颅脑,额叶癫痫的眶额区发作,,,
206,头部,颅脑,额叶癫痫的前额极区发作,,,
207,头部,颅脑,水母头征,,,
208,头部,颅脑,脑灰质移位,,,
209,头部,颅脑,孕妇健忘,,,
210,头部,颅脑,椎动脉迂曲痉挛,,,
211,头部,颅脑,语言障碍,,,
212,头部,颅脑,缺乏深睡眠,,,
213,头部,颅脑,脑疝危象,,,
214,头部,颅脑,豆纹动脉闭塞,,,
215,头部,颅脑,脑电波的改变,,,
216,头部,颅脑,颅底畸形,,,
217,头部,颅脑,额叶癫痫的“击剑姿势”,,,
218,头部,颅脑,读小字和辨色困难,,,
219,头部,颅脑,夜寐不实,,,
220,头部,颅脑,额叶癫痫岛盖发作,,,
221,头部,颅脑,摸空症,,,
222,头部,颅脑,两侧颊部及颞部凹入,,,
223,头部,颅脑,运动性兴奋或抑制,,,
224,头部,颅脑,偏侧空间忽略症,,,
225,头部,颅脑,蝶鞍变形,,,
226,头部,颅脑,小脑失调症,,,
227,头部,颅脑,一过性全面性遗忘,,,
228,头部,颅脑,昏睡病,,,
229,头部,颅脑,一过性意识蒙,,,
230,头部,颅脑,神经元移行异常,,,
231,头部,颅脑,低颅压综合征,,,
232,头部,颅脑,额叶癫痫的运动皮质发作,,,
233,头部,颅脑,神经纤维过度生长,,,
234,头部,颅脑,意向倒错,,,
235,头部,颅脑,钩回发作,,,
236,头部,颅脑,脑室受压移位,,,
237,头部,颅脑,额叶癫痫的扣带回发作,,,
238,头部,颅脑,皮质下痴呆,,,
239,头部,颅脑,偏身肌张力障碍,,,
240,头部,颅脑,穿凿样改变颅骨破坏,,,
241,头部,颅脑,神志昏蒙,,,
242,头部,颅脑,晕厥预兆,,,
243,头部,颅脑,镇静药中毒,,,
244,头部,颅脑,脑实质深部出血,,,
245,头部,颅脑,项强肢颤,,,
246,头部,颅脑,自我定向障碍,,,
247,头部,颅脑,颅缝过早闭合,,,
248,头部,颅脑,蛛网膜增厚,,,
249,头部,颅脑,生理性醉酒,,,
250,头部,颅脑,一侧乳头萎缩，另侧水肿,,,
251,头部,颅脑,面容失认,,,
252,头部,颅脑,无嗅脑,,,
253,头部,颅脑,认知神经功能丧失,,,
254,头部,颅脑,梦幻觉,,,
255,头部,颅脑,垂体切除术后昏迷,,,
256,头部,颅脑,脑炎样改变,,,
257,头部,颅脑,偏侧不注意,,,
258,头部,颅脑,前庭反射消失,,,
259,头部,颅脑,思维黏滞,,,
260,头部,颅脑,图形定向障碍,,,
261,头部,颅脑,说话时字词不能连续,,,
262,头部,颅脑,计算力障碍,,,
263,头部,颅脑,颅骨连续性中断,,,
264,头部,颅脑,无运动或感觉障碍的运用不能,,,
265,头部,颅脑,妄言妄见,,,
266,头部,颅脑,脑脊髓膜浸润,,,
267,头部,颅脑,后脑勺阵痛,,,
268,头部,颅脑,脑实质的浸润,,,
269,头部,颅脑,纯词聋,,,
270,头部,颅脑,网眼样痴呆,,,
271,头部,颅脑,听觉失认症,,,
272,头部,颅脑,偶有自发只言片语,,,
273,头部,颅脑,颜色失认症,,,
274,头部,颅脑,酒悖,,,
275,头部,颅脑,失音乐症,,,
276,头部,颅脑,吸吮反射弱,,,
277,头部,颅脑,环境音失认,,,
278,头部,颅脑,触觉失认症,,,
279,头部,颅脑,去质状态,,,
280,头部,颅脑,物品失认症,,,
281,头部,颅脑,自体部位失认,,,
282,头部,颅脑,极快的不规则跳动,,,
283,头部,颅脑,儿童智力障碍,,,
284,头部,眼,眼皮跳,,,
285,头部,眼,眼睑浮肿,,,
286,头部,眼,眼睛发红,,,
287,头部,眼,眼屎多,,,
288,头部,眼,黑眼圈,,,
289,头部,眼,眼睛痒,,,
290,头部,眼,眼眶疼痛,,,
291,头部,眼,高眼压,,,
292,头部,眼,视力障碍,,,
293,头部,眼,眼花,,,
294,头部,眼,眼充血,,,
295,头部,眼,眼痛,,,
296,头部,眼,眼白发黄,,,
297,头部,眼,眼睛刺痛,,,
298,头部,眼,眼角长斑,,,
299,头部,眼,结膜充血,,,
300,头部,眼,流泪,,,
301,头部,眼,视物模糊,,,
302,头部,眼,红眼,,,
303,头部,眼,眼睑瘙痒,,,
304,头部,眼,眼疲劳,,,
305,头部,眼,迎风流泪,,,
306,头部,眼,看东西有重影,,,
307,头部,眼,复视,,,
308,头部,眼,眼干,,,
309,头部,眼,眼胀,,,
310,头部,眼,晶状体混浊,,,
311,头部,眼,眼内有异物感,,,
312,头部,眼,虹膜发炎,,,
313,头部,眼,眼睑痉挛,,,
314,头部,眼,巩膜黄染,,,
315,头部,眼,动眼神经麻痹,,,
316,头部,眼,眼前黑影,,,
317,头部,眼,眼干涩酸胀，易疲劳,,,
318,头部,眼,两眼干涩,,,
319,头部,眼,双眉间长痘,,,
320,头部,眼,视网膜出血,,,
321,头部,眼,视乳头水肿,,,
322,头部,眼,泪道阻塞,,,
323,头部,眼,突眼症,,,
324,头部,眼,角膜溃疡,,,
325,头部,眼,眉毛变白,,,
326,头部,眼,眼肌麻痹,,,
327,头部,眼,雾视,,,
328,头部,眼,眼部胀痛,,,
329,头部,眼,视野缺损,,,
330,头部,眼,畏光,,,
331,头部,眼,目赤,,,
332,头部,眼,眼前发黑,,,
333,头部,眼,黑蒙,,,
334,头部,眼,虹视,,,
335,头部,眼,眼白发红,,,
336,头部,眼,泪溢,,,
337,头部,眼,眼睑脓肿,,,
338,头部,眼,巩膜充血,,,
339,头部,眼,角膜混浊,,,
340,头部,眼,眼底改变,,,
341,头部,眼,眼发胀、发干,,,
342,头部,眼,看东西有小黑点,,,
343,头部,眼,病理性近视,,,
344,头部,眼,不断眨眼,,,
345,头部,眼,眼部感染,,,
346,头部,眼,目光呆滞,,,
347,头部,眼,巩膜出血,,,
348,头部,眼,倒睫,,,
349,头部,眼,小孩频繁眨眼,,,
350,头部,眼,视物变形,,,
351,头部,眼,金鱼眼,,,
352,头部,眼,飞蚊症,,,
353,头部,眼,白睛混赤,,,
354,头部,眼,瞳孔变白,,,
355,头部,眼,结膜乳头增生,,,
356,头部,眼,睫状充血,,,
357,头部,眼,白晕,,,
358,头部,眼,眼色素膜炎,,,
359,头部,眼,眼睑震颤,,,
360,头部,眼,眼压升高,,,
361,头部,眼,豹纹状眼底,,,
362,头部,眼,眼底出血和渗出,,,
363,头部,眼,眼白出现红点,,,
364,头部,眼,视网膜水肿,,,
365,头部,眼,霍纳综合征,,,
366,头部,眼,眼胞浮肿,,,
367,头部,眼,瞳孔异常,,,
368,头部,眼,视网膜脱离,,,
369,头部,眼,视力常呈雾状模糊感,,,
370,头部,眼,睑结膜沙粒外观,,,
371,头部,眼,色觉异常,,,
372,头部,眼,眉弓疼痛,,,
373,头部,眼,眼前异常闪光，增加的黑点,,,
374,头部,眼,绿色盲,,,
375,头部,眼,假性近视,,,
376,头部,眼,夜盲,,,
377,头部,眼,阿罗瞳孔,,,
378,头部,眼,鼓膜充血,,,
379,头部,眼,粘膜充血,,,
380,头部,眼,边缘溃疡性角膜炎,,,
381,头部,眼,烂眼边,,,
382,头部,眼,玻璃体有血迹,,,
383,头部,眼,眼球压痛,,,
384,头部,眼,眼球调节功能减退或消失,,,
385,头部,眼,眼睛胀痛,,,
386,头部,眼,泪腺肿大,,,
387,头部,眼,眼球不能随意动,,,
388,头部,眼,晨起肥皮肿,,,
389,头部,眼,单眼眼前黑影,,,
390,头部,眼,眼袋,,,
391,头部,眼,视网膜裂孔,,,
392,头部,眼,红色盲,,,
393,头部,眼,老年人非病变性眼前飞蚊,,,
394,头部,眼,始于眼部，扩张开来的面头痛,,,
395,头部,眼,畏光及流泪,,,
396,头部,眼,眼前冒金花,,,
397,头部,眼,目痛,,,
398,头部,眼,真性近视,,,
399,头部,眼,老年人流泪多,,,
400,头部,眼,盲点,,,
401,头部,眼,视觉识别障碍性眩晕,,,
402,头部,眼,斗鸡眼,,,
403,头部,眼,偏盲,,,
404,头部,眼,畏光流泪,,,
405,头部,眼,眼前冒火花或眼前闪光,,,
406,头部,眼,眵泪粘腻,,,
407,头部,眼,泪腺脱垂,,,
408,头部,眼,睁眼昏迷,,,
409,头部,眼,蓝巩膜,,,
410,头部,眼,虹膜异色,,,
411,头部,眼,新生儿眼屎多,,,
412,头部,眼,抱轮红赤,,,
413,头部,眼,泪腺囊肿,,,
414,头部,眼,暴盲,,,
415,头部,眼,眉间皱纹,,,
416,头部,眼,屈光不正性弱视,,,
417,头部,眼,不能持续睁眼,,,
418,头部,眼,黄斑回避现象,,,
419,头部,眼,滑膜增厚,,,
420,头部,眼,眼外肌麻痹,,,
421,头部,眼,眼睑松弛,,,
422,头部,眼,视野缩小,,,
423,头部,眼,眼球移位,,,
424,头部,眼,单眼失明,,,
425,头部,眼,婴儿斜视,,,
426,头部,眼,非玻璃体的病变眼前飞蚊,,,
427,头部,眼,晶状体脱位或半脱位,,,
428,头部,眼,绿色弱,,,
429,头部,眼,年轻人的眼袋,,,
430,头部,眼,大量饮酒后突然视力减退,,,
431,头部,眼,玻璃体经瞳孔向前房凸出,,,
432,头部,眼,白色视野缺损,,,
433,头部,眼,眼底异常,,,
434,头部,眼,结膜干燥斑,,,
435,头部,眼,瞳孔变形,,,
436,头部,眼,灰白色结节,,,
437,头部,眼,瞳孔两侧不等大,,,
438,头部,眼,一过性肉眼血尿,,,
439,头部,眼,口、眼、生殖器损害,,,
440,头部,眼,结膜异物,,,
441,头部,眼,弱视眼的拥挤现象,,,
442,头部,眼,对光反射迟钝,,,
443,头部,眼,虹膜缺损,,,
444,头部,眼,眼球挫伤,,,
445,头部,眼,眼球斑点,,,
446,头部,眼,泪腺发炎,,,
447,头部,眼,屈光参差性弱视,,,
448,头部,眼,轴性近视,,,
449,头部,眼,早晨上下眼睑粘连,,,
450,头部,眼,眼睑异物,,,
451,头部,眼,晶状体突出,,,
452,头部,眼,眼球内斜,,,
453,头部,眼,视力视野改变,,,
454,头部,眼,眼白蓝灰色或黑色斑点,,,
455,头部,眼,虹膜根部离断,,,
456,头部,眼,小眼球,,,
457,头部,眼,眼张不开,,,
458,头部,眼,眶周水肿,,,
459,头部,眼,耳核肿痛,,,
460,头部,眼,玻璃体内可见球形囊体,,,
461,头部,眼,虹膜节段性萎缩,,,
462,头部,眼,蓝黄色弱,,,
463,头部,眼,青年白内障,,,
464,头部,眼,上眼睑增厚松弛,,,
465,头部,眼,小梁网色素沉着,,,
466,头部,眼,睑结膜充血露出黄色脓块,,,
467,头部,眼,视网膜Roth斑,,,
468,头部,眼,巩膜水肿,,,
469,头部,眼,瞳孔不对称,,,
470,头部,眼,睑结膜的巨大乳头,,,
471,头部,眼,XA-现象,,,
472,头部,眼,眼睑闭合不全,,,
473,头部,眼,睫毛掉落,,,
474,头部,眼,视野向心性缩小,,,
475,头部,眼,眼压突然迅速升高,,,
476,头部,眼,睑内翻,,,
477,头部,眼,角膜知觉减少,,,
478,头部,眼,巩膜小泡,,,
479,头部,眼,角膜异物,,,
480,头部,眼,角膜表面三角形胬肉,,,
481,头部,眼,睡眠时睑闭合不全,,,
482,头部,眼,黄视,,,
483,头部,眼,动眼危象,,,
484,头部,眼,蓝黄色盲,,,
485,头部,眼,黄斑盘状变性,,,
486,头部,眼,睁眼困难,,,
487,头部,眼,角膜烧伤,,,
488,头部,眼,目垢增多,,,
489,头部,眼,上睑黄白色小点,,,
490,头部,眼,花翳白陷,,,
491,头部,眼,眉毛外侧脱落稀疏而细,,,
492,头部,眼,结膜变浅或变苍白,,,
493,头部,眼,不能眨眼,,,
494,头部,眼,虹膜表面形成灰白色肿瘤结节,,,
495,头部,眼,晶状体移位,,,
496,头部,眼,曲率性近视,,,
497,头部,眼,眼结膜上出现瘀点,,,
498,头部,眼,剥夺性弱视,,,
499,头部,眼,眼底樱桃红斑,,,
500,头部,眼,X-现象,,,
501,头部,眼,角膜上皮糜烂,,,
502,头部,眼,眼裂细小,,,
503,头部,眼,巩膜外层炎,,,
504,头部,眼,羞明,,,
505,头部,眼,双眼Bell现象不对称,,,
506,头部,眼,青光眼斑,,,
507,头部,眼,黏膜干燥,,,
508,头部,眼,眼缺陷,,,
509,头部,眼,眨眼不止,,,
510,头部,眼,XV-现象,,,
511,头部,眼,睑结膜出现灰白色膜,,,
512,头部,眼,视神经乳头苍白,,,
513,头部,眼,青盲,,,
514,头部,眼,角膜大小不等的透明水泡,,,
515,头部,眼,下睑外翻,,,
516,头部,眼,梅毒性角膜炎,,,
517,头部,眼,眼肌瘫痪,,,
518,头部,眼,角膜干燥斑,,,
519,头部,眼,单纯性近视,,,
520,头部,眼,肌肉目闰动,,,
521,头部,眼,中心暗点扩大,,,
522,头部,眼,瞳孔出现黄白色反光,,,
523,头部,眼,角巩膜葡萄肿,,,
524,头部,眼,眼底无红光反射,,,
525,头部,眼,眼球浮动现象,,,
526,头部,眼,废用性弱视,,,
527,头部,眼,视物变小,,,
528,头部,眼,眼球穿孔,,,
529,头部,眼,瞳孔部分阻滞,,,
530,头部,眼,虹膜蓝色,,,
531,头部,眼,单侧眼底出现肉芽肿性改变,,,
532,头部,眼,同向性偏盲,,,
533,头部,眼,生理盲点扩大,,,
534,头部,眼,眼眶内持续性、针刺或撕扯样痛,,,
535,头部,眼,恶性近视,,,
536,头部,眼,角膜糜烂,,,
537,头部,眼,双眼难以忍受的奇痒,,,
538,头部,眼,进食流泪,,,
539,头部,眼,眼结膜红,,,
540,头部,眼,老化松弛性眼袋,,,
541,头部,眼,眼底发现黄斑呈带灰色变色,,,
542,头部,眼,眼睑呈紫红色,,,
543,头部,眼,同向偏盲,,,
544,头部,眼,双上眼睑的水肿性紫红色斑,,,
545,头部,眼,碜涩珠痛,,,
546,头部,眼,眶周青紫,,,
547,头部,眼,眼距宽阔,,,
548,头部,眼,眶周瘀斑,,,
549,头部,眼,血管翳,,,
550,头部,眼,眶上裂综合征,,,
551,头部,眼,混合性近视,,,
552,头部,眼,睑裂狭小,,,
553,头部,眼,睑结膜泪阜区灰黑色肿物,,,
554,头部,眼,凝视征,,,
555,头部,眼,Y-现象和菱形现象,,,
556,头部,眼,眼球内积脓而失明,,,
557,头部,眼,大角膜,,,
558,头部,眼,角膜灼伤刮伤,,,
559,头部,眼,眼睑闭合障碍,,,
560,头部,眼,眼晶体前房棕色光反射,,,
561,头部,眼,红视,,,
562,头部,眼,眼部烧伤感,,,
563,头部,眼,器质性弱视,,,
564,头部,眼,眼结膜黑变,,,
565,头部,眼,远视屈光度数增加,,,
566,头部,眼,失明,,,
567,头部,眼,双眼抽搐,,,
568,头部,眼,空洞形成,,,
569,头部,眼,格子样变性,,,
570,头部,眼,视空间功能受损,,,
571,头部,眼,屈光介质混浊,,,
572,头部,眼,近视弧,,,
573,头部,眼,舒张期奔马律,,,
574,头部,眼,眼底黄斑部的樱桃红斑点,,,
575,头部,眼,视觉失认,,,
576,头部,眼,角膜水肿,,,
577,头部,眼,绿视,,,
578,头部,眼,视网膜静脉纡曲怒张,,,
579,头部,眼,疳眼,,,
580,头部,眼,假性前房积脓,,,
581,头部,眼,眼面痛,,,
582,头部,眼,筛窦泪囊瘘,,,
583,头部,眼,外斜V征,,,
584,头部,眼,眼-头反射消失,,,
585,头部,眼,自发性球内出血,,,
586,头部,眼,泪腺不发达,,,
587,头部,眼,视近困难,,,
588,头部,眼,角膜外缘有棕绿色色素环,,,
589,头部,眼,夕阳综合征,,,
590,头部,眼,周期性发作的巩膜充血,,,
591,头部,眼,眼外肌运动无力,,,
592,头部,眼,眼眶异物,,,
593,头部,眼,与脉搏相一致的眼球跳动,,,
594,头部,眼,蓝色视野缺损,,,
595,头部,眼,视近不能持久,,,
596,头部,眼,晚霞样或夕照样眼底,,,
597,头部,眼,瞳孔固定,,,
598,头部,眼,新生儿脓漏眼,,,
599,头部,眼,脸裂,,,
600,头部,眼,巩膜穿孔,,,
601,头部,眼,屈光率性近视,,,
602,头部,眼,黏膜出现出血点,,,
603,头部,眼,角膜色膜环,,,
604,头部,眼,帕里诺眼-腺综合征,,,
605,头部,眼,两眼上视障碍,,,
606,头部,眼,眼球垂直运动障碍,,,
607,头部,眼,双眼向上凝视,,,
608,头部,眼,视盘倾斜,,,
609,头部,眼,眼睑肿胀且呈淡绿色,,,
610,头部,眼,晶状体膨胀增大,,,
611,头部,眼,耀光感,,,
612,头部,眼,眼神异常,,,
613,头部,眼,泪膜消失,,,
614,头部,眼,对红绿颜色分辨不清,,,
615,头部,眼,角膜树枝状改变,,,
616,头部,眼,晶状体青光眼斑,,,
617,头部,眼,眼睑畸形,,,
618,头部,眼,交替使用双眼,,,
619,头部,眼,角膜反射迟钝,,,
620,头部,眼,外斜A征,,,
621,头部,眼,眼白过白,,,
622,头部,眼,前房下方有红色血平面,,,
623,头部,眼,脉络膜凹陷,,,
624,头部,眼,中心暗点或弓形暗点,,,
625,头部,眼,内斜A征,,,
626,头部,眼,内斜V征,,,
627,头部,眼,角膜晶状体粘连,,,
628,头部,眼,昼盲,,,
629,头部,眼,斜眼抑制,,,
630,头部,眼,色觉丧失,,,
631,头部,眼,晶状体皱缩,,,
632,头部,眼,滴状角膜,,,
633,头部,眼,象限性偏盲,,,
634,头部,眼,角膜上点状暗灰色混浊,,,
635,头部,眼,瞳孔中能见到白色反光,,,
636,头部,眼,小儿青盲,,,
637,头部,眼,前房积脓,,,
638,头部,眼,晶状体蛋白逸出,,,
639,头部,眼,限局性巩膜膨隆肿物,,,
640,头部,眼,两眼下视不能,,,
641,头部,眼,眼球不同轴,,,
642,头部,眼,孕期眼睛干燥,,,
643,头部,眼,睑球粘连,,,
644,头部,眼,眼前冒紫烟,,,
645,头部,眼,角膜后胚胎环,,,
646,头部,眼,斜视性弱视,,,
647,头部,眼,眼眶缩小,,,
648,头部,眼,交叉注视,,,
649,头部,眼,瞳孔缘色素外翻,,,
650,头部,眼,睑结膜硬而扁平的乳头,,,
651,头部,眼,绿风内障,,,
652,头部,眼,角膜瘘,,,
653,头部,眼,晶状体囊壁破裂,,,
654,头部,眼,眼裂歪斜,,,
655,头部,眼,眼嘴的细小皱纹,,,
656,头部,眼,眶静脉回流障碍,,,
657,头部,眼,铺路石样变性,,,
658,头部,眼,乌珠生翳如葱白,,,
659,头部,眼,晶状体铁质沉着,,,
660,头部,眼,黏膜稍苍白,,,
661,头部,眼,漆裂样纹,,,
662,头部,眼,先天性虹膜缺乏,,,
663,头部,眼,瞳孔如锯齿或梅花状,,,
664,头部,眼,菱形-现象,,,
665,头部,眼,角膜有菌苔或溃疡,,,
666,头部,眼,黑睛溃破,,,
667,头部,眼,前房色素沉积,,,
668,头部,眼,瞳子高,,,
669,头部,眼,眼球上翻并固定,,,
670,头部,眼,前房中肿胀的晶状体皮质颗粒,,,
671,头部,眼,眼球会聚功能麻痹或痉挛,,,
672,头部,眼,注视快速运动的物体时头部转动快于眼球运动,,,
673,头部,眼,睑缘呈横“S”形下垂,,,
674,头部,眼,眼旋转,,,
675,头部,眼,双眼眶距宽,,,
676,头部,眼,眶底爆折,,,
677,头部,眼,眦部缺损或眦缺损,,,
678,头部,眼,愚型样睑裂歪曲,,,
679,头部,眼,眼球运动偏斜扭转,,,
680,头部,眼,眨眼率减少,,,
681,头部,眼,角膜中央后部典型碎银状外貌,,,
682,头部,眼,核上性垂直性眼肌瘫痪,,,
683,头部,眼,愚型样斜的杏形眼,,,
684,头部,眼,双侧睑外翻,,,
685,头部,眼,胞轮振跳,,,
686,头部,眼,眼结石,,,
687,头部,眼,眼睛干涩,,,
688,头部,眼,上眼睑下垂,,,
689,头部,鼻,呼吸困难,,,
690,头部,鼻,鼻塞,,,
691,头部,鼻,流鼻血,,,
692,头部,鼻,流黄鼻涕,,,
693,头部,鼻,呼吸异常,,,
694,头部,鼻,流鼻涕,,,
695,头部,鼻,带血粘脓鼻涕,,,
696,头部,鼻,流清涕,,,
697,头部,鼻,鼻腔干燥及结痂,,,
698,头部,鼻,鼻屎多,,,
699,头部,鼻,鼻窦压痛,,,
700,头部,鼻,鼻内似有擤不出的鼻涕,,,
701,头部,鼻,红鼻头,,,
702,头部,鼻,鼻毛变白,,,
703,头部,鼻,反复感冒,,,
704,头部,鼻,鼻粘膜肿胀,,,
705,头部,鼻,脓鼻涕增多且不易擤尽,,,
706,头部,鼻,鼻溢液,,,
707,头部,鼻,鼻痒,,,
708,头部,鼻,酒糟鼻,,,
709,头部,鼻,反复上呼吸道感染,,,
710,头部,鼻,口鼻生疮,,,
711,头部,鼻,上呼吸道卡他症状,,,
712,头部,鼻,鼻衄,,,
713,头部,鼻,鼻塞及反射性头痛,,,
714,头部,鼻,变应性鼻炎,,,
715,头部,鼻,鼻子发黑,,,
716,头部,鼻,鼻内发痒,,,
717,头部,鼻,反复鼻出血,,,
718,头部,鼻,鼻粘膜干燥发痒,,,
719,头部,鼻,鼻干,,,
720,头部,鼻,鼻翼两侧脱皮,,,
721,头部,鼻,鼻泪管阻塞,,,
722,头部,鼻,说话带鼻音,,,
723,头部,鼻,鼻梁低,,,
724,头部,鼻,鼻分泌物增多,,,
725,头部,鼻,鼻子长痘,,,
726,头部,鼻,睡眠呼吸暂停,,,
727,头部,鼻,鼻粘膜溃疡,,,
728,头部,鼻,鼻腔中后部出血,,,
729,头部,鼻,新生儿鼻塞,,,
730,头部,鼻,鼻子红血丝,,,
731,头部,鼻,鼻孔干疼,,,
732,头部,鼻,鼻黏膜和鼻甲萎缩,,,
733,头部,鼻,鼻内痛,,,
734,头部,鼻,回吸性涕血,,,
735,头部,鼻,鼻臭症,,,
736,头部,鼻,口角和鼻周出现黄白色水疱,,,
737,头部,鼻,吸气困难,,,
738,头部,鼻,塌鼻梁,,,
739,头部,鼻,下鼻甲或中鼻甲肥大,,,
740,头部,鼻,鼻前庭囊肿,,,
741,头部,鼻,嗅觉丧失,,,
742,头部,鼻,鼻粘膜苍白水肿,,,
743,头部,鼻,鼻翼扇动,,,
744,头部,鼻,潮式呼吸,,,
745,头部,鼻,扑翼样震颤,,,
746,头部,鼻,鼻甲肿胀,,,
747,头部,鼻,鼻和喉部灼热感,,,
748,头部,鼻,鼻咽腔狭窄,,,
749,头部,鼻,挖鼻孔,,,
750,头部,鼻,鼻端弥漫性潮红,,,
751,头部,鼻,侧卧时位于下侧鼻腔出现鼻塞,,,
752,头部,鼻,夜间睡眠气短憋醒,,,
753,头部,鼻,鼻端出火,,,
754,头部,鼻,鼻中隔向一侧或两则弯曲,,,
755,头部,鼻,鼻咽癌的远处转移,,,
756,头部,鼻,黑色鼻涕,,,
757,头部,鼻,歪鼻,,,
758,头部,鼻,白渣样鼻涕,,,
759,头部,鼻,鼻端肥大,,,
760,头部,鼻,鼻前庭皮肤红肿疼痛,,,
761,头部,鼻,鼻根部水肿,,,
762,头部,鼻,鼻甲萎缩,,,
763,头部,鼻,鼻毛脱落,,,
764,头部,鼻,感染性鼻炎,,,
765,头部,鼻,鼻脓涕有臭味,,,
766,头部,鼻,增殖腺肥大,,,
767,头部,鼻,过度通气,,,
768,头部,鼻,呼吸不规则,,,
769,头部,鼻,鼻黏膜溃疡,,,
770,头部,鼻,鼻部结核,,,
771,头部,鼻,阵发性鼻塞,,,
772,头部,鼻,鼻唇沟加深,,,
773,头部,鼻,鼻煽,,,
774,头部,鼻,孕妇感冒,,,
775,头部,鼻,上呼吸道和口腔存在大量定植菌,,,
776,头部,鼻,鼻唇沟变浅,,,
777,头部,鼻,吐血衄血,,,
778,头部,鼻,带血性分泌物,,,
779,头部,鼻,鼻前庭部发痒,,,
780,头部,鼻,鼻尖或鼻翼出现带状疱疹,,,
781,头部,鼻,面部皮肤油腻,,,
782,头部,鼻,鼻咽异物,,,
783,头部,鼻,深侧鼻塞,,,
784,头部,鼻,鼻腔不能关闭引起的鼻音,,,
785,头部,鼻,鼻腔前部出血,,,
786,头部,鼻,鼻翼厚,,,
787,头部,鼻,鼻孔流脓,,,
788,头部,鼻,鼻孔外露,,,
789,头部,鼻,间歇性鼻阻塞,,,
790,头部,鼻,鼻梁平塌,,,
791,头部,鼻,鼻子黄色或棕色,,,
792,头部,鼻,鹰钩鼻,,,
793,头部,鼻,短气,,,
794,头部,鼻,涕唾稠粘,,,
795,头部,鼻,单侧鼻腔阻塞,,,
796,头部,鼻,鼻流浊液,,,
797,头部,鼻,嗅觉过敏,,,
798,头部,鼻,过强反向性鼻炎,,,
799,头部,鼻,食物返流至鼻腔,,,
800,头部,鼻,鼻中隔或鼻腔内软骨暴露,,,
801,头部,鼻,鼻尖上翘呈马鞍状,,,
802,头部,鼻,吸气时鼻腔阻塞,,,
803,头部,鼻,鼻旁窦发育不良,,,
804,头部,鼻,上呼吸道粘膜刺激症状,,,
805,头部,鼻,蛙状鼻,,,
806,头部,鼻,鼻粘膜溃疡和萎缩,,,
807,头部,鼻,鼻窦气压伤,,,
808,头部,鼻,支气管脓性分泌物增多,,,
809,头部,鼻,鼻裂,,,
810,头部,鼻,鼻外部膨胀隆起,,,
811,头部,鼻,鼻孔闭锁,,,
812,头部,鼻,呼吸气为酒味,,,
813,头部,鼻,鼻黏膜可呈颗粒状易碎的结痂,,,
814,头部,鼻,鼻Z,,,
815,头部,鼻,嗅觉倒错,,,
816,头部,鼻,鼻端形态不佳,,,
817,头部,鼻,鼻孔朝天或鼻孔前倾,,,
818,头部,鼻,鼻小柱缺损,,,
819,头部,鼻,鼻子颜色苍白,,,
820,头部,鼻,鼻梁变厚,,,
821,头部,鼻,一过性的流感样症状,,,
822,头部,鼻,鼻塞排出脓性或血性分泌物,,,
823,头部,鼻,鼻翼上方缺损,,,
824,头部,鼻,严重急性呼吸道症,,,
825,头部,鼻,鼻端缺损,,,
826,头部,鼻,鼻翼边缘缺损,,,
827,头部,鼻,鸟嘴样尖鼻,,,
828,头部,鼻,经常流鼻血,,,
829,头部,鼻,初生婴儿打呼噜,,,
830,头部,鼻,红鼻子,,,
831,头部,鼻,孕妇鼻出血,,,
832,头部,鼻,鼻子毛孔大,,,
833,头部,耳,耳后淋巴结肿大,,,
834,头部,耳,神经性耳聋,,,
835,头部,耳,神经性耳鸣,,,
836,头部,耳,耳痛,,,
837,头部,耳,婴儿睡觉摇头,,,
838,头部,耳,耳内闭塞感,,,
839,头部,耳,耳廓痛,,,
840,头部,耳,耳痒,,,
841,头部,耳,耳后疼痛,,,
842,头部,耳,耳内发胀,,,
843,头部,耳,听力下降,,,
844,头部,耳,耳内疼痛,,,
845,头部,耳,搏动性耳鸣,,,
846,头部,耳,幻听,,,
847,头部,耳,耳堵,,,
848,头部,耳,听力减退,,,
849,头部,耳,耳垂里有硬疙瘩,,,
850,头部,耳,耳硬化症,,,
851,头部,耳,耳垂长痘,,,
852,头部,耳,耳廓红肿,,,
853,头部,耳,耳鸣如潮,,,
854,头部,耳,耳鸣,,,
855,头部,耳,耳流脓,,,
856,头部,耳,传导性耳聋,,,
857,头部,耳,耳屎多,,,
858,头部,耳,外耳道疼痛,,,
859,头部,耳,耳闷,,,
860,头部,耳,耳溢液,,,
861,头部,耳,传导性耳鸣,,,
862,头部,耳,耳根部疼痛,,,
863,头部,耳,耳道堵塞,,,
864,头部,耳,耳鼓膜穿孔,,,
865,头部,耳,耳漏,,,
866,头部,耳,耳前庭功能受损,,,
867,头部,耳,前庭神经受损,,,
868,头部,耳,瞳孔大小不等,,,
869,头部,耳,耳鼓膜破裂,,,
870,头部,耳,中枢性耳聋,,,
871,头部,耳,耳下区的韧实肿块,,,
872,头部,耳,外耳道狭窄,,,
873,头部,耳,耳道流血,,,
874,头部,耳,耳后乳突水肿,,,
875,头部,耳,耳蜗性耳聋,,,
876,头部,耳,耳骨外翻,,,
877,头部,耳,耳道流脓,,,
878,头部,耳,挖耳出血,,,
879,头部,耳,招风耳,,,
880,头部,耳,副耳,,,
881,头部,耳,耳冻伤,,,
882,头部,耳,血性耳漏,,,
883,头部,耳,鼓膜发红，耳后红肿,,,
884,头部,耳,耳垂过大,,,
885,头部,耳,耳垂小,,,
886,头部,耳,耳廓牵拉疼,,,
887,头部,耳,新生儿长牙,,,
888,头部,耳,波动性听力减退,,,
889,头部,耳,指甲、耳软骨出现褐色色素沉着,,,
890,头部,耳,两眼刺痛,,,
891,头部,耳,耳内流脓,,,
892,头部,耳,耳郭突出,,,
893,头部,耳,耳朵位置低,,,
894,头部,耳,菜花耳,,,
895,头部,耳,耳道异物,,,
896,头部,耳,耳廓癣,,,
897,头部,耳,杯状耳,,,
898,头部,耳,重听,,,
899,头部,耳,听觉疲劳,,,
900,头部,耳,血性耳分泌物,,,
901,头部,耳,耳廓腹侧面局限性囊肿,,,
902,头部,耳,间歇性耳痛,,,
903,头部,耳,外耳道癣,,,
904,头部,耳,耳廓放射性痛,,,
905,头部,耳,耳窍壅肿,,,
906,头部,耳,看东西变远,,,
907,头部,耳,蓝鼓膜征,,,
908,头部,耳,耳前庭听觉失衡,,,
909,头部,耳,耳孔处肿物,,,
910,头部,耳,复听,,,
911,头部,耳,病理性听觉适应,,,
912,头部,耳,耳垂缺损,,,
913,头部,耳,口唇发黄,,,
914,头部,耳,耳道划伤,,,
915,头部,耳,耳廓变大,,,
916,头部,耳,听骨畸形,,,
917,头部,耳,中耳和耳咽管纤毛异常,,,
918,头部,耳,耳后红斑,,,
919,头部,耳,耳孔处长出的肿物,,,
920,头部,耳,听力缺陷,,,
921,头部,耳,喜叹息,,,
922,头部,耳,双耳廓发育不全,,,
923,头部,耳,听阈上升,,,
924,头部,耳,耳廓耳道撕裂伤,,,
925,头部,耳,复聪现象,,,
926,头部,耳,鼓膜瘢痕化,,,
927,头部,耳,耳围凹陷,,,
928,头部,耳,星迹步态,,,
929,头部,耳,吸吮不利,,,
930,头部,耳,双耳廓缺损,,,
931,头部,耳,耳轮发育不全,,,
932,头部,耳,耳、鼻、软骨变成蓝色,,,
933,头部,耳,假声现象,,,
934,头部,耳,耳垂粘连,,,
935,头部,耳,耳壳的干性坏死,,,
936,头部,耳,耳源性破伤风,,,
937,头部,耳,耳廓擦伤,,,
938,头部,耳,音调韵律的异常,,,
939,头部,耳,耳后长硬包,,,
940,头部,面部,脸上长斑,,,
941,头部,面部,下巴长痘,,,
942,头部,面部,脸色发黄,,,
943,头部,面部,脸色发黑,,,
944,头部,面部,面部浮肿,,,
945,头部,面部,雀斑,,,
946,头部,面部,左边脸颊长痘,,,
947,头部,面部,右边脸颊长痘,,,
948,头部,面部,颌下腺肿大,,,
949,头部,面部,脸红,,,
950,头部,面部,面色苍白,,,
951,头部,面部,腮腺肿大,,,
952,头部,面部,颜面潮红,,,
953,头部,面部,面色潮红,,,
954,头部,面部,面部蝶形红斑,,,
955,头部,面部,婴儿脸色发黄,,,
956,头部,面部,面部水肿,,,
957,头部,面部,胡子发黄,,,
958,头部,面部,脸部疼痛,,,
959,头部,面部,脸颊潮红,,,
960,头部,面部,面部肌肉痉挛,,,
961,头部,面部,脸上黑斑,,,
962,头部,面部,面部脱皮,,,
963,头部,面部,红光满面,,,
964,头部,面部,面部麻木,,,
965,头部,面部,面色灰暗,,,
966,头部,面部,肾病性浮肿面容,,,
967,头部,面部,腮腺无痛性肿块,,,
968,头部,面部,满月脸,,,
969,头部,面部,面部斑点,,,
970,头部,面部,面神经瘫痪,,,
971,头部,面部,面红升火,,,
972,头部,面部,腮腺区肿大,,,
973,头部,面部,面部皮肤有结节状增生,,,
974,头部,面部,颧红,,,
975,头部,面部,面色青紫,,,
976,头部,面部,肝病容,,,
977,头部,面部,表情淡漠,,,
978,头部,面部,颌突畸形,,,
979,头部,面部,川字纹,,,
980,头部,面部,脸冻伤,,,
981,头部,面部,腺样体面容,,,
982,头部,面部,咀嚼肌肥大,,,
983,头部,面部,红赤面,,,
984,头部,面部,腮腺肿胀,,,
985,头部,面部,潮热颧红,,,
986,头部,面部,眉弓凹陷,,,
987,头部,面部,早上起床突然发现面颊动作不灵或歪斜,,,
988,头部,面部,红晕,,,
989,头部,面部,三叉神经分布区麻木感,,,
990,头部,面部,面部畸形,,,
991,头部,面部,胡子稀疏,,,
992,头部,面部,腮颊肿胀,,,
993,头部,面部,躯体或颜面某一局部的连续性抽动,,,
994,头部,面部,无胡须,,,
995,头部,面部,咀嚼肌痉挛,,,
996,头部,面部,颌下腺疼痛、压痛,,,
997,头部,面部,面痛,,,
998,头部,面部,甲亢面容,,,
999,头部,面部,口角肌肉的抽搐,,,
1000,头部,面部,面部多毛,,,
1001,头部,面部,眉弓囊肿,,,
1002,头部,面部,面神经麻痹,,,
1003,头部,面部,面部闪电疼痛,,,
1004,头部,面部,耳顶线以下至发际处痛觉过敏或减退,,,
1005,头部,面部,面色青灰,,,
1006,头部,面部,髂骨角增大,,,
1007,头部,面部,面具脸,,,
1008,头部,面部,饮酒性面红,,,
1009,头部,面部,粘液性水肿面容,,,
1010,头部,面部,脸部大小不一,,,
1011,头部,面部,脸颊出现红血丝,,,
1012,头部,面部,颌下腺导管口有咸味或脓性分泌物排出,,,
1013,头部,面部,早衰症,,,
1014,头部,面部,下颌角外翻,,,
1015,头部,面部,上唇附近，鼻旁沟和眼睑的丘疹或结节,,,
1016,头部,面部,面部皮肤皱纹增多,,,
1017,头部,面部,痛性脸抽搐,,,
1018,头部,面部,麻疹面容,,,
1019,头部,面部,苦笑面容,,,
1020,头部,面部,面、颈部味觉性多汗,,,
1021,头部,面部,颌骨呈“扇形”骨质破坏,,,
1022,头部,面部,一侧颜面肥大,,,
1023,头部,面部,口角歪斜，无法说话,,,
1024,头部,面部,痉笑面容,,,
1025,头部,面部,面颊及上胸部充血,,,
1026,头部,面部,面肌萎缩,,,
1027,头部,面部,下颌前突,,,
1028,头部,面部,腭部有黑色焦痂,,,
1029,头部,面部,面赤唇紫,,,
1030,头部,面部,颌骨膨隆,,,
1031,头部,面部,面容憔悴早老,,,
1032,头部,面部,单侧面部萎缩,,,
1033,头部,面部,面肌无力,,,
1034,头部,面部,伤寒面容,,,
1035,头部,面部,不能露齿及突唇,,,
1036,头部,面部,脱皮,,,
1037,头部,面部,面下部头痛,,,
1038,头部,面部,面、头、颈、肩发作性剧痛,,,
1039,头部,面部,脸颊发灰,,,
1040,头部,面部,急性病容,,,
1041,头部,面部,面肌及颈肌紧张,,,
1042,头部,面部,闪电样痛,,,
1043,头部,面部,面赤如涂朱,,,
1044,头部,面部,面容呈灰色,,,
1045,头部,面部,半侧面部发育不良,,,
1046,头部,面部,面颊明显内陷,,,
1047,头部,面部,颧部红斑,,,
1048,头部,面部,脸部过敏,,,
1049,头部,面部,面目黯黑,,,
1050,头部,面部,白中发青,,,
1051,头部,面部,恶病质面容,,,
1052,头部,面部,脸部白斑,,,
1053,头部,面部,类癌面红,,,
1054,头部,面部,面色觥白,,,
1055,头部,面部,克汀病面容,,,
1056,头部,面部,急性面容,,,
1057,头部,面部,痴呆面容,,,
1058,头部,面部,慢性面容,,,
1059,头部,面部,表情迟钝,,,
1060,头部,面部,颜面发红紫色,,,
1061,头部,面部,额区感觉减退,,,
1062,头部,面部,面部叩击征,,,
1063,头部,面部,小颌,,,
1064,头部,面部,颌小,,,
1065,头部,面部,组胺性面红,,,
1066,头部,面部,头面{红肿胀,,,
1067,头部,面部,呕出物为紫蓝色,,,
1068,头部,面部,面少血色,,,
1069,头部,面部,颜面充血呈樱桃红色,,,
1070,头部,面部,面肌强直,,,
1071,头部,面部,眉下垂或位置低,,,
1072,头部,面部,双颊凹陷呈猴腮状,,,
1073,头部,面部,绝经期面红,,,
1074,头部,面部,高原多血面容,,,
1075,头部,面部,猩红热面容,,,
1076,头部,面部,面白不华,,,
1077,头部,面部,面纹消失,,,
1078,头部,面部,颊部脂肪消失呈老年人面容,,,
1079,头部,面部,颜面受累时褶皱加深形成“狮面”,,,
1080,头部,面部,模糊不定，情绪性面痛,,,
1081,头部,面部,进行性肌麻痹,,,
1082,头部,面部,面部半球形蓝黑色结节,,,
1083,头部,面部,口唇常无力而不能鼓气,,,
1084,头部,面部,凸腭,,,
1085,头部,面部,容貌逐渐变得粗笨,,,
1086,头部,面部,痤疮复发,,,
1087,头部,面部,头上长疙瘩,,,
1088,头部,面部,印堂发黑,,,
1089,头部,面部,宝宝脸上长红疙瘩,,,
1090,头部,面部,喝酒脸红,,,
1091,头部,口,牙龈出血,,,
1092,头部,口,口干舌燥,,,
1093,头部,口,牙疼,,,
1094,头部,口,口吐白沫,,,
1095,头部,口,舌苔发黑,,,
1096,头部,口,口苦,,,
1097,头部,口,牙龈萎缩,,,
1098,头部,口,口干,,,
1099,头部,口,口腔念珠菌感染,,,
1100,头部,口,打喷嚏,,,
1101,头部,口,牙龈肿胀,,,
1102,头部,口,口舌生疮,,,
1103,头部,口,喉咙痒,,,
1104,头部,口,胃火口臭,,,
1105,头部,口,舌头上有长时间不愈溃疡,,,
1106,头部,口,口唇疱疹,,,
1107,头部,口,睡觉流口水,,,
1108,头部,口,舌炎,,,
1109,头部,口,舌苔黄,,,
1110,头部,口,牙龈痛,,,
1111,头部,口,小儿流口水,,,
1112,头部,口,牙齿遇冷热痛,,,
1113,头部,口,口腔血泡,,,
1114,头部,口,牙齿发黄,,,
1115,头部,口,多饮,,,
1116,头部,口,舌苔厚腻,,,
1117,头部,口,舌痛,,,
1118,头部,口,热痰口臭,,,
1119,头部,口,口咸,,,
1120,头部,口,打哈欠,,,
1121,头部,口,牙根外露,,,
1122,头部,口,口腔痛,,,
1123,头部,口,牙周袋形成,,,
1124,头部,口,齿龈炎,,,
1125,头部,口,孕妇口苦,,,
1126,头部,口,夜间磨牙,,,
1127,头部,口,口淡无味,,,
1128,头部,口,齿龈出血,,,
1129,头部,口,口酸,,,
1130,头部,口,牙齿缝隙大,,,
1131,头部,口,牙结石,,,
1132,头部,口,牙龈肿痛,,,
1133,头部,口,舌质红绛,,,
1134,头部,口,口腔糜烂,,,
1135,头部,口,舌苔薄白,,,
1136,头部,口,舌胖有齿痕,,,
1137,头部,口,牙齿臭,,,
1138,头部,口,口角生疮,,,
1139,头部,口,牙齿发酸,,,
1140,头部,口,口腔黏膜脱落,,,
1141,头部,口,刷牙出血,,,
1142,头部,口,口甜,,,
1143,头部,口,牙龈溢脓,,,
1144,头部,口,口腔黏膜溃疡,,,
1145,头部,口,习惯性下巴脱臼,,,
1146,头部,口,舌生疮,,,
1147,头部,口,张口困难,,,
1148,头部,口,顽固性口腔溃疡,,,
1149,头部,口,口燥咽干,,,
1150,头部,口,舌体肥大,,,
1151,头部,口,拔牙后出血不止,,,
1152,头部,口,舌尖红绛,,,
1153,头部,口,牙齿颜色异常,,,
1154,头部,口,张嘴颌骨响,,,
1155,头部,口,虚热口臭,,,
1156,头部,口,嗳气时有腐败鸡蛋的气味,,,
1157,头部,口,口唇青紫,,,
1158,头部,口,烂嘴角,,,
1159,头部,口,口唇发绀,,,
1160,头部,口,暴牙,,,
1161,头部,口,青紫舌,,,
1162,头部,口,苔黄腻,,,
1163,头部,口,口腔粘膜上白色较硬的隆起斑块,,,
1164,头部,口,口唇干燥,,,
1165,头部,口,镜面舌,,,
1166,头部,口,舌两侧边缘毛状白斑,,,
1167,头部,口,牙齿黑斑,,,
1168,头部,口,流涎,,,
1169,头部,口,口腔粘膜弥漫充血,,,
1170,头部,口,口齿不清,,,
1171,头部,口,舌乳头增生,,,
1172,头部,口,唇干裂,,,
1173,头部,口,白天不自觉地将牙咬紧,,,
1174,头部,口,口唇麻木,,,
1175,头部,口,口腔黏膜纤维化,,,
1176,头部,口,舌质暗红,,,
1177,头部,口,唾液分泌增多,,,
1178,头部,口,牙龈上发生黑线,,,
1179,头部,口,饮不解渴,,,
1180,头部,口,腭部穿孔,,,
1181,头部,口,唇上长有小水泡,,,
1182,头部,口,口痛,,,
1183,头部,口,失音,,,
1184,头部,口,舌红少津无苔,,,
1185,头部,口,口腔难愈的白色片状物,,,
1186,头部,口,咽部慢性充血,,,
1187,头部,口,齿龈肿胀,,,
1188,头部,口,张口呼吸,,,
1189,头部,口,舌尖边红,,,
1190,头部,口,唇水疱,,,
1191,头部,口,口涩,,,
1192,头部,口,唇干舌燥,,,
1193,头部,口,上列牙痛,,,
1194,头部,口,假牙疼痛,,,
1195,头部,口,牙齿异常,,,
1196,头部,口,食积口臭,,,
1197,头部,口,软腭疼痛,,,
1198,头部,口,杨梅样舌,,,
1199,头部,口,唾液腺肿大,,,
1200,头部,口,构音障碍,,,
1201,头部,口,白喉假膜形成,,,
1202,头部,口,高腭弓,,,
1203,头部,口,牙根暴露,,,
1204,头部,口,口中黏腻,,,
1205,头部,口,牙齿浮起感,,,
1206,头部,口,下巴关节疼,,,
1207,头部,口,口唇泛黑,,,
1208,头部,口,牙槽突型,,,
1209,头部,口,无痛性口腔溃疡,,,
1210,头部,口,唇部发绀,,,
1211,头部,口,牙有伸长感及触痛,,,
1212,头部,口,唇周边长痘,,,
1213,头部,口,味觉减退,,,
1214,头部,口,梅毒牙,,,
1215,头部,口,口粘,,,
1216,头部,口,舌口及咽部烧灼感,,,
1217,头部,口,拔牙后伤口经久不愈,,,
1218,头部,口,口渴喜饮,,,
1219,头部,口,舌根部脓肿,,,
1220,头部,口,口唇苍白,,,
1221,头部,口,舌干苔厚,,,
1222,头部,口,唇红干燥,,,
1223,头部,口,产后口渴,,,
1224,头部,口,舌肌萎缩,,,
1225,头部,口,婴儿喂养困难,,,
1226,头部,口,齿龈生疳,,,
1227,头部,口,齿槽骨萎缩,,,
1228,头部,口,齿龈增生,,,
1229,头部,口,下唇麻木,,,
1230,头部,口,牙釉质腐蚀,,,
1231,头部,口,舌苔白润,,,
1232,头部,口,痛性红舌,,,
1233,头部,口,牙移位,,,
1234,头部,口,言语紊乱,,,
1235,头部,口,口淡不渴,,,
1236,头部,口,牙齿咬合无力,,,
1237,头部,口,口粘腻,,,
1238,头部,口,舌体深裂,,,
1239,头部,口,齿龈肥厚,,,
1240,头部,口,舌齿龈疼痛性粟粒至水疱,,,
1241,头部,口,口香,,,
1242,头部,口,唇外翻,,,
1243,头部,口,呕吐咖啡样物,,,
1244,头部,口,流口水,,,
1245,头部,口,牙龈深红或暗红色,,,
1246,头部,口,声音变低,,,
1247,头部,口,口干渴难忍,,,
1248,头部,口,牙齿萌出疼痛,,,
1249,头部,口,舌肌麻痹,,,
1250,头部,口,软腭运动不对称,,,
1251,头部,口,舌头震颤,,,
1252,头部,口,牙龈痒胀,,,
1253,头部,口,口腔黏膜黄豆大小，半透明的无痛小疱,,,
1254,头部,口,下唇肿胀外翻,,,
1255,头部,口,口唇潮红,,,
1256,头部,口,捕蝇舌征,,,
1257,头部,口,齿生疮,,,
1258,头部,口,频繁吐黏液,,,
1259,头部,口,口中有金属甜味,,,
1260,头部,口,口唇皲裂,,,
1261,头部,口,阴囊舌,,,
1262,头部,口,牙脱位,,,
1263,头部,口,舌咬伤,,,
1264,头部,口,咬嘴唇或舌,,,
1265,头部,口,婴儿出牙延迟,,,
1266,头部,口,口酸伴有口苦烧心,,,
1267,头部,口,舌嫩苔厚,,,
1268,头部,口,下唇微痒增大如蚕茧硬结,,,
1269,头部,口,唇角脱屑,,,
1270,头部,口,口腔粘膜色素沉着,,,
1271,头部,口,伸舌偏斜,,,
1272,头部,口,上唇疖肿,,,
1273,头部,口,齿龈铅线,,,
1274,头部,口,口辣,,,
1275,头部,口,磨牙后垫红肿,,,
1276,头部,口,唇厚舌大,,,
1277,头部,口,软腭浅表溃疡,,,
1278,头部,口,硬腭呈半圆形隆起,,,
1279,头部,口,舌淡体胖,,,
1280,头部,口,口及咽部烧灼感,,,
1281,头部,口,口唇周围有炎性鳞状皮肤,,,
1282,头部,口,咬合关系错乱,,,
1283,头部,口,舌淡胖嫩,,,
1284,头部,口,口唇泛红,,,
1285,头部,口,舌乳头消失,,,
1286,头部,口,吞咽发呛,,,
1287,头部,口,口舌痰包,,,
1288,头部,口,舌强不语,,,
1289,头部,口,齿龈有蓝线,,,
1290,头部,口,口渴引饮,,,
1291,头部,口,腭部可见小出血点,,,
1292,头部,口,苔白而润,,,
1293,头部,口,口唇周围麻木感刺痛,,,
1294,头部,口,牙齿结构异常,,,
1295,头部,口,苔薄黄,,,
1296,头部,口,进食过硬的食物口腔损伤,,,
1297,头部,口,齿迟,,,
1298,头部,口,牙齿萌出异常,,,
1299,头部,口,腭舌咽呼吸肌呈对称性弛缓性轻瘫,,,
1300,头部,口,牙齿呈黄色\浅灰色或深灰色,,,
1301,头部,口,饭后口淡,,,
1302,头部,口,过早丧失咀嚼功能,,,
1303,头部,口,脓苔,,,
1304,头部,口,牙齿上白垩色到褐色的斑块,,,
1305,头部,口,口腔唇系带粗大,,,
1306,头部,口,舌震颤,,,
1307,头部,口,舌咽神经痛或其他内脏病引起的晕厥,,,
1308,头部,口,味觉障碍,,,
1309,头部,口,吞气,,,
1310,头部,口,唾液分泌减少,,,
1311,头部,口,呈开口状态而不能闭合,,,
1312,头部,口,口唇渗液,,,
1313,头部,口,鼓腮和吹口哨漏气,,,
1314,头部,口,牙缝增宽,,,
1315,头部,口,苔黄欠润,,,
1316,头部,口,舌运动受限,,,
1317,头部,口,牙体损伤,,,
1318,头部,口,吐弄舌,,,
1319,头部,口,牙齿拥挤错位排列不齐,,,
1320,头部,口,门齿间距增宽,,,
1321,头部,口,强硬舌,,,
1322,头部,口,口角下垂,,,
1323,头部,口,裂腭,,,
1324,头部,口,口唇严重充血呈红色,,,
1325,头部,口,舌绛苔黄燥黑,,,
1326,头部,口,苔少,,,
1327,头部,口,埋藏齿,,,
1328,头部,口,缺智齿,,,
1329,头部,口,上唇肥厚,,,
1330,头部,口,牙齿较小呈半透明状,,,
1331,头部,口,舌下垂,,,
1332,头部,口,短缩舌,,,
1333,头部,口,呼气中有甜臭味,,,
1334,头部,口,牙冠呈半透明乳光色,,,
1335,头部,口,舌背中后部黑色丛毛,,,
1336,头部,口,语音震颤增强,,,
1337,头部,口,婴儿吮吸手指,,,
1338,头部,口,口有溴味及咸味,,,
1339,头部,口,口唇刺痛,,,
1340,头部,口,牙齿形态异常,,,
1341,头部,口,无苔,,,
1342,头部,口,牙齿小而稀疏,,,
1343,头部,口,口唇出血,,,
1344,头部,口,腭异常,,,
1345,头部,口,嘴角降肌发育不良,,,
1346,头部,口,牙齿数目不足,,,
1347,头部,口,巨唇,,,
1348,头部,口,黏稠或脓性痰伴有腥臭味,,,
1349,头部,口,舌骨区有肿胀压痛,,,
1350,头部,口,口鼻血性分泌物,,,
1351,头部,口,萌牙延迟,,,
1352,头部,口,牙齿松动和脱落,,,
1353,头部,口,口淡黏腻,,,
1354,头部,口,绿牙或棕褐色牙,,,
1355,头部,口,牙齿颈部黄斑,,,
1356,头部,口,牙齿呈棕黑色,,,
1357,头部,口,舌位于口腔底不能外伸,,,
1358,头部,口,牙齿小且无光泽,,,
1359,头部,口,牙的咀嚼磨损,,,
1360,头部,口,唇皱褶增多畸形,,,
1361,头部,口,反复舔吮口唇,,,
1362,头部,口,频吐白沫,,,
1363,头部,口,吞酸,,,
1364,头部,口,肥胖性低通气,,,
1365,头部,口,努嘴伸舌,,,
1366,头部,口,口腔幻触,,,
1367,头部,口,口齿含糊,,,
1368,头部,口,巨口,,,
1369,头部,口,舌短声哑,,,
1370,头部,口,口唇和甲床略带青紫,,,
1371,头部,口,喂食困难,,,
1372,头部,口,口腔黏膜呈现青紫色,,,
1373,头部,口,上唇变薄,,,
1374,头部,口,舌无力且不能随意伸缩回旋。,,,
1375,头部,口,咯血伴发热,,,
1376,头部,口,情绪性进食,,,
1377,头部,口,手唇震颤,,,
1378,头部,口,流涎粘稠,,,
1379,头部,口,锁合畸形,,,
1380,头部,口,眼外转移,,,
1381,头部,口,黏液分泌亢进,,,
1382,头部,口,舌轻度外吐,,,
1383,头部,口,牙齿数目过剩,,,
1384,头部,口,烧伤后口渴,,,
1385,头部,口,舒张期哈气样杂音,,,
1386,头部,口,新生儿绿牙或棕褐色牙,,,
1387,头部,口,栓状齿,,,
1388,头部,口,牙釉质发育不全,,,
1389,头部,口,嘴唇黑,,,
1390,头部,口,唇舌色淡,,,
1391,头部,口,嘴唇干裂,,,
1392,头部,口,牙周脓肿,,,
1393,头部,口,鹅口疮反复发作,,,
1394,头部,口,小儿磨牙,,,
1395,头部,咽喉,咳嗽,,,
1396,头部,咽喉,咽喉炎,,,
1397,头部,咽喉,扁桃体发炎,,,
1398,头部,咽喉,干咳,,,
1399,头部,咽喉,咳痰,,,
1400,头部,咽喉,咽部异物感,,,
1401,头部,咽喉,打呼噜,,,
1402,头部,咽喉,咽鼓管堵塞,,,
1403,头部,咽喉,痰中带血丝,,,
1404,头部,咽喉,喉咙痛,,,
1405,头部,咽喉,声音嘶哑,,,
1406,头部,咽喉,吞咽困难,,,
1407,头部,咽喉,咽痛,,,
1408,头部,咽喉,咽部有异物感,,,
1409,头部,咽喉,小儿干咳,,,
1410,头部,咽喉,扁桃体肥大,,,
1411,头部,咽喉,持续性咳嗽,,,
1412,头部,咽喉,咳出黄色痰液,,,
1413,头部,咽喉,咽喉疼痛,,,
1414,头部,咽喉,咽部充血,,,
1415,头部,咽喉,小儿咳嗽,,,
1416,头部,咽喉,吞咽痛,,,
1417,头部,咽喉,反酸,,,
1418,头部,咽喉,咽喉干燥及灼热感,,,
1419,头部,咽喉,喉头水肿,,,
1420,头部,咽喉,喉部堵塞感,,,
1421,头部,咽喉,发作性咳嗽,,,
1422,头部,咽喉,变应性咳嗽,,,
1423,头部,咽喉,咽喉部充血,,,
1424,头部,咽喉,咽喉部干燥刺痒,,,
1425,头部,咽喉,咳血痰,,,
1426,头部,咽喉,吞咽障碍,,,
1427,头部,咽喉,食管反流症状,,,
1428,头部,咽喉,扁桃体充血,,,
1429,头部,咽喉,痰呈粘液脓性,,,
1430,头部,咽喉,咽部溃疡,,,
1431,头部,咽喉,喉头痉挛,,,
1432,头部,咽喉,胃酸过多,,,
1433,头部,咽喉,扁桃体充血肥大,,,
1434,头部,咽喉,犬吠样咳嗽,,,
1435,头部,咽喉,流感样症状,,,
1436,头部,咽喉,咽部灼热疼痛,,,
1437,头部,咽喉,喉部有痰,,,
1438,头部,咽喉,声带麻痹,,,
1439,头部,咽喉,粉红色泡沫痰,,,
1440,头部,咽喉,咳声嘶哑,,,
1441,头部,咽喉,上呼吸道感染,,,
1442,头部,咽喉,饮水呛咳,,,
1443,头部,咽喉,咽部粘膜弥漫充血,,,
1444,头部,咽喉,咽喉痉挛,,,
1445,头部,咽喉,剧烈运动后呕吐,,,
1446,头部,咽喉,咽喉干燥充血,,,
1447,头部,咽喉,喉部淋巴滤泡增生,,,
1448,头部,咽喉,咽喉不利,,,
1449,头部,咽喉,咳泡沫黏液痰,,,
1450,头部,咽喉,喉部刺痛,,,
1451,头部,咽喉,铁锈色痰,,,
1452,头部,咽喉,湿音,,,
1453,头部,咽喉,湿咳,,,
1454,头部,咽喉,声带肥厚,,,
1455,头部,咽喉,喉中痰鸣,,,
1456,头部,咽喉,食管梗阻,,,
1457,头部,咽喉,喉鸣声,,,
1458,头部,咽喉,婴儿睡觉打鼾,,,
1459,头部,咽喉,仰颈时吞咽困难,,,
1460,头部,咽喉,咽部有散在灰白色丘疱疹,,,
1461,头部,咽喉,扁桃体上有灰色膜,,,
1462,头部,咽喉,进食困难,,,
1463,头部,咽喉,咳嗽反射,,,
1464,头部,咽喉,喉部痉挛,,,
1465,头部,咽喉,发音障碍,,,
1466,头部,咽喉,喉管阻塞,,,
1467,头部,咽喉,咽痛声哑,,,
1468,头部,咽喉,咽反射,,,
1469,头部,咽喉,喉头发紧,,,
1470,头部,咽喉,痰呈白色黏稠胶冻状,,,
1471,头部,咽喉,构音不清,,,
1472,头部,咽喉,出现喉结,,,
1473,头部,咽喉,口咽部水疱状损害,,,
1474,头部,咽喉,口腔粘膜有形似奶块的斑膜,,,
1475,头部,咽喉,喉咙冒黏液,,,
1476,头部,咽喉,口咽异物,,,
1477,头部,咽喉,泛恶欲吐,,,
1478,头部,咽喉,噎痛感,,,
1479,头部,咽喉,黏液脓性痰,,,
1480,头部,咽喉,嗓音粗,,,
1481,头部,咽喉,咽喉及口内刺痒,,,
1482,头部,咽喉,食物下咽时颈部有气过水声感,,,
1483,头部,咽喉,喉肌无力,,,
1484,头部,咽喉,食管闭锁,,,
1485,头部,咽喉,声音异常,,,
1486,头部,咽喉,声带萎缩,,,
1487,头部,咽喉,扁桃体变小而坚韧,,,
1488,头部,咽喉,嗌塞,,,
1489,头部,咽喉,猫喘音,,,
1490,头部,咽喉,软腭有疤痕,,,
1491,头部,咽喉,喉结不明显,,,
1492,头部,咽喉,小儿声带损伤,,,
1493,头部,咽喉,口鼻周围发绀,,,
1494,头部,咽喉,痰黏稠或脓性可有腥臭味,,,
1495,头部,咽喉,咽干烘热,,,
1496,头部,咽喉,咯吐不爽,,,
1497,头部,咽喉,讲话频率小，不能发高音,,,
1498,头部,咽喉,发音改变,,,
1499,头部,咽喉,食管腔狭窄,,,
1500,头部,咽喉,喉弥漫性黏膜肥厚，凹凸不平,,,
1501,头部,咽喉,悬雍垂松弛细长,,,
1502,头部,咽喉,扁桃体小或缺如,,,
1503,头部,咽喉,咽部和喉部危象,,,
1504,头部,咽喉,粪样呕吐物,,,
1505,头部,咽喉,口角向外的放射性皱纹,,,
1506,头部,咽喉,咽反射亢进,,,
1507,头部,咽喉,声门水肿,,,
1508,头部,咽喉,声带老化,,,
1509,头部,咽喉,假结核结节,,,
1510,头部,咽喉,咯多量血性泡沫痰,,,
1511,头部,咽喉,纤毛上皮细胞损伤脱落,,,
1512,头部,咽喉,喉头增大,,,
1513,头部,咽喉,食管黏膜呈管型剥脱,,,
1514,头部,咽喉,食管体平滑肌部分蠕动停止,,,
1515,头部,咽喉,痰中或可找到蛔蚴或虫卵,,,
1516,头部,咽喉,痰检或可找到丝状蚴,,,
1517,头部,咽喉,咽部苹果酱样结节,,,
1518,头部,咽喉,温毒厥脱,,,
1519,头部,咽喉,声低,,,
1520,头部,咽喉,声门以上的损伤,,,
1521,头部,咽喉,声门运动障碍,,,
1522,头部,咽喉,咽颊部烧伤,,,
1523,头部,咽喉,瘟暑,,,
1524,头部,咽喉,食管对称性膨大,,,
1525,头部,咽喉,声门短而窄,,,
1526,胸部,乳房,产后缺乳,,,
1527,胸部,乳房,产后少乳,,,
1528,胸部,肺,呼吸衰竭,,,
1529,胸部,肺,肺结核复发,,,
1530,胸部,肺,肺炎支原体阳性,,,
1531,胸部,心脏,动脉粥样硬化,,,
1532,腹部,胃,打嗝,,,
1533,腹部,肠,成人大便绿色,,,
1534,腹部,肠,宝宝拉绿屎,,,
1535,腹部,肠,产后大便出血,,,
1536,腹部,肝,肝昏迷,,,
1537,腹部,肝,乙肝小三阳,,,
1538,腹部,肝,肝区隐痛,,,
1539,腹部,肝,乙肝大三阳,,,
1540,腹部,肝,乙肝表面抗体阳性,,,
1541,腰部,肾,尿蛋白,,,
1542,腰部,肾,半夜腰疼,,,
1543,男性生殖,睾丸,睾丸有肿块,,,
1544,男性生殖,睾丸,睾丸一大一小,,,
1545,男性生殖,睾丸,睾丸下垂,,,
1546,男性生殖,阴茎,不举,,,
1547,男性生殖,阴茎,包皮水肿,,,
1548,男性生殖,阴茎,阴茎弯曲,,,
1549,男性生殖,阴茎,精液里有胶状物,,,
1550,男性生殖,阴茎,精液里有血丝,,,
1551,男性生殖,阴囊,阴囊潮湿,,,
1552,女性生殖,子宫,稽留流产,,,
1553,女性生殖,子宫,假性宫缩,,,
1554,女性生殖,子宫,宫颈癌前病变,,,
1555,女性生殖,阴道,阴道干涩,,,
1556,女性生殖,阴道,豆腐渣样白带,,,
1557,女性生殖,阴道,阴道松弛,,,
1558,女性生殖,阴道,白带发黄,,,
1559,女性生殖,阴道,白带有血丝,,,
1560,女性生殖,阴道,白带褐色,,,
1561,女性生殖,阴道,浆糊样白带,,,
1562,女性生殖,阴道,分泌物黄绿色,,,
1563,女性生殖,阴道,白带拉丝,,,
1564,女性生殖,阴道,怀孕后白带发黄,,,
1565,全身,皮肤,瘙痒,,,
1566,全身,皮肤,疱疹,,,
1567,全身,皮肤,婴儿湿疹,,,
1568,全身,皮肤,皮肤瘙痒,,,
1569,全身,皮肤,丘疹,,,
1570,全身,皮肤,红斑样皮疹,,,
1571,全身,皮肤,头皮痒,,,
1572,全身,皮肤,皮肤干燥,,,
1573,全身,皮肤,斑疹,,,
1574,全身,皮肤,水泡,,,
1575,全身,皮肤,头皮屑多,,,
1576,全身,皮肤,手脱皮,,,
1577,全身,皮肤,血管痣,,,
1578,全身,皮肤,体毛脱落,,,
1579,全身,皮肤,皮下囊肿,,,
1580,全身,皮肤,脓疱,,,
1581,全身,皮肤,皮下结节,,,
1582,全身,皮肤,女性体毛多,,,
1583,全身,皮肤,孕妇肚子痒,,,
1584,全身,皮肤,肥胖纹,,,
1585,全身,皮肤,额头长痘,,,
1586,全身,皮肤,皮肤发黄,,,
1587,全身,皮肤,鳞屑,,,
1588,全身,皮肤,毛孔粗大,,,
1589,全身,皮肤,粘膜疹,,,
1590,全身,皮肤,慢性湿疹样变,,,
1591,全身,皮肤,皮肤出血点,,,
1592,全身,皮肤,干燥型湿疹,,,
1593,全身,皮肤,斑丘疹,,,
1594,全身,皮肤,剧痒,,,
1595,全身,皮肤,紫绀,,,
1596,全身,皮肤,皮疹,,,
1597,全身,皮肤,带状疱疹样外观,,,
1598,全身,皮肤,白头粉刺,,,
1599,全身,皮肤,皮肤紫纹,,,
1600,全身,皮肤,冬季皮肤瘙痒,,,
1601,全身,皮肤,皮肤粗糙,,,
1602,全身,皮肤,玫瑰疹,,,
1603,全身,皮肤,阵发性瘙痒,,,
1604,全身,皮肤,糖尿病皮肤病变,,,
1605,全身,皮肤,皮肤发红,,,
1606,全身,皮肤,病理性黄疸,,,
1607,全身,皮肤,红斑鳞屑,,,
1608,全身,皮肤,脓包,,,
1609,全身,皮肤,过敏性皮炎,,,
1610,全身,皮肤,色素异常,,,
1611,全身,皮肤,疖肿,,,
1612,全身,皮肤,红斑结节,,,
1613,全身,皮肤,皮肤潮红肿胀,,,
1614,全身,皮肤,多形红斑样皮疹,,,
1615,全身,皮肤,皮肤搔痒,,,
1616,全身,皮肤,疤痕增生,,,
1617,全身,皮肤,胸部长痘,,,
1618,全身,皮肤,痤疮样皮疹,,,
1619,全身,皮肤,瘀斑,,,
1620,全身,皮肤,皮下脂肪粒,,,
1621,全身,皮肤,皮肤痛,,,
1622,全身,皮肤,皮肤软组织感染,,,
1623,全身,皮肤,风丘疹,,,
1624,全身,皮肤,盘状红斑,,,
1625,全身,皮肤,痘印,,,
1626,全身,皮肤,痱疹样皮疹,,,
1627,全身,皮肤,出血性丘疹,,,
1628,全身,皮肤,表皮角化,,,
1629,全身,皮肤,脓包型痘痘,,,
1630,全身,皮肤,光过敏,,,
1631,全身,皮肤,结痂,,,
1632,全身,皮肤,糙皮病样皮疹,,,
1633,全身,皮肤,皮肤闪电疼痛,,,
1634,全身,皮肤,皮肤紫癜,,,
1635,全身,皮肤,皮肤瘀斑,,,
1636,全身,皮肤,皮肤硬化,,,
1637,全身,皮肤,猩红热样皮疹,,,
1638,全身,皮肤,头皮结痂,,,
1639,全身,皮肤,皮肤苍白,,,
1640,全身,皮肤,丘疹性痤疮,,,
1641,全身,皮肤,反复发作的带状疱疹,,,
1642,全身,皮肤,久不消退的红色皮肤疤,,,
1643,全身,皮肤,色素脱失,,,
1644,全身,皮肤,层状鱼鳞癣,,,
1645,全身,皮肤,皮肤皲裂,,,
1646,全身,皮肤,粟粒样丘疹,,,
1647,全身,皮肤,皮肤出现硬块,,,
1648,全身,皮肤,烫伤,,,
1649,全身,皮肤,乳头湿疹,,,
1650,全身,皮肤,渗出型湿疹,,,
1651,全身,皮肤,皮肤黑斑,,,
1652,全身,皮肤,黑痣,,,
1653,全身,皮肤,疤痕奇痒,,,
1654,全身,皮肤,黑头粉刺,,,
1655,全身,皮肤,咖啡斑,,,
1656,全身,皮肤,皮肤有瘙痒抓痕,,,
1657,全身,皮肤,点状出血,,,
1658,全身,皮肤,蚁走感,,,
1659,全身,皮肤,潮红潮热,,,
1660,全身,皮肤,生理性黄疸,,,
1661,全身,皮肤,水痘样皮疹,,,
1662,全身,皮肤,大量皮肤脱屑,,,
1663,全身,皮肤,脱屑,,,
1664,全身,皮肤,日晒斑,,,
1665,全身,皮肤,热痱,,,
1666,全身,皮肤,皮肤疖痈,,,
1667,全身,皮肤,妊娠斑,,,
1668,全身,皮肤,囊肿性痤疮,,,
1669,全身,皮肤,月经期长痘,,,
1670,全身,皮肤,无痛性硬实结节,,,
1671,全身,皮肤,环状肉芽肿,,,
1672,全身,皮肤,黑斑,,,
1673,全身,皮肤,日光照射引起皮肤过敏,,,
1674,全身,皮肤,凹陷性疤痕,,,
1675,全身,皮肤,鳞状上皮,,,
1676,全身,皮肤,异常鱼鳞癣,,,
1677,全身,皮肤,皮肤发黑瘙痒,,,
1678,全身,皮肤,凹陷瘢痕,,,
1679,全身,皮肤,全身皮肤充血,,,
1680,全身,皮肤,紫斑,,,
1681,全身,皮肤,毛孔堵塞,,,
1682,全身,皮肤,脂溢性湿疹,,,
1683,全身,皮肤,疤痕形成,,,
1684,全身,皮肤,疣状增殖,,,
1685,全身,皮肤,表皮发生钙化,,,
1686,全身,皮肤,疥疮结节,,,
1687,全身,皮肤,干性皮肤,,,
1688,全身,皮肤,新生儿母乳喂养后出现黄疸,,,
1689,全身,皮肤,永久性秃发,,,
1690,全身,皮肤,皮肤转移,,,
1691,全身,皮肤,皮肤出血斑,,,
1692,全身,皮肤,暴晒后的皮肤损害,,,
1693,全身,皮肤,类似荨麻疹的皮肤潮红斑块,,,
1694,全身,皮肤,青红丘疹,,,
1695,全身,皮肤,圆形或卵圆形丘疹或结节,,,
1696,全身,皮肤,毛囊性呈鳞片状角化,,,
1697,全身,皮肤,粘膜有粘着性白斑,,,
1698,全身,皮肤,皮下气肿,,,
1699,全身,皮肤,软组织感染,,,
1700,全身,皮肤,股沟及大腿内侧皮肤有色素沉积,,,
1701,全身,皮肤,皮肤擦伤,,,
1702,全身,皮肤,浅棕色斑点,,,
1703,全身,皮肤,皮肤瘀点,,,
1704,全身,皮肤,表皮全层坏死及表皮下大疱,,,
1705,全身,皮肤,伤口愈合发痒,,,
1706,全身,皮肤,人工荨麻疹,,,
1707,全身,皮肤,红色或紫色，稍高起的丘疹或结节,,,
1708,全身,皮肤,肌肤甲错,,,
1709,全身,皮肤,恶病性痤疮,,,
1710,全身,皮肤,增生性瘢痕,,,
1711,全身,皮肤,白痱,,,
1712,全身,皮肤,皮肤龟裂,,,
1713,全身,皮肤,小儿痒疹,,,
1714,全身,皮肤,色素性皮损,,,
1715,全身,皮肤,皮肤无光泽,,,
1716,全身,皮肤,血肿形成,,,
1717,全身,皮肤,皮肤钙化,,,
1718,全身,皮肤,大疱（含脓性液体）,,,
1719,全身,皮肤,疮毒,,,
1720,全身,皮肤,皮肤轻度糜烂,,,
1721,全身,皮肤,皮肤肉芽肿,,,
1722,全身,皮肤,皮肤水疱，后形成黑色干痂,,,
1723,全身,皮肤,梅毒性白斑,,,
1724,全身,皮肤,皮肤老化,,,
1725,全身,皮肤,软组织肿胀,,,
1726,全身,皮肤,午后潮热,,,
1727,全身,皮肤,皮肤油腻,,,
1728,全身,皮肤,脓痱,,,
1729,全身,皮肤,日轻夜重的瘙痒,,,
1730,全身,皮肤,角质化,,,
1731,全身,皮肤,皮肤坏死,,,
1732,全身,皮肤,剧痒的疣状结节,,,
1733,全身,皮肤,皮肤花斑样,,,
1734,全身,皮肤,鲜红斑痣,,,
1735,全身,皮肤,皮下组织硬结,,,
1736,全身,皮肤,角质增厚,,,
1737,全身,皮肤,鳞屑样痂皮,,,
1738,全身,皮肤,点状痤疮,,,
1739,全身,皮肤,皮肤痣,,,
1740,全身,皮肤,烫伤水泡破了,,,
1741,全身,皮肤,皮下组织水肿,,,
1742,全身,皮肤,皮肤呈浅黄或深金黄色,,,
1743,全身,皮肤,背部出现小水泡,,,
1744,全身,皮肤,皮肤触痛,,,
1745,全身,皮肤,皮肤温度升高,,,
1746,全身,皮肤,婴儿睡觉出汗,,,
1747,全身,皮肤,红肿奇痒,,,
1748,全身,皮肤,新生儿皮肤出现红斑,,,
1749,全身,皮肤,小腿下部色素沉着、脱屑、湿疹,,,
1750,全身,皮肤,多发性针尖样瘀点,,,
1751,全身,皮肤,肤色赤红,,,
1752,全身,皮肤,碰撞后皮肤容易青紫,,,
1753,全身,皮肤,皮肤有压痕,,,
1754,全身,皮肤,水痘结痂,,,
1755,全身,皮肤,脓疱性痤疮,,,
1756,全身,皮肤,皮下沉积所出现的粟粒样结节,,,
1757,全身,皮肤,皮疹呈瘀点,,,
1758,全身,皮肤,皮肤皴裂,,,
1759,全身,皮肤,伤口结疤,,,
1760,全身,皮肤,干燥斑,,,
1761,全身,皮肤,皮面上针头大小瘙痒点,,,
1762,全身,皮肤,皮下脂肪萎缩,,,
1763,全身,皮肤,血痂,,,
1764,全身,皮肤,皮肤浸润,,,
1765,全身,皮肤,皮肤粘连,,,
1766,全身,皮肤,头皮触痛,,,
1767,全身,皮肤,干性脂溢,,,
1768,全身,皮肤,皮肤异色症,,,
1769,全身,皮肤,皮肤花纹,,,
1770,全身,皮肤,皮肤多痣,,,
1771,全身,皮肤,皮肤油脂过多,,,
1772,全身,皮肤,油腻性鳞屑,,,
1773,全身,皮肤,足部坏疽,,,
1774,全身,皮肤,季节性浅红斑片,,,
1775,全身,皮肤,妊娠纹,,,
1776,全身,皮肤,局部游走性红斑,,,
1777,全身,皮肤,疤痕萎缩凹陷,,,
1778,全身,皮肤,婴儿湿疹结痂,,,
1779,全身,皮肤,泛发性红色斑块,,,
1780,全身,皮肤,皮肤弥漫性红肿,,,
1781,全身,皮肤,水疱或大疱损害,,,
1782,全身,皮肤,毛发稀少,,,
1783,全身,皮肤,角质层过度增厚,,,
1784,全身,皮肤,遇热痒剧,,,
1785,全身,皮肤,蔷薇疹样皮疹,,,
1786,全身,皮肤,孕妇皮肤过敏,,,
1787,全身,皮肤,皮毛窦,,,
1788,全身,皮肤,夏季痒疹,,,
1789,全身,皮肤,毛孔角化过度,,,
1790,全身,皮肤,搔痒无度,,,
1791,全身,皮肤,多汗恶风,,,
1792,全身,皮肤,妊娠性黄褐斑,,,
1793,全身,皮肤,皮肤黏膜出血,,,
1794,全身,皮肤,胎痣,,,
1795,全身,皮肤,浅褐色色素斑,,,
1796,全身,皮肤,全身弥漫性潮红,,,
1797,全身,皮肤,潮汗,,,
1798,全身,皮肤,皮下脂肪消失,,,
1799,全身,皮肤,多汗且臭味较浓,,,
1800,全身,皮肤,侵蚀性水疱,,,
1801,全身,皮肤,皮肤萎缩和色素沉着,,,
1802,全身,皮肤,皮肤弹性差,,,
1803,全身,皮肤,无腋毛,,,
1804,全身,皮肤,头皮下血肿,,,
1805,全身,皮肤,皮下指头至鸽蛋大的肿块结节,,,
1806,全身,皮肤,皮肤干而发红,,,
1807,全身,皮肤,汗出如油,,,
1808,全身,皮肤,黄色结节,,,
1809,全身,皮肤,角栓,,,
1810,全身,皮肤,皮肤呈鳞片状,,,
1811,全身,皮肤,皮肤萎缩,,,
1812,全身,皮肤,婴儿黑头粉刺,,,
1813,全身,皮肤,瘀血斑,,,
1814,全身,皮肤,新生儿粟粒疹,,,
1815,全身,皮肤,皮下脂肪坏死,,,
1816,全身,皮肤,干热无汗,,,
1817,全身,皮肤,新生儿发绀,,,
1818,全身,皮肤,皮肤青紫色改变,,,
1819,全身,皮肤,皮肤色素加深,,,
1820,全身,皮肤,钩蚴性皮炎,,,
1821,全身,皮肤,婴儿热痱,,,
1822,全身,皮肤,痘疮,,,
1823,全身,皮肤,囊肿样改变,,,
1824,全身,皮肤,情绪性多汗症,,,
1825,全身,皮肤,痣细胞,,,
1826,全身,皮肤,全身皮肤散在黑痣,,,
1827,全身,皮肤,穿透性皮肤变性,,,
1828,全身,皮肤,硬斑,,,
1829,全身,皮肤,汗毛过多,,,
1830,全身,皮肤,肥厚瘢痕,,,
1831,全身,皮肤,皮肤黏蛋白沉积,,,
1832,全身,皮肤,化学性皮肤灼伤,,,
1833,全身,皮肤,鱼鳞癣样红皮,,,
1834,全身,皮肤,皮肤干枯,,,
1835,全身,皮肤,皮肤黑变,,,
1836,全身,皮肤,特殊面痣,,,
1837,全身,皮肤,皮肤肥厚,,,
1838,全身,皮肤,黄色发亮结痂,,,
1839,全身,皮肤,无瘙痒，无肝胆疾病的皮肤黄染,,,
1840,全身,皮肤,毛囊角栓,,,
1841,全身,皮肤,伴皮膜粘膜出血,,,
1842,全身,皮肤,毛发干燥易断,,,
1843,全身,皮肤,皮肤冻伤,,,
1844,全身,皮肤,毛发增生,,,
1845,全身,皮肤,浅表性疤痕,,,
1846,全身,皮肤,一过性红斑狼疮样,,,
1847,全身,皮肤,头皮坏死,,,
1848,全身,皮肤,唇圆或椭圆形红斑,,,
1849,全身,皮肤,苔藓样变,,,
1850,全身,皮肤,萎缩性痤疮,,,
1851,全身,皮肤,网状色素沉着斑,,,
1852,全身,皮肤,皮肤色素沉着呈青铜色,,,
1853,全身,皮肤,皮肤湿冷,,,
1854,全身,皮肤,腠理不固,,,
1855,全身,皮肤,皮肤表面常出现大小不一散在性血泡,,,
1856,全身,皮肤,皮肤松弛起皱,,,
1857,全身,皮肤,肌衄,,,
1858,全身,皮肤,皮肤钙沉着,,,
1859,全身,皮肤,麦糠样脱屑,,,
1860,全身,皮肤,皮肤含铁血黄素沉着,,,
1861,全身,皮肤,光感性皮肤损害,,,
1862,全身,皮肤,痛性溃疡和渗出恶臭的黄绿色脓液,,,
1863,全身,皮肤,细小黄色瘤状皮疹,,,
1864,全身,皮肤,巨痣症,,,
1865,全身,皮肤,皮肤胎痣,,,
1866,全身,皮肤,挛缩性疤痕,,,
1867,全身,皮肤,黄色油腻性鳞屑,,,
1868,全身,皮肤,新生儿皮肤褶皱,,,
1869,全身,皮肤,皮肤逐渐呈暗黑色,,,
1870,全身,皮肤,粟粒样脓头,,,
1871,全身,皮肤,瘀肿,,,
1872,全身,皮肤,足趾皮肤发黑,,,
1873,全身,皮肤,囊样斑块,,,
1874,全身,皮肤,难治性溃疡,,,
1875,全身,皮肤,蚊虫刺咬炎症,,,
1876,全身,皮肤,细网状到斑片状的色素沉着,,,
1877,全身,皮肤,巨痕症,,,
1878,全身,皮肤,皮肤边缘翘起,,,
1879,全身,皮肤,腰背部有皮毛窦,,,
1880,全身,皮肤,上行性皮肤麻木,,,
1881,全身,皮肤,真皮侵袭性生长,,,
1882,全身,皮肤,额横纹增深,,,
1883,全身,皮肤,头皮撕裂伤,,,
1884,全身,皮肤,皮肤黏膜紫斑,,,
1885,全身,皮肤,皮窦道,,,
1886,全身,皮肤,汗腺分泌体味,,,
1887,全身,皮肤,叶状脱色斑,,,
1888,全身,皮肤,毛发色淡而呈棕色,,,
1889,全身,皮肤,蓝色、蓝灰色或蓝黑色丘疹,,,
1890,全身,皮肤,出汗减少,,,
1891,全身,皮肤,皮肤绷紧肥厚失去弹性,,,
1892,全身,皮肤,皮肤硬结冷时疼痛热时瘙痒,,,
1893,全身,皮肤,绝汗,,,
1894,全身,皮肤,深痱,,,
1895,全身,皮肤,蹼状瘢痕,,,
1896,全身,皮肤,手掌和足底角化伴多汗,,,
1897,全身,皮肤,局部皮肤变紧,,,
1898,全身,皮肤,腰骶部皮肤多毛、异常色素沉着,,,
1899,全身,皮肤,大块软组织撕脱,,,
1900,全身,皮肤,咬伤愈合的伤口出现痛痒或麻木,,,
1901,全身,皮肤,皮肤黏膜苍白,,,
1902,全身,皮肤,寒湿浸淫,,,
1903,全身,皮肤,蓝色橡皮大疱痣,,,
1904,全身,皮肤,皮肤粘膜色素斑,,,
1905,全身,皮肤,皮肤撕脱伤,,,
1906,全身,皮肤,锥虫性“下疳”,,,
1907,全身,皮肤,皮肤粘膜红紫,,,
1908,全身,皮肤,烧伤创面淡黄色粘稠分泌物,,,
1909,全身,皮肤,挛缩性瘢痕,,,
1910,全身,皮肤,色汗,,,
1911,全身,皮肤,毛窍闭塞,,,
1912,全身,皮肤,脚趾皮肤黄泡后紫黑,,,
1913,全身,皮肤,数目较多的咖啡牛奶斑,,,
1914,全身,皮肤,皮肤血管收缩呈网状图案,,,
1915,全身,皮肤,溴疹,,,
1916,全身,皮肤,皮肤脆性增加,,,
1917,全身,皮肤,皮肤张力增加,,,
1918,全身,皮肤,皮肤变薄发亮,,,
1919,全身,皮肤,窦道相,,,
1920,全身,皮肤,皮肤呈实质性非凹陷性发硬,,,
1921,全身,皮肤,种植性结节,,,
1922,全身,皮肤,坏疽脓皮,,,
1923,全身,皮肤,皮肤受累,,,
1924,全身,皮肤,状颅皮,,,
1925,全身,皮肤,虹状红斑,,,
1926,全身,皮肤,全身皮肤及粘膜呈现不同程度青紫色,,,
1927,全身,皮肤,皮肤不仁,,,
1928,全身,皮肤,婴儿头皮结血痂,,,
1929,全身,皮肤,寒冷刺激下皮损表面出现皱缩,,,
1930,全身,皮肤,新生儿生理性脱皮,,,
1931,全身,皮肤,皮下深部筋膜进行性坏死性感染,,,
1932,全身,皮肤,肢端角化,,,
1933,全身,皮肤,瘀斑性环,,,
1934,全身,皮肤,压力和体位性多汗,,,
1935,全身,皮肤,营养性皮肤改变,,,
1936,全身,皮肤,头皮撕脱伤,,,
1937,全身,皮肤,新生儿皮肤薄,,,
1938,全身,皮肤,皮损可呈角样突起,,,
1939,全身,皮肤,皮肤为金属颜色或石板灰色,,,
1940,全身,皮肤,锑性皮炎,,,
1941,全身,皮肤,腿外侧质软、半球形、界限清的弹性包块,,,
1942,全身,皮肤,皮肤的非干酪性肉芽肿,,,
1943,全身,皮肤,烧伤创面苍白或焦黄炭化,,,
1944,全身,皮肤,皮损似干燥的灰泥样,,,
1945,全身,皮肤,烧伤创面焦痂提前潮解、脱落或出现虫咬样变化,,,
1946,全身,皮肤,髋外侧可见皮下瘀血斑,,,
1947,全身,皮肤,粘性渗出性薄膜,,,
1948,全身,皮肤,紫绀和血缺氧,,,
1949,全身,皮肤,新生儿皮肤硬肿,,,
1950,全身,皮肤,皮肤或粘膜上附着高锰酸钾结晶,,,
1951,全身,皮肤,皮肤光敏反应,,,
1952,全身,皮肤,血离脉络,,,
1953,全身,皮肤,妊娠时皮肤皱褶处小脓疱,,,
1954,全身,皮肤,烧伤创面暗灰或黑色的坏死斑,,,
1955,全身,皮肤,肢端溃疡,,,
1956,全身,皮肤,青红肤色,,,
1957,全身,皮肤,皮肤丰满度丧失,,,
1958,全身,皮肤,鼠疫样皮损,,,
1959,全身,皮肤,颜面的火焰状母斑,,,
1960,全身,皮肤,腹部皮肤梅干样皱纹,,,
1961,全身,皮肤,皮损皮黄到橙色,,,
1962,全身,皮肤,烫伤后汗腺受损,,,
1963,全身,皮肤,皮温降低,,,
1964,全身,皮肤,全身皮肤粗厚,,,
1965,全身,皮肤,鼻唇沟发红皲裂,,,
1966,全身,皮肤,皮肤过度伸展,,,
1967,全身,皮肤,伤口形成一个搏动性肿块,,,
1968,全身,皮肤,皮肤瘙痒起红疙瘩,,,
1969,全身,皮肤,皮下深部组织硬肿,,,
1970,全身,皮肤,烧伤创面甜腥气味的粘稠分泌物,,,
1971,全身,皮肤,橘皮纹,,,
1972,全身,皮肤,烧伤创面浅咖啡色稀薄分泌物,,,
1973,全身,皮肤,立毛反射亢进,,,
1974,全身,皮肤,皮面有与浅静脉走向一致的线状凹陷,,,
1975,全身,皮肤,烧伤创面粪臭味分泌物,,,
1976,全身,皮肤,立毛反射减弱,,,
1977,全身,皮肤,受伤后易产生瘢痕,,,
1978,全身,皮肤,疤痕破损后溃疡,,,
1979,全身,皮肤,艾滋病初期皮疹,,,
1980,全身,皮肤,头皮不规则裂口,,,
1981,全身,皮肤,鱼鳞痣,,,
1982,全身,皮肤,头皮平直裂口,,,
1983,全身,皮肤,卡介苗接种反应,,,
1984,全身,皮肤,磷烧伤合并中毒,,,
1985,全身,皮肤,肾虚型脱发,,,
1986,全身,皮肤,皮肤轻微创伤即产生裂隙,,,
1987,全身,皮肤,肤色暗黄,,,
1988,全身,皮肤,出汗少,,,
1989,全身,淋巴,淋巴结肿大,,,
1990,全身,淋巴,腹股沟淋巴结肿大,,,
1991,全身,淋巴,颌下淋巴结肿大压痛,,,
1992,全身,淋巴,浅表淋巴结肿大,,,
1993,全身,淋巴,腋下淋巴肿大,,,
1994,全身,淋巴,淋巴结疼痛,,,
1995,全身,淋巴,耳前淋巴结肿大,,,
1996,全身,淋巴,局部淋巴结肿大,,,
1997,全身,淋巴,淋巴增生,,,
1998,全身,淋巴,淋巴结结核,,,
1999,全身,淋巴,丹毒样外观,,,
2000,全身,淋巴,下肢淋巴水肿,,,
2001,全身,淋巴,淋巴液流出,,,
2002,全身,淋巴,浅表淋巴结进行性肿大,,,
2003,全身,淋巴,淋巴管淤积,,,
2004,全身,淋巴,急性非化脓性一过性颈淋巴结肿胀,,,
2005,全身,淋巴,淋巴结穿刺有草黄色清亮液体,,,
2006,全身,淋巴,淋巴管破裂,,,
2007,全身,淋巴,疼痛性股白肿,,,
2008,全身,淋巴,甲状旁腺机能减退,,,
2009,全身,淋巴,淋巴结充血,,,
2010,全身,淋巴,胃肠淋巴回流受阻,,,
2011,全身,淋巴,淋巴结退化,,,
2012,全身,淋巴,淋巴发育不全,,,
2013,全身,淋巴,外周围血淋巴细胞浆有空泡,,,
2014,全身,血液血管,血压高,,,
2015,全身,血液血管,静脉曲张,,,
2016,全身,血液血管,血小板减少,,,
2017,全身,血液血管,白细胞减少,,,
2018,全身,血液血管,红细胞分布宽度偏低,,,
2019,全身,血液血管,血管硬化,,,
2020,全身,血液血管,颈动脉斑块,,,
2021,全身,血液血管,红细胞压积偏高,,,
2022,全身,血液血管,转氨酶增高,,,
2023,全身,血液血管,毛细血管扩张,,,
2024,全身,血液血管,红细胞分布宽度偏高,,,
2025,全身,血液血管,低血钾,,,
2026,全身,血液血管,低蛋白血症,,,
2027,全身,血液血管,静脉血栓,,,
2028,全身,血液血管,毛细血管出血,,,
2029,全身,血液血管,餐后血糖高,,,
2030,全身,血液血管,高同型半胱氨酸血症,,,
2031,全身,血液血管,重度贫血,,,
2032,全身,血液血管,电解质紊乱,,,
2033,全身,血液血管,白细胞增多,,,
2034,全身,血液血管,血管性水肿,,,
2035,全身,血液血管,溶血性黄疸,,,
2036,全身,血液血管,高血钾,,,
2037,全身,血液血管,血脂异常,,,
2038,全身,血液血管,血糖值升高,,,
2039,全身,血液血管,充血,,,
2040,全身,血液血管,血小板增多,,,
2041,全身,血液血管,IgM抗体阳性,,,
2042,全身,血液血管,微循环障碍,,,
2043,全身,血液血管,粒细胞减少,,,
2044,全身,血液血管,红细胞偏低,,,
2045,全身,血液血管,脉压差大,,,
2046,全身,血液血管,下肢浅静脉曲张,,,
2047,全身,血液血管,颈性高血压,,,
2048,全身,血液血管,红细胞增多,,,
2049,全身,血液血管,瘀血,,,
2050,全身,血液血管,血压下降,,,
2051,全身,血液血管,血压波动大,,,
2052,全身,血液血管,下腔静脉血栓形成,,,
2053,全身,血液血管,妊娠期高血压,,,
2054,全身,血液血管,新生儿贫血,,,
2055,全身,血液血管,轻压指甲，指头微红状不能马上恢复,,,
2056,全身,血液血管,氮质血症,,,
2057,全身,血液血管,顽固性高血压,,,
2058,全身,血液血管,血管畸形,,,
2059,全身,血液血管,孕妇贫血,,,
2060,全身,血液血管,白色恶露,,,
2061,全身,血液血管,门脉高压,,,
2062,全身,血液血管,脉搏加速,,,
2063,全身,血液血管,情绪性高血压,,,
2064,全身,血液血管,溶血现象,,,
2065,全身,血液血管,出血倾向,,,
2066,全身,血液血管,低氧血症,,,
2067,全身,血液血管,凝血功能障碍,,,
2068,全身,血液血管,慢性贫血,,,
2069,全身,血液血管,颈静脉怒张,,,
2070,全身,血液血管,血清甲胎蛋白升高,,,
2071,全身,血液血管,全血细胞减少,,,
2072,全身,血液血管,食管下段静脉曲张,,,
2073,全身,血液血管,血沉增快,,,
2074,全身,血液血管,静脉回流障碍,,,
2075,全身,血液血管,异常出血,,,
2076,全身,血液血管,恶性贫血,,,
2077,全身,血液血管,血缺氧,,,
2078,全身,血液血管,妊娠期血糖高,,,
2079,全身,血液血管,阴血不足,,,
2080,全身,血液血管,血液粘度增高,,,
2081,全身,血液血管,血流不畅,,,
2082,全身,血液血管,伴高血压,,,
2083,全身,血液血管,血管增生,,,
2084,全身,血液血管,静脉血氧饱和度（SVO2）降低,,,
2085,全身,血液血管,高碳酸血症,,,
2086,全身,血液血管,肝-颈静脉回流征阳性,,,
2087,全身,血液血管,中性粒细胞增高,,,
2088,全身,血液血管,贫血貌,,,
2089,全身,血液血管,低磷血症,,,
2090,全身,血液血管,脉搏快而弱,,,
2091,全身,血液血管,白血病细胞浸润,,,
2092,全身,血液血管,失血过多,,,
2093,全身,血液血管,毒血症,,,
2094,全身,血液血管,母婴ABO血型不合,,,
2095,全身,血液血管,脉搏短绌,,,
2096,全身,血液血管,微血栓形成,,,
2097,全身,血液血管,老年人高粘血症,,,
2098,全身,血液血管,门诊高血压,,,
2099,全身,血液血管,静脉栓塞,,,
2100,全身,血液血管,心前区重压感,,,
2101,全身,血液血管,骨髓巨核细胞成熟障碍,,,
2102,全身,血液血管,血管壁变薄,,,
2103,全身,血液血管,免疫性溶血,,,
2104,全身,血液血管,风湿性血管炎,,,
2105,全身,血液血管,气不摄血,,,
2106,全身,血液血管,血清甘油三酯,,,
2107,全身,血液血管,脉沉弦,,,
2108,全身,血液血管,血清睾酮浓度低下,,,
2109,全身,血液血管,N动脉搏动减弱或消失,,,
2110,全身,血液血管,血热,,,
2111,全身,血液血管,凝血障碍,,,
2112,全身,血液血管,静脉曲张性溃疡,,,
2113,全身,血液血管,血栓脱落,,,
2114,全身,血液血管,静脉豆,,,
2115,全身,血液血管,甲胎蛋白增高,,,
2116,全身,血液血管,慢性静脉功能不全,,,
2117,全身,血液血管,呈红色条索，游走的浅静脉,,,
2118,全身,血液血管,高睾酮血症,,,
2119,全身,血液血管,动脉出血,,,
2120,全身,血液血管,血小板聚集增强,,,
2121,全身,血液血管,血性恶露,,,
2122,全身,血液血管,体循环淤血,,,
2123,全身,血液血管,交替脉,,,
2124,全身,血液血管,静脉出血,,,
2125,全身,血液血管,水冲脉,,,
2126,全身,血液血管,脐带血流,,,
2127,全身,血液血管,血流动力学障碍,,,
2128,全身,血液血管,高血脂性血管损害,,,
2129,全身,血液血管,胡萝卜素血症,,,
2130,全身,血液血管,弦脉,,,
2131,全身,血液血管,蹲下起来后眼前发黑,,,
2132,全身,血液血管,急性贫血,,,
2133,全身,血液血管,颈静脉充盈,,,
2134,全身,血液血管,动脉血氧饱和度降低,,,
2135,全身,血液血管,痰湿停聚,,,
2136,全身,血液血管,舒张压上升,,,
2137,全身,血液血管,氧分压低,,,
2138,全身,血液血管,酪氨酸血症,,,
2139,全身,血液血管,脉细数无力,,,
2140,全身,血液血管,震水音,,,
2141,全身,血液血管,组织细胞增生,,,
2142,全身,血液血管,血象异常,,,
2143,全身,血液血管,上腔静脉回流受阻,,,
2144,全身,血液血管,去首高血压,,,
2145,全身,血液血管,内毒素血症,,,
2146,全身,血液血管,高雄激素血症,,,
2147,全身,血液血管,血管过敏性炎症,,,
2148,全身,血液血管,难治性贫血,,,
2149,全身,血液血管,缓脉,,,
2150,全身,血液血管,脉浮紧,,,
2151,全身,血液血管,血液呈现浓缩,,,
2152,全身,血液血管,束臂试验阳性,,,
2153,全身,血液血管,红细胞体积增大,,,
2154,全身,血液血管,毛细血管渗漏综合征,,,
2155,全身,血液血管,红细胞呈钱串状,,,
2156,全身,血液血管,脉象细数,,,
2157,全身,血液血管,血管内凝血,,,
2158,全身,血液血管,妊娠毒血症,,,
2159,全身,血液血管,血清丙肝病毒RNA(HCV-RNA)阳性,,,
2160,全身,血液血管,阴血亏损,,,
2161,全身,血液血管,动脉盗血,,,
2162,全身,血液血管,血液粘滞度增高,,,
2163,全身,血液血管,头或颈部发胀及跳动感,,,
2164,全身,血液血管,血中钙离子过高,,,
2165,全身,血液血管,妊娠高血压征,,,
2166,全身,血液血管,高氨血症,,,
2167,全身,血液血管,冠状动脉窃血现象,,,
2168,全身,血液血管,低血磷,,,
2169,全身,血液血管,动脉呈多处伸长扭曲状,,,
2170,全身,血液血管,血管杂音,,,
2171,全身,血液血管,血偏酸,,,
2172,全身,血液血管,弥漫性出血,,,
2173,全身,血液血管,低氯性碱中毒,,,
2174,全身,血液血管,小儿生理性贫血,,,
2175,全身,血液血管,奇脉,,,
2176,全身,血液血管,迁徙性浅静脉血栓形成,,,
2177,全身,血液血管,细胞酶活性异常,,,
2178,全身,血液血管,数脉,,,
2179,全身,血液血管,弱脉,,,
2180,全身,血液血管,脉搏细速,,,
2181,全身,血液血管,血清抗GBM抗体阳性,,,
2182,全身,血液血管,洪脉,,,
2183,全身,血液血管,高粘滞综合征,,,
2184,全身,血液血管,失血过多后贫血,,,
2185,全身,血液血管,脉氧合不足,,,
2186,全身,血液血管,涩脉,,,
2187,全身,血液血管,代脉,,,
2188,全身,血液血管,脉缓,,,
2189,全身,血液血管,面部血管纤维瘤,,,
2190,全身,血液血管,胚胎发育供血不足,,,
2191,全身,血液血管,虚脉,,,
2192,全身,血液血管,精血衰少,,,
2193,全身,血液血管,脉濡弱,,,
2194,全身,血液血管,异位性心动过速,,,
2195,全身,血液血管,血栓后综合征,,,
2196,全身,血液血管,脉涩或结,,,
2197,全身,血液血管,血清免疫球蛋白可升高,,,
2198,全身,血液血管,低补体血症,,,
2199,全身,血液血管,反向搏动,,,
2200,全身,血液血管,主动脉环扩张,,,
2201,全身,血液血管,弥漫性血管角化,,,
2202,全身,血液血管,黑朦,,,
2203,全身,血液血管,脉压小,,,
2204,全身,血液血管,SM累积量升高,,,
2205,全身,血液血管,毛细血管搏动,,,
2206,全身,血液血管,尺动脉或桡动脉搏动减弱和消失,,,
2207,全身,血液血管,脉细欲绝,,,
2208,全身,血液血管,凝血因子功能的障碍,,,
2209,全身,血液血管,血运障碍,,,
2210,全身,血液血管,微炎症状态,,,
2211,全身,血液血管,肺动脉杂音,,,
2212,全身,血液血管,肾血管畸形,,,
2213,全身,血液血管,嗜红细胞综合征,,,
2214,全身,血液血管,濡脉,,,
2215,全身,血液血管,低血容量休克,,,
2216,全身,血液血管,有效血容量减少,,,
2217,全身,血液血管,全身各脏器血流缓慢,,,
2218,全身,血液血管,血沉增速,,,
2219,全身,血液血管,外周血管减少,,,
2220,全身,血液血管,餐后血糖过低,,,
2221,全身,血液血管,血清降钙素水平增高,,,
2222,全身,血液血管,血分不足,,,
2223,全身,血液血管,迫血妄行,,,
2224,全身,血液血管,实脉,,,
2225,全身,血液血管,红细胞寿命缩短,,,
2226,全身,血液血管,血清睾酮浓度明显升高,,,
2227,全身,血液血管,血管萎缩性白斑,,,
2228,全身,血液血管,脉来弦象,,,
2229,全身,血液血管,血流阻力增加,,,
2230,全身,血液血管,水盐代谢障碍,,,
2231,全身,血液血管,冷球蛋白发生沉淀或呈胶冻状,,,
2232,全身,血液血管,血压为零,,,
2233,全身,血液血管,孕妇仰卧位低血压,,,
2234,全身,血液血管,脉搏脱漏,,,
2235,全身,血液血管,血小板寿命缩短,,,
2236,全身,血液血管,胸壁血管充盈,,,
2237,全身,血液血管,血道播散,,,
2238,全身,血液血管,高度膨胀的毛细血管襻,,,
2239,全身,血液血管,浅静脉有一发红低热的索状物,,,
2240,全身,血液血管,血清碱性磷酸酶可呈进行性增高,,,
2241,全身,血液血管,代谢性低钾,,,
2242,全身,血液血管,静脉血流滞缓,,,
2243,全身,血液血管,红细胞增多-高粘滞度,,,
2244,全身,血液血管,血液改变,,,
2245,全身,血液血管,全身性血管损害,,,
2246,全身,血液血管,胸降主动脉严重狭窄,,,
2247,全身,血液血管,脉象洪数,,,
2248,全身,血液血管,透明血管型,,,
2249,全身,血液血管,结肠血管发育不良,,,
2250,全身,血液血管,脓毒性血栓,,,
2251,全身,血液血管,植物血凝素的淋巴细胞返祖现象,,,
2252,全身,血液血管,血管壁及周围有Ig及补体沉着,,,
2253,全身,血液血管,逸搏出现,,,
2254,全身,血液血管,骨髓象改变,,,
2255,全身,血液血管,脉率增快,,,
2256,全身,血液血管,脉象疾而无力,,,
2257,全身,血液血管,中心性钙化,,,
2258,全身,血液血管,体肺循环栓塞,,,
2259,全身,血液血管,散脉,,,
2260,全身,血液血管,静脉侧支循环建立,,,
2261,全身,血液血管,微血管溶血性贫血,,,
2262,全身,血液血管,津液伤亡,,,
2263,全身,血液血管,大动脉供血障碍,,,
2264,全身,血液血管,微脉,,,
2265,全身,血液血管,血清钠增高,,,
2266,全身,血液血管,诊断室中所测血压始终增高,,,
2267,全身,血液血管,血管伤,,,
2268,全身,血液血管,疔疮走黄,,,
2269,全身,血液血管,小血管纤维性坏死,,,
2270,全身,血液血管,大动脉错位,,,
2271,全身,血液血管,长段升主动脉发育不全,,,
2272,全身,血液血管,皮下静脉呈网状怒张,,,
2273,全身,血液血管,脑细胞脱水,,,
2274,全身,血液血管,血溢脉外,,,
2275,全身,血液血管,门体侧支循环,,,
2276,全身,血液血管,动静脉短路现象,,,
2277,全身,血液血管,脉数有力,,,
2278,全身,血液血管,门静脉血流郁滞,,,
2279,全身,血液血管,高磷酸盐血症,,,
2280,全身,血液血管,烧伤后尿量减少,,,
2281,全身,血液血管,血栓扩展,,,
2282,全身,血液血管,强迫蹲位,,,
2283,全身,血液血管,高血氮,,,
2284,全身,血液血管,脉洪滑数,,,
2285,全身,血液血管,甲皱毛细血管袢数减少,,,
2286,全身,血液血管,血清铜氧化酶吸光度降低,,,
2287,全身,血液血管,血流迟缓,,,
2288,全身,血液血管,脓毒性血症或多发性迁徙性脓肿,,,
2289,全身,血液血管,新血难生,,,
2290,全身,血液血管,陶瑟征阳性,,,
2291,全身,血液血管,出血利坏死,,,
2292,全身,血液血管,静脉萎陷,,,
2293,全身,血液血管,可逆性氮质血症,,,
2294,全身,血液血管,肤燥脉微,,,
2295,全身,血液血管,脉络扩张,,,
2296,全身,血液血管,阴亏脉陷,,,
2297,全身,血液血管,血流过度,,,
2298,全身,血液血管,脉洪而芤,,,
2299,全身,血液血管,外周静脉充勇,,,
2300,全身,血液血管,异型网织细胞,,,
2301,全身,血液血管,髓性纤维化,,,
2302,全身,血液血管,低磷酸盐血症,,,
2303,全身,血液血管,压迫瘘口试验,,,
2304,全身,血液血管,水钠的蓄积,,,
2305,全身,血液血管,静脉内持续性血流,,,
2306,全身,血液血管,多克隆型冷球蛋白血症,,,
2307,全身,血液血管,烧伤后脉搏增速,,,
2308,全身,血液血管,酸性体质,,,
2309,全身,肌肉,肌肉酸痛,,,
2310,全身,肌肉,肌肉萎缩,,,
2311,全身,肌肉,肌肉拉伤,,,
2312,全身,肌肉,肌肉跳动,,,
2313,全身,肌肉,肌腱断裂,,,
2314,全身,肌肉,大腿肌肉萎缩,,,
2315,全身,肌肉,肩背部肌肉痛,,,
2316,全身,肌肉,手臂肌肉拉伤,,,
2317,全身,肌肉,肌腱囊肿,,,
2318,全身,肌肉,运动后全身酸痛,,,
2319,全身,肌肉,肌腱拉伤,,,
2320,全身,肌肉,肌腱粘连,,,
2321,全身,肌肉,三角肌疼痛,,,
2322,全身,肌肉,肌肉痉挛,,,
2323,全身,肌肉,肌张力过高,,,
2324,全身,肌肉,肌性肌无力,,,
2325,全身,肌肉,横纹肌溶解,,,
2326,全身,肌肉,逼尿肌无反射,,,
2327,全身,肌肉,肌痛,,,
2328,全身,肌肉,胸锁乳突肌附着处压痛,,,
2329,全身,肌肉,肌肉坏死,,,
2330,全身,肌肉,肌肉紧张性疼痛,,,
2331,全身,肌肉,腓肠肌痉挛,,,
2332,全身,肌肉,肌张力降低,,,
2333,全身,肌肉,腱反射亢进,,,
2334,全身,肌肉,胸大肌痛,,,
2335,全身,肌肉,痉挛,,,
2336,全身,肌肉,肌肉撕裂,,,
2337,全身,肌肉,肌肉压痛,,,
2338,全身,肌肉,腱反射消失,,,
2339,全身,肌肉,肌阵挛,,,
2340,全身,肌肉,肌肉痉挛性疼痛,,,
2341,全身,肌肉,平滑肌痉挛,,,
2342,全身,肌肉,手臂肌肉萎缩,,,
2343,全身,肌肉,肌肉颤动,,,
2344,全身,肌肉,逼尿肌反射亢进,,,
2345,全身,肌肉,臀中肌损伤,,,
2346,全身,肌肉,肌肉挛缩,,,
2347,全身,肌肉,腰大肌肿胀,,,
2348,全身,肌肉,肌腱端炎,,,
2349,全身,肌肉,肌肉挫伤,,,
2350,全身,肌肉,肌肉硬结,,,
2351,全身,肌肉,肩胛带肌肉萎缩,,,
2352,全身,肌肉,风湿性多发性肌痛症,,,
2353,全身,肌肉,发作性四肢肌肉僵直,,,
2354,全身,肌肉,肌肉撞伤,,,
2355,全身,肌肉,肌束震颤,,,
2356,全身,肌肉,肌张力减低,,,
2357,全身,肌肉,肌肉完全断裂,,,
2358,全身,肌肉,神经肌肉症状,,,
2359,全身,肌肉,热痉挛,,,
2360,全身,肌肉,腰大肌痉挛,,,
2361,全身,肌肉,痛引肩背,,,
2362,全身,肌肉,臀肌萎缩,,,
2363,全身,肌肉,抗Jo-1抗体阳性,,,
2364,全身,肌肉,良性假肥大型肌营养不良症,,,
2365,全身,肌肉,腓肠肌撕裂,,,
2366,全身,肌肉,肌无力危象,,,
2367,全身,肌肉,全身骨骼肌痉挛,,,
2368,全身,肌肉,肌腱扭伤,,,
2369,全身,肌肉,对称性肌无力,,,
2370,全身,肌肉,阵发性肢体肌肉痉挛,,,
2371,全身,肌肉,全身骨骼肌收缩,,,
2372,全身,肌肉,腓肠肌痉挛性疼痛,,,
2373,全身,肌肉,抑郁性木僵,,,
2374,全身,肌肉,胸肌萎缩,,,
2375,全身,肌肉,乳酸蓄积过多,,,
2376,全身,肌肉,肌力减退,,,
2377,全身,肌肉,肌肉抽动,,,
2378,全身,肌肉,筋惕肉p,,,
2379,全身,肌肉,阵挛,,,
2380,全身,肌肉,支气管平滑肌痉挛,,,
2381,全身,肌肉,肌肉纤维震颤,,,
2382,全身,肌肉,肌肉肥大,,,
2383,全身,肌肉,肌肉发育不良,,,
2384,全身,肌肉,流行性肌痛,,,
2385,全身,肌肉,臀中肌麻痹步态,,,
2386,全身,肌肉,全身肌张力障碍,,,
2387,全身,肌肉,肌肉的失用性萎缩,,,
2388,全身,肌肉,肌肉震颤,,,
2389,全身,肌肉,痉挛性的肌张力增高,,,
2390,全身,肌肉,肌病步态,,,
2391,全身,肌肉,局限性肌张力障碍,,,
2392,全身,肌肉,腹肌强直,,,
2393,全身,肌肉,震颤性肌强直，运动徐缓,,,
2394,全身,肌肉,肌肉无力,,,
2395,全身,肌肉,肌纤维颤搐,,,
2396,全身,肌肉,持续的肌肉收缩,,,
2397,全身,肌肉,肌肉出血,,,
2398,全身,肌肉,肌肉瘦削,,,
2399,全身,肌肉,虎眼征,,,
2400,全身,肌肉,咽部肌肉运动障碍,,,
2401,全身,肌肉,肌肉砸伤,,,
2402,全身,肌肉,强直性肌张力增高,,,
2403,全身,肌肉,肌肉假肥大,,,
2404,全身,肌肉,儿童型肌张力障碍,,,
2405,全身,肌肉,运动耐力降低,,,
2406,全身,肌肉,肩胛带的肌肉不发达,,,
2407,全身,肌肉,偏身萎缩,,,
2408,全身,肌肉,节段性肌张力障碍,,,
2409,全身,肌肉,无能力感,,,
2410,全身,肌肉,寒凝收引,,,
2411,全身,肌肉,肌体张力异常,,,
2412,全身,肌肉,长期使用皮质类固醇导致肌肉病变,,,
2413,全身,肌肉,腱或腱止点处增粗或钙化,,,
2414,全身,肌肉,严重性假肥大型营养不良症,,,
2415,全身,肌肉,肌纤维大小不等,,,
2416,全身,肌肉,腹肌严重发育不良,,,
2417,全身,肌肉,肢体变细变短,,,
2418,全身,肌肉,断续的肌收缩,,,
2419,全身,周围神经,婴儿痉挛,,,
2420,全身,周围神经,宝宝呛奶,,,
2421,上肢,肩部,肩痛,,,
2422,上肢,肩部,肩关节痛,,,
2423,上肢,肩部,肩关节活动受限,,,
2424,上肢,肩部,肩背部沉重感,,,
2425,上肢,肩部,冻结肩,,,
2426,上肢,肩部,凝肩,,,
2427,上肢,肩部,撞击征,,,
2428,上肢,肩部,肩周酸痛不适,,,
2429,上肢,肩部,颈肩疲劳和软组织疼痛,,,
2430,上肢,肩部,右上腹持续性剧痛并向右肩部放射,,,
2431,上肢,肩部,肩臂外侧的感觉障碍和功能受限,,,
2432,上肢,肩部,方肩畸形,,,
2433,上肢,肩部,颈后及肩部皮肤发硬,,,
2434,上肢,肩部,肩部牵涉痛,,,
2435,上肢,肩部,肩部或肩胛区持续钝痛和深部钻刺样不适感,,,
2436,上肢,肩部,拔罐水泡,,,
2437,上肢,上臂,胳膊上有小疙瘩,,,
2438,上肢,手部,手脚冰凉,,,
2439,上肢,手部,手足麻木,,,
2440,上肢,手部,指甲异常,,,
2441,上肢,手部,肝掌,,,
2442,上肢,手部,手抽筋,,,
2443,上肢,手部,晨僵,,,
2444,上肢,手部,手足脱皮,,,
2445,上肢,手部,手上有小水泡,,,
2446,上肢,手部,手麻,,,
2447,上肢,手部,手凉,,,
2448,上肢,手部,手指麻痛,,,
2449,上肢,手部,无名指不明原因疼痛,,,
2450,上肢,手部,手热,,,
2451,上肢,手部,手、足部厚壁水疱,,,
2452,上肢,手部,手指甲没有白色月牙,,,
2453,上肢,手部,手指小关节痛肿,,,
2454,上肢,手部,腕管综合征,,,
2455,上肢,手部,甲周炎,,,
2456,上肢,手部,手足多汗,,,
2457,上肢,手部,手酸,,,
2458,上肢,手部,白甲,,,
2459,上肢,手部,手指甲周围起皮,,,
2460,上肢,手部,凹甲,,,
2461,上肢,手部,手指痛风,,,
2462,上肢,手部,手掌及足趾皮肤过度角化,,,
2463,上肢,手部,手指甲有白色斑点,,,
2464,上肢,手部,指甲中央部分隆起,,,
2465,上肢,手部,通贯掌,,,
2466,上肢,手部,手震颤,,,
2467,上肢,手部,手冻伤,,,
2468,上肢,手部,指甲呈扇形,,,
2469,上肢,手部,手指冻肿,,,
2470,上肢,手部,指甲呈现青紫色,,,
2471,上肢,手部,食指和中指僵硬痛麻,,,
2472,上肢,手部,紧张性手抖,,,
2473,上肢,手部,季节性手脱皮,,,
2474,上肢,手部,手心热,,,
2475,上肢,手部,指甲上有直线,,,
2476,上肢,手部,指甲出现条纹或斑点,,,
2477,上肢,手部,手表皮深处的水疱,,,
2478,上肢,手部,指甲突然变白,,,
2479,上肢,手部,手肌肉萎缩,,,
2480,上肢,手部,黄指甲,,,
2481,上肢,手部,手皮肤发紫,,,
2482,上肢,手部,猿手畸形,,,
2483,上肢,手部,不能伸展拇指,,,
2484,上肢,手部,马凡氏综合征,,,
2485,上肢,手部,手指发僵疼痛,,,
2486,上肢,手部,指甲呈扁平形,,,
2487,上肢,手部,扳机指的弹响,,,
2488,上肢,手部,两手颤抖,,,
2489,上肢,手部,手腕肿痛及掌屈活动受限,,,
2490,上肢,手部,指甲嵌入肉,,,
2491,上肢,手部,匙状指（趾）,,,
2492,上肢,手部,双手震颤,,,
2493,上肢,手部,指（趾）麻木,,,
2494,上肢,手部,指甲易碎,,,
2495,上肢,手部,指（趾）甲颜色改变,,,
2496,上肢,手部,手握物无力,,,
2497,上肢,手部,食指指甲凹陷,,,
2498,上肢,手部,手腕长骨刺,,,
2499,上肢,手部,指甲呈筒形,,,
2500,上肢,手部,产后手指痛,,,
2501,上肢,手部,甲下出血,,,
2502,上肢,手部,手足湿冷,,,
2503,上肢,手部,手掌硬性水肿,,,
2504,上肢,手部,手足厥冷,,,
2505,上肢,手部,指甲变软或发生变形,,,
2506,上肢,手部,指甲呈现黑色,,,
2507,上肢,手部,手足发抖,,,
2508,上肢,手部,指甲很短,,,
2509,上肢,手部,手与手指胀满感,,,
2510,上肢,手部,手掌呈黄色,,,
2511,上肢,手部,指甲倒刺,,,
2512,上肢,手部,手指扭伤,,,
2513,上肢,手部,拇指不明原因疼痛,,,
2514,上肢,手部,手足烦热,,,
2515,上肢,手部,手背部皮肤发红肿胀,,,
2516,上肢,手部,并指（趾）畸形,,,
2517,上肢,手部,食指半月甲呈粉红色,,,
2518,上肢,手部,手脚发麻,,,
2519,上肢,手部,半月痕,,,
2520,上肢,手部,手指脱皮,,,
2521,上肢,手部,手心发热,,,
2522,下肢,下肢,小腿酸痛,,,
2523,下肢,下肢,脚臭,,,
2524,下肢,下肢,水肿,,,
2525,下肢,下肢,小腿水肿,,,
2526,下肢,下肢,膝关节疼痛,,,
2527,下肢,下肢,下肢浮肿,,,
2528,下肢,下肢,足跟痛,,,
2529,下肢,下肢,第1跖趾关节疼痛和肿大,,,
2530,下肢,下肢,老年人小腿浮肿,,,
2531,下肢,下肢,老年人腿抽筋,,,
2532,下肢,下肢,四肢无力,,,
2533,下肢,下肢,膝关节积液,,,
2534,下肢,下肢,足癣,,,
2535,下肢,下肢,踝关节肿胀,,,
2536,下肢,下肢,膝盖长骨刺,,,
2537,下肢,下肢,大腿内侧红斑,,,
2538,下肢,下肢,大腿刺痛,,,
2539,下肢,下肢,间歇性跛行,,,
2540,下肢,下肢,踝关节疼痛,,,
2541,下肢,下肢,大腿外侧痛,,,
2542,下肢,下肢,腿脚浮肿,,,
2543,下肢,下肢,四肢酸痛无力,,,
2544,下肢,下肢,下肢无力,,,
2545,下肢,下肢,韧带拉伤,,,
2546,下肢,下肢,腰膝酸软,,,
2547,下肢,下肢,滑膜发炎,,,
2548,下肢,下肢,腹股沟痒,,,
2549,下肢,下肢,冬天脚冷,,,
2550,下肢,下肢,小腿发胀,,,
2551,下肢,下肢,胫骨疼痛,,,
2552,下肢,下肢,小腿瘙痒干燥,,,
2553,下肢,下肢,杵状指（趾）,,,
2554,下肢,下肢,腹股沟区可复性肿块,,,
2555,下肢,下肢,脚后跟长骨刺,,,
2556,下肢,下肢,四肢麻木,,,
2557,下肢,下肢,膝关节肿大,,,
2558,下肢,下肢,髌骨疼痛,,,
2559,下肢,下肢,脚底干裂,,,
2560,下肢,下肢,脚外侧疼,,,
2561,下肢,下肢,四肢远端麻木、疼痛或异样感觉,,,
2562,下肢,下肢,四肢发冷,,,
2563,下肢,下肢,不宁腿综合征,,,
2564,下肢,下肢,睡觉时小腿抽筋,,,
2565,下肢,下肢,干性脚气,,,
2566,下肢,下肢,足底脱皮,,,
2567,下肢,下肢,偏瘫,,,
2568,下肢,下肢,下身肥胖,,,
2569,下肢,下肢,干性坐骨神经痛,,,
2570,下肢,下肢,膝盖扭伤,,,
2571,下肢,下肢,打软腿,,,
2572,下肢,下肢,双下肢可凹陷性水肿,,,
2573,下肢,下肢,孕妇小腿浮肿,,,
2574,下肢,下肢,罗圈腿,,,
2575,下肢,下肢,足背动脉搏动消失,,,
2576,下肢,下肢,孕妇小腿痒,,,
2577,下肢,下肢,下肢发凉,,,
2578,下肢,下肢,小腿肚抽筋,,,
2579,下肢,下肢,小腿腓部肌肉疼痛和压痛,,,
2580,下肢,下肢,步态异常,,,
2581,下肢,下肢,不能屈膝,,,
2582,下肢,下肢,四肢抽搐,,,
2583,下肢,下肢,小腿肌肉萎缩,,,
2584,下肢,下肢,髌骨劳损,,,
2585,下肢,下肢,步态不稳,,,
2586,下肢,下肢,慢性腰痛伴下肢麻痛,,,
2587,下肢,下肢,腓肠肌压痛,,,
2588,下肢,下肢,腿脚抽筋,,,
2589,下肢,下肢,髌骨软化,,,
2590,下肢,下肢,下肢放射痛,,,
2591,下肢,下肢,下肢神经性疼痛,,,
2592,下肢,下肢,股四头肌损伤,,,
2593,下肢,下肢,足心发热,,,
2594,下肢,下肢,足痛,,,
2595,下肢,下肢,干性坏疽,,,
2596,下肢,下肢,X型腿,,,
2597,下肢,下肢,痛风结节,,,
2598,下肢,下肢,肢体疼痛,,,
2599,下肢,下肢,大腿以下或膝以下肌肉瘫痪,,,
2600,下肢,下肢,孕妇腿抽筋,,,
2601,下肢,下肢,下肢红斑结节,,,
2602,下肢,下肢,“鸭步”步态,,,
2603,下肢,下肢,足部肿胀压痛,,,
2604,下肢,下肢,踝部及足背水肿,,,
2605,下肢,下肢,下蹲困难,,,
2606,下肢,下肢,足外翻,,,
2607,下肢,下肢,掌跖角化过度,,,
2608,下肢,下肢,爪状趾,,,
2609,下肢,下肢,脚趾甲内长,,,
2610,下肢,下肢,足内翻,,,
2611,下肢,下肢,距骨坏死,,,
2612,下肢,下肢,膝关节不能完全伸直,,,
2613,下肢,下肢,足趾痛,,,
2614,下肢,下肢,膝内翻,,,
2615,下肢,下肢,胫骨压痛,,,
2616,下肢,下肢,髌后疼痛,,,
2617,下肢,下肢,髌下疼痛,,,
2618,下肢,下肢,长时间或剧烈运动后前足疼痛,,,
2619,下肢,下肢,脚冻伤,,,
2620,下肢,下肢,八字脚步态,,,
2621,下肢,下肢,小腿寒冷i痛,,,
2622,下肢,下肢,行走踩棉花感,,,
2623,下肢,下肢,腓肠肌拉伤,,,
2624,下肢,下肢,足底溃疡,,,
2625,下肢,下肢,肢体短缩畸形,,,
2626,下肢,下肢,内踝下区域疼痛肿胀,,,
2627,下肢,下肢,足掌痛,,,
2628,下肢,下肢,四肢瘫痪,,,
2629,下肢,下肢,博氏线,,,
2630,下肢,下肢,胫骨结节处的酸痛，肿胀,,,
2631,下肢,下肢,跟腱疼痛,,,
2632,下肢,下肢,四肢苔藓样变,,,
2633,下肢,下肢,髌骨骨裂,,,
2634,下肢,下肢,膝关节肿胀积血,,,
2635,下肢,下肢,恐水症,,,
2636,下肢,下肢,伸膝障碍,,,
2637,下肢,下肢,膝盖撞伤,,,
2638,下肢,下肢,三角韧带损伤,,,
2639,下肢,下肢,足跟淤血,,,
2640,下肢,下肢,踝部凹陷性水肿,,,
2641,下肢,下肢,足跟的后上方疼痛的红色肿块,,,
2642,下肢,下肢,肢体发凉,,,
2643,下肢,下肢,膝后肿胀疼痛，活动受限,,,
2644,下肢,下肢,足的放射性疼痛,,,
2645,下肢,下肢,指甲翘起,,,
2646,下肢,下肢,丛性坐骨神经痛,,,
2647,下肢,下肢,酒后四肢酸痛,,,
2648,下肢,下肢,马蹄内翻足,,,
2649,下肢,下肢,股前外侧麻木、蚁行感,,,
2650,下肢,下肢,行走时发生腓肠肌麻木,,,
2651,下肢,下肢,小儿腿抽筋,,,
2652,下肢,下肢,足畸形,,,
2653,下肢,下肢,踝阵挛,,,
2654,下肢,下肢,两条腿不一样长,,,
2655,下肢,下肢,踝膝关节积液,,,
2656,下肢,下肢,弓形足,,,
2657,下肢,下肢,胫前指压性水肿,,,
2658,下肢,下肢,小腿溃疡,,,
2659,下肢,下肢,下肢久立时出现膨胀性剧烈疼痛,,,
2660,下肢,下肢,膝关节软弱无力,,,
2661,下肢,下肢,婴儿脚气,,,
2662,下肢,下肢,弯曲不利,,,
2663,下肢,下肢,头重足轻,,,
2664,下肢,下肢,截瘫,,,
2665,下肢,下肢,足背部肿胀,,,
2666,下肢,下肢,股二头肌损伤,,,
2667,下肢,下肢,股三角区压痛,,,
2668,下肢,下肢,手掌及足底发红,,,
2669,下肢,下肢,四肢不温,,,
2670,下肢,下肢,下肢短缩,,,
2671,下肢,下肢,指甲有红色或黑色斑点,,,
2672,下肢,下肢,行走后小腿肌肉痉挛,,,
2673,下肢,下肢,下肢湿性坏疽,,,
2674,下肢,下肢,湿热浸淫,,,
2675,下肢,下肢,膝腱反射消失,,,
2676,下肢,下肢,胫前和足部坚硬的非凹陷性水肿斑块,,,
2677,下肢,下肢,睡眠中周期性腿动,,,
2678,下肢,下肢,屈伸不利,,,
2679,下肢,下肢,超量饮酒后两下肢突然出现痉挛和疼痛,,,
2680,下肢,下肢,指甲干瘪,,,
2681,下肢,下肢,脚上血泡,,,
2682,下肢,下肢,手足蠕动,,,
2683,下肢,下肢,肢体震颤,,,
2684,下肢,下肢,肢体局部的皮肤颜色和温度改变,,,
2685,下肢,下肢,髌周指压痛,,,
2686,下肢,下肢,胫骨粗隆肿胀,,,
2687,下肢,下肢,大腿局部肿胀变形,,,
2688,下肢,下肢,闭孔神经损害,,,
2689,下肢,下肢,腿前内侧出现感觉异常,,,
2690,下肢,下肢,指趾端干性坏死,,,
2691,下肢,下肢,指甲类似云母,,,
2692,下肢,下肢,掌趾皮肤黄色角化物,,,
2693,下肢,下肢,足底烧灼感,,,
2694,下肢,下肢,膝前疼痛,,,
2695,下肢,下肢,四肢畸形,,,
2696,下肢,下肢,多指（趾）畸形,,,
2697,下肢,下肢,髌后捻发音,,,
2698,下肢,下肢,足趾伸屈时足部疼痛,,,
2699,下肢,下肢,下肢感应痛或放射痛的腰背痛,,,
2700,下肢,下肢,髋、膝、肘部呈屈曲畸形,,,
2701,下肢,下肢,交叉腿,,,
2702,下肢,下肢,肢体麻痛,,,
2703,下肢,下肢,跨阈步态,,,
2704,下肢,下肢,正常免疫球蛋白减少,,,
2705,下肢,下肢,下肢弥漫性水肿,,,
2706,下肢,下肢,足趾发凉怕冷，呈苍白色或紫红色,,,
2707,下肢,下肢,意识朦胧状态,,,
2708,下肢,下肢,肢体的非凹性水肿,,,
2709,下肢,下肢,Q角异常,,,
2710,下肢,下肢,指甲生长缓慢,,,
2711,下肢,下肢,足底和足背浮肿,,,
2712,下肢,下肢,四肢乏力,,,
2713,下肢,下肢,指甲呈半圆形,,,
2714,下肢,下肢,双足红肿热痛,,,
2715,下肢,下肢,髌前空虚感,,,
2716,下肢,下肢,股前内侧及小腿内侧感觉丧失,,,
2717,下肢,下肢,小腿和踝关节周围的紫红色瘀斑,,,
2718,下肢,下肢,胫前黑斑,,,
2719,下肢,下肢,外踝前下方肿胀和疼痛,,,
2720,下肢,下肢,双下肢突然性瘫痪,,,
2721,下肢,下肢,指(趾)甲增厚,,,
2722,下肢,下肢,四肢湿冷,,,
2723,下肢,下肢,指甲夹伤,,,
2724,下肢,下肢,手指和足趾无痛性软组织肿块,,,
2725,下肢,下肢,足和足趾不能背屈,,,
2726,下肢,下肢,马蹄外翻足,,,
2727,下肢,下肢,足趾屈曲挛缩,,,
2728,下肢,下肢,膝及小腿部有广泛的瘀血斑,,,
2729,下肢,下肢,急性下肢缺血,,,
2730,下肢,下肢,摇摆步态,,,
2731,下肢,下肢,四肢震颤,,,
2732,下肢,下肢,肢体僵硬感,,,
2733,下肢,下肢,巨指(趾),,,
2734,下肢,下肢,膝后疼痛,,,
2735,下肢,下肢,抽搐无力,,,
2736,下肢,下肢,四肢肌张力增强,,,
2737,下肢,下肢,药物依赖,,,
2738,下肢,下肢,下肢中枢性瘫痪,,,
2739,下肢,下肢,指间关节不能屈曲,,,
2740,下肢,下肢,手足厥寒,,,
2741,下肢,下肢,肢端易发生不易控制的足癣感染,,,
2742,下肢,下肢,骨间肌和鱼际肌萎缩,,,
2743,下肢,下肢,屈髋屈膝及外旋畸形,,,
2744,下肢,下肢,手足逆冷,,,
2745,下肢,下肢,怪异步态,,,
2746,下肢,下肢,肢体不自主震颤,,,
2747,下肢,下肢,爪甲不荣,,,
2748,下肢,下肢,膝盖砸伤肿痛,,,
2749,下肢,下肢,腊肠趾,,,
2750,下肢,下肢,下肢血压偏低,,,
2751,下肢,下肢,肢端凉,,,
2752,下肢,下肢,小腿外侧及足背感觉丧失,,,
2753,下肢,下肢,足踝捩伤,,,
2754,下肢,下肢,Howship-Romberg征,,,
2755,下肢,下肢,青少年膝痛,,,
2756,下肢,下肢,腱反射异常,,,
2757,下肢,下肢,足胫软弱,,,
2758,下肢,下肢,指甲上起小细粒,,,
2759,下肢,下肢,指尖边缘指甲有凹陷,,,
2760,下肢,下肢,S,,,
2761,下肢,下肢,指甲宽而短(宽大于长),,,
2762,下肢,下肢,对侧肢体偏瘫,,,
2763,下肢,下肢,直腿伸踝试验阳性,,,
2764,下肢,下肢,肢端发绀,,,
2765,下肢,下肢,肢端缺血,,,
2766,下肢,下肢,站立久后的浮肿,,,
2767,下肢,下肢,指（趾）甲缺失,,,
2768,下肢,下肢,足背及胫后动脉搏动减弱,,,
2769,下肢,下肢,下肢外展,,,
2770,下肢,下肢,红丝疔,,,
2771,下肢,下肢,疼痛牵引股侧,,,
2772,下肢,下肢,上臂短于前臂，小腿短于大腿,,,
2773,下肢,下肢,腿外侧质软半球形包块,,,
2774,下肢,下肢,指(趾)肿胀,,,
2775,下肢,下肢,足踝部光滑圆形的包块,,,
2776,下肢,下肢,指甲营养障碍,,,
2777,下肢,下肢,胫骨假关节形成,,,
2778,下肢,下肢,小腿以下缺血,,,
2779,下肢,下肢,四肢对称性软瘫,,,
2780,下肢,下肢,四肢长骨和肌肉无规律的酸痛,,,
2781,下肢,下肢,四肢呈对称性下运动神经元性瘫痪,,,
2782,下肢,下肢,腓骨肌对称萎缩逐渐向上发展,,,
2783,下肢,下肢,趾垂症,,,
2784,下肢,下肢,仰趾外翻,,,
2785,下肢,下肢,下肢肌肉瘫痪,,,
2786,下肢,下肢,公鸡步态,,,
2787,下肢,下肢,指甲呈三角形,,,
2788,下肢,下肢,肢端硬化,,,
2789,下肢,下肢,臀部可触及上移的股骨头,,,
2790,下肢,下肢,四肢血压脉搏不对称,,,
2791,下肢,下肢,指甲冻伤,,,
2792,下肢,下肢,足部震颤,,,
2793,下肢,下肢,掌跖发红,,,
2794,下肢,下肢,趾蹼间隙麻木,,,
2795,下肢,下肢,指节增粗,,,
2796,下肢,下肢,指甲特大有纵纹而手指细,,,
2797,下肢,下肢,脊髓性间歇破行,,,
2798,下肢,下肢,运动时膝前疼痛加剧,,,
2799,下肢,下肢,下肢拖曳步态,,,
2800,下肢,下肢,爪甲青紫,,,
2801,下肢,下肢,血液回流障碍性水肿,,,
2802,下肢,下肢,下肢呈剪刀步态,,,
2803,下肢,下肢,搓手顿足,,,
2804,下肢,下肢,足底凸起,,,
2805,下肢,下肢,足跟蓝黑色或黑色斑点,,,
2806,下肢,下肢,足跟步行,,,
2807,下肢,下肢,下肢皮肤营养性改变,,,
2808,下肢,下肢,凸甲,,,
2809,下肢,下肢,四肢电击感,,,
2810,下肢,下肢,外伤性低位截瘫,,,
2811,下肢,下肢,指甲末端呈直线形,,,
2812,下肢,下肢,小儿双下肢蜷曲,,,
2813,下肢,下肢,胫骨干骨不连,,,
2814,下肢,下肢,趾短小,,,
2815,下肢,下肢,足不能跖屈和内翻,,,
2816,下肢,下肢,指（趾）骨梗死,,,
2817,下肢,下肢,肢端湿冷,,,
2818,下肢,下肢,指(趾)甲点状凹陷,,,
2819,下肢,下肢,双胫对称发生梅核大小疼痛性结节,,,
2820,下肢,下肢,手足拘急,,,
2821,下肢,下肢,跖部纤维痛,,,
2822,下肢,下肢,肢体远侧常有麻痛,,,
2823,下肢,下肢,脚麻,,,
2824,下肢,下肢,足跟后凸,,,
2825,下肢,下肢,指或趾甲下裂片状出血,,,
2826,下肢,下肢,摄盐过多水肿,,,
2827,下肢,下肢,经前期膝痛,,,
2828,下肢,下肢,下肢负重障碍,,,
2829,下肢,下肢,指甲有黄色细点,,,
2830,下肢,下肢,肢体增长、增粗过度,,,
2831,下肢,下肢,大腿内侧红疙瘩,,,
2832,下肢,下肢,指（趾）环状缩窄带,,,
2833,下肢,下肢,膝、踝反射减退,,,
2834,下肢,下肢,指（趾）甲脆软萎缩,,,
2835,下肢,下肢,皮肤型屈肢症,,,
2836,下肢,下肢,四肢屈侧出现橘皮样外观,,,
2837,下肢,下肢,趾远端呈球形,,,
2838,下肢,下肢,巨脚,,,
2839,下肢,下肢,舌型骨折,,,
2840,下肢,下肢,特征性趾端大片状脱皮,,,
2841,下肢,下肢,趾端干枯发黑,,,
2842,下肢,下肢,下肢振动觉和位置觉受损,,,
2843,下肢,下肢,跖反射伸性,,,
2844,下肢,下肢,小腿内侧感觉丧失,,,
2845,下肢,下肢,指甲细长,,,
2846,下肢,下肢,失用步态,,,
2847,下肢,下肢,足跖屈无力和踝反射减弱,,,
2848,下肢,下肢,指端及指(趾)甲周红斑,,,
2849,下肢,下肢,指甲苍白脱落,,,
2850,下肢,下肢,手足痿弱不用,,,
2851,下肢,下肢,手下垂时皮肤呈灰蓝色,,,
2852,下肢,下肢,掌骨和跖骨短,,,
2853,下肢,下肢,四肢洒洒如疟,,,
2854,下肢,下肢,舞蹈样步态,,,
2855,下肢,下肢,肢体过度肥大,,,
2856,下肢,下肢,足穿孔,,,
2857,下肢,下肢,外踝呈现凹陷,,,
2858,下肢,下肢,脚趾痛,,,
2859,下肢,下肢,下肢动作沉重,,,
2860,下肢,下肢,推髌抗阻痛,,,
2861,下肢,下肢,踝及足麻木有灼痛感,,,
2862,下肢,下肢,脚心筋疼,,,
2863,下肢,下肢,肢体远端出现腕垂踝垂,,,
2864,下肢,下肢,脚后跟疼,,,
2865,下肢,下肢,肢端苍白发组潮红,,,
2866,下肢,下肢,四肢近端肌肉呼吸麻痹,,,
2867,下肢,下肢,脚底长水泡,,,
2868,下肢,下肢,爬山后小腿疼,,,
2869,下肢,下肢,孕期水肿,,,
2870,盆腔,尿道,尿不尽,,,
2871,盆腔,会阴部,肛门会阴区潮湿不洁,,,
2872,盆腔,会阴部,小便刺痛,,,
2873,臀部,臀部,肛门瘙痒,,,
2874,臀部,臀部,髋关节痛,,,
2875,臀部,臀部,臀部疼痛,,,
2876,臀部,臀部,肛门坠胀,,,
2877,臀部,臀部,肛门疼痛,,,
2878,臀部,臀部,排便困难,,,
2879,臀部,臀部,炎性外痔,,,
2880,臀部,臀部,直肠疼痛,,,
2881,臀部,臀部,臀部酸痛,,,
2882,臀部,臀部,静脉曲张性外痔,,,
2883,臀部,臀部,骨盆痛,,,
2884,臀部,臀部,肛乳头肥大,,,
2885,臀部,臀部,肛周囊肿,,,
2886,臀部,臀部,痔块脱垂,,,
2887,臀部,臀部,里急后重,,,
2888,臀部,臀部,股部内侧靠近阴囊处的皮疹,,,
2889,臀部,臀部,根性坐骨神经痛,,,
2890,臀部,臀部,髋关节积液,,,
2891,臀部,臀部,直肠肛门内胀痛不适,,,
2892,臀部,臀部,肛门括约肌松弛,,,
2893,臀部,臀部,髋关节发育不良,,,
2894,臀部,臀部,肛门湿疹瘙痒,,,
2895,臀部,臀部,痔出血,,,
2896,臀部,臀部,肛内轻微隐痛坠胀或不适感,,,
2897,臀部,臀部,肛旁脓肿,,,
2898,臀部,臀部,臀部闪电疼痛,,,
2899,臀部,臀部,排气多,,,
2900,臀部,臀部,肛门病变,,,
2901,臀部,臀部,血栓外痔,,,
2902,臀部,臀部,肛周皮肤有湿疹,,,
2903,臀部,臀部,排粪时肛门灼痛,,,
2904,臀部,臀部,酒精性肝硬化,,,
2905,臀部,臀部,肛门松弛,,,
2906,臀部,臀部,肛周皮肤潮红,,,
2907,臀部,臀部,肛门短时间阵发性钝痛,,,
2908,臀部,臀部,肛门区红肿及痛性硬块,,,
2909,臀部,臀部,肛裂溃疡,,,
2910,臀部,臀部,肛门外翻,,,
2911,臀部,臀部,停止排气,,,
2912,臀部,臀部,肛管息肉,,,
2913,臀部,臀部,排便时间过长,,,
2914,臀部,臀部,肛门剧痛,,,
2915,臀部,臀部,产后痔疮,,,
2916,臀部,臀部,肛门夜间奇痒,,,
2917,臀部,臀部,臀肌挛缩,,,
2918,臀部,臀部,粪便嵌塞,,,
2919,臀部,臀部,髋内翻,,,
2920,臀部,臀部,尿涩,,,
2921,臀部,臀部,坐骨大小孔区出现压痛,,,
2922,臀部,臀部,原发性便秘,,,
2923,臀部,臀部,婴儿臀部红,,,
2924,臀部,臀部,骶尾部窦道形成,,,
2925,臀部,臀部,肛管狭窄,,,
2926,臀部,臀部,肛内分泌物多,,,
2927,臀部,臀部,髋部酸胀不适,,,
2928,臀部,臀部,没有肛门,,,
2929,臀部,臀部,臀部放射痛,,,
2930,臀部,臀部,肛裂三联征,,,
2931,臀部,臀部,马尾综合征,,,
2932,臀部,臀部,疼痛性股青肿,,,
2933,臀部,臀部,便稀时经阴道排出,,,
2934,臀部,臀部,骶部可有皮赘，形成尾巴,,,
2935,臀部,臀部,放屁频频,,,
2936,臀部,臀部,精枯髓竭,,,
2937,臀部,臀部,肛门外括约肌断裂,,,
2938,臀部,臀部,粪便排出过程异常,,,
2939,臀部,臀部,无胆汁粪便,,,
2940,臀部,臀部,肛门有黑色肿块脱出,,,
2941,臀部,臀部,肛腺分泌减少,,,
2942,臀部,臀部,肛门反射减弱或消失,,,
2943,臀部,臀部,髋外侧酸胀,,,
2944,臀部,臀部,髋外侧肿胀压痛,,,
2945,臀部,臀部,肛门畸形,,,
2946,臀部,臀部,肛管反射消失,,,
2947,臀部,臀部,便鲜红血呈点滴状或喷射状,,,
2948,臀部,臀部,臀沟下垂状跛行步态,,,
2949,臀部,臀部,肛周软瘊,,,
2950,臀部,臀部,骶骨发育不良,,,
2951,臀部,臀部,脊髓马尾受累,,,
2952,臀部,臀部,肛门或肛管窄小,,,
2953,臀部,臀部,臀沟内似夹着异物样的难受及不愉快感,,,
2954,臀部,臀部,肛门小疙瘩,,,
2955,臀部,臀部,臀沟展平和下垂,,,
2956,臀部,臀部,肛区为皮肤覆盖,,,
2957,骨,上肢骨,先天性骨与关节畸形,,,
2958,骨,下肢骨,先天性膝关节畸形,,,
2959,骨,脊柱,脊柱骨折,,,
2960,骨,盆骨,骨盆前倾,,,
2961,骨,盆骨,胎盘母体面上有凝血块及压迹,,,
2962,心理,心理,性受虐癖,,,
2963,心理,心理,心理性性功能障碍,,,
2964,心理,心理,梦游,,,
2965,心理,心理,焦虑,,,
2966,心理,心理,注意力不集中,,,
2967,心理,心理,情绪低落,,,
2968,心理,心理,紧张,,,
2969,心理,心理,孤独症,,,
2970,心理,心理,噩梦,,,
2971,心理,心理,烦躁不安,,,
2972,心理,心理,抑郁,,,
2973,心理,心理,偏执型人格障碍,,,
2974,心理,心理,强迫行为,,,
2975,心理,心理,恐惧,,,
2976,心理,心理,坐立不安,,,
2977,心理,心理,恋兽癖,,,
2978,心理,心理,恋足癖,,,
2979,心理,心理,性上瘾,,,
2980,心理,心理,被害妄想,,,
2981,心理,心理,分裂型人格障碍,,,
2982,心理,心理,忧郁,,,
2983,心理,心理,强迫观念,,,
2984,心理,心理,情绪起伏大,,,
2985,心理,心理,沮丧,,,
2986,心理,心理,多疑,,,
2987,心理,心理,社交恐惧,,,
2988,心理,心理,Asperger综合征,,,
2989,心理,心理,偏执性妄想,,,
2990,心理,心理,产后抑郁,,,
2991,心理,心理,酒精依赖,,,
2992,心理,心理,窥淫癖,,,
2993,心理,心理,猥亵行为,,,
2994,心理,心理,对声音敏感,,,
2995,心理,心理,暴力冲动行为,,,
2996,心理,心理,躁狂,,,
2997,心理,心理,自杀行为,,,
2998,心理,心理,注意力缺乏多动症,,,
2999,心理,心理,色情行为,,,
3000,心理,心理,人格解体,,,
3001,心理,心理,猜疑,,,
3002,心理,心理,社交敏感性障碍,,,
3003,心理,心理,人格改变,,,
3004,心理,心理,迫害妄想,,,
3005,心理,心理,易性别癖,,,
3006,心理,心理,被窃或疑病妄想,,,
3007,心理,心理,强迫性穷思竭虑,,,
3008,心理,心理,强迫性联想,,,
3009,心理,心理,情志内伤,,,
3010,心理,心理,摩擦型性变态,,,
3011,心理,心理,难入睡或易惊醒,,,
3012,心理,心理,伴有生动鲜明的恐怖性幻视,,,
3013,心理,心理,行为及情绪异常,,,
3014,心理,心理,容易激动,,,
3015,心理,心理,更年期抑郁,,,
3016,心理,心理,晕轮效应,,,
3017,心理,心理,无助感,,,
3018,心理,心理,强迫性人格,,,
3019,心理,心理,情绪性厌食,,,
3020,心理,心理,抱癖,,,
3021,心理,心理,手机依赖症,,,
3022,心理,心理,情感依赖,,,
3023,心理,心理,自恋,,,
3024,心理,心理,缺乏自控能力,,,
3025,心理,心理,假期综合症,,,
3026,心理,心理,精神洁癖,,,
3027,心理,心理,失眠多梦,,,
3028,心理,心理,厌学心理,,,
3029,心理,心理,外向孤独症,,,
3030,心理,心理,选择恐惧症,,,
3031,心理,心理,癔症型人格,,,
