,症状名称,c1
884,腕下垂,上肢
659,手腕在大拇指侧的疼痛,上肢
194,肩周区弥散的钝痛及放射痛,上肢
1404,掌骨指数及指骨指数均增大,上肢
646,上肢及肩向下牵引或手拿重物时疼痛,上肢
2394,腋部掌心出汗,上肢
2372,双手活动软弱无力,上肢
635,中指指甲凹陷,上肢
1440,臂丛神经受累,上肢
212,手变短,上肢
218,鲜红掌,上肢
220,前臂细小,上肢
1382,前臂旋转痛,上肢
1479,肘关节畸形,上肢
2332,手的搓丸样动作,上肢
1493,拇指仅存软组织而无骨骼,上肢
234,腕银叉状畸形,上肢
238,指甲尖有缺痕,上肢
604,曲棍球棒手,上肢
1527,拇食指捏物功能障碍,上肢
1535,持物不稳,上肢
2281,腕关节桡侧部位的疼痛,上肢
2275,指纹皱瘪,上肢
2261,屈曲指,上肢
1550,上肢外展上举困难,上肢
228,小指指甲有凹陷,上肢
576,手部急性化脓性感染,上肢
2423,腋区疼痛,上肢
2446,手部震颤,上肢
1225,两臂不能上举而成垂肩,上肢
2589,无名指半月甲呈粉红色,上肢
2578,写字或拿小物品困难,上肢
2576,弓状指,上肢
2573,伸臂握手疼痛,上肢
720,肘部外翻角增大,上肢
2556,腋窝多汗,上肢
2555,手指不能屈伸,上肢
1277,上肢周围性瘫痪,上肢
2538,手指发绀或坏死,上肢
705,前臂旋后功能受限,上肢
1379,手无力不自觉的丢落持物,上肢
699,腋毛毛干上有微小结节,上肢
2503,下垂肩,上肢
1305,伸指无力,上肢
2494,拇指半月甲呈粉红色时,上肢
2482,腕部疼痛,上肢
162,掌跖多汗,上肢
2468,双手轮替动作笨拙,上肢
684,腋部肿块,上肢
1325,上肢水肿,上肢
174,手指或手臂部刺痛及麻木感,上肢
1347,寒湿下注,上肢
2451,中指不明原因痛,上肢
2513,腕关节结节样的突起,上肢
2234,指甲可见横沟纺,上肢
269,健康线异常,上肢
1578,紫红色掌,上肢
1740,弹钢琴指(趾)征,上肢
484,上肢半屈状,上肢
1741,手的歪扭畸形,上肢
1749,肩胛带“模拟瘫痪”,上肢
2028,指端出现Osler结节,上肢
1762,腱鞘厚化,上肢
2006,腕部肿胀压痛,上肢
2001,腋窝有异味,上肢
1808,髂窝部疼痛,上肢
373,上肢麻痹,上肢
374,手指撞伤,上肢
1734,指甲床发绀,上肢
376,搭肩试验阳性,上肢
1969,前臂短缩,上肢
445,小指半月甲呈粉红色,上肢
1961,手掌呈黑色,上肢
1874,投掷动作(颤搐),上肢
1934,屈腕屈指无力,上肢
1923,手掌疤痕畸形,上肢
401,肘外侧肿痛及功能障碍,上肢
1892,桡骨头发育不良,上肢
420,拇指三节,上肢
405,跖纹中拇趾球区胫侧弓状纹,上肢
418,前臂外侧和手指触电样疼痛,上肢
1832,拇趾与二趾趾间距大,上肢
1726,垂腕,上肢
2081,前臂和腕部的疼痛,上肢
1713,水平掌褶纹(通贯手),上肢
2220,手套或短袜子式浅、深感觉障碍,上肢
1591,掌心凹消失或稍隆起,上肢
1599,肢体栓塞,上肢
1600,上半身热刺激性多汗,上肢
2200,肘部剧烈疼痛，压痛肿胀,上肢
548,肩节后脱位,上肢
2183,腕关节圆形的软包块,上肢
2181,食指感觉消失,上肢
2166,拳状手畸形,上肢
1628,第5指短小弯曲,上肢
294,掌颏反射,上肢
2157,上肢无力,上肢
538,指、拇、脘的伸展功能完全丧失,上肢
2144,Todd瘫痪（遗留暂时性局部肢体的瘫痪或无力）,上肢
2130,前臂外伤后疼痛,上肢
1668,疼痛弧征,上肢
1683,小指不明原因痛,上肢
1689,手指末端持续对称性刺痛麻木,上肢
2096,手掌软硬度异常,上肢
2093,握力减退,上肢
518,小指单一褶纹,上肢
322,手内肌萎缩,上肢
1703,掌纹atd角大于45°,上肢
1704,拇指和食指不能对掌成完好的“O”形,上肢
506,上肢麻木,上肢
2618,肘关节伸直位内翻角增大,上肢
752,腕征,上肢
412,中指半月甲呈粉红色,上肢
936,肘痛,上肢
794,上肢呈迟缓性麻痹,上肢
16,手部功能完全丧失,上肢
2644,樱桃红掌色,上肢
1037,腋毛和阴毛脱落,上肢
948,拇指内收畸形,上肢
1035,前臂及手部肌群的缺血性挛缩,上肢
17,甲身凹沟,上肢
951,手小形方,上肢
2654,持续性剧烈的肩痛,上肢
2647,指骨节肥大,上肢
1030,腕关节囊状的突起,上肢
70,肩部运动受限,上肢
2697,腋窝痛,上肢
2815,食指不明原因疼痛,上肢
98,腕背侧脓肿,上肢
85,肩带肌、上肢和胸背部诸肌的肌无力和肌萎缩,上肢
1096,腕关节向尺侧偏斜时桡侧出现剧痛,上肢
903,无名指指甲凹陷,上肢
2812,髌骨发育不良,上肢
104,折刀现象,上肢
2725,拇、食、中三指有放射痛,上肢
1057,手腕部米粒大小硬如软骨的包块,上肢
1052,手指尖痛或触痛,上肢
881,不能向尺侧屈腕及屈环小指远侧指关节,上肢
1046,腕关节内积血,上肢
2853,末指短小向内弯曲或只有两指节,上肢
2846,肩胛带和上肢疼痛,上肢
2845,肩膀酸疼,上肢
800,腕枪刺状畸形,上肢
2633,上肢突然出现肿胀酸痛,上肢
1155,手指歪斜,上肢
1083,肘部扭伤,上肢
2686,前臂有旋前畸形,上肢
76,歪斜指,上肢
1165,夜间肩痛,上肢
2836,小指感觉消失,上肢
2634,肘部的肿胀压痛,上肢
108,臂痛,上肢
519,神经根刺激,全身
973,易疲乏,全身
955,食物过敏,全身
1692,非凹陷黏液水肿,全身
996,冷汗淋漓,全身
1691,生理性肥胖,全身
849,婴儿睡觉惊跳,全身
1694,小步态,全身
1695,反复感染,全身
1698,酮症酸中毒,全身
1701,脓液为巧克力色或查到阿米巴原虫,全身
508,子痫症状,全身
1708,HIV感染,全身
942,辗转体位,全身
1712,寒凝下焦,全身
853,产后发热,全身
501,脊神经压迫,全身
500,女性型肥胖,全身
516,紧张性疲劳,全身
1690,挤压伤,全身
1171,弛张热,全身
1002,全身消瘦型,全身
1596,火热亢盛,全身
1045,黏膜损害,全身
1043,产后极度虚弱,全身
1606,癌性发热,全身
1608,陶奇感染,全身
553,非感染性发热,全身
1612,溃疡外观呈菜花样,全身
551,知觉消失,全身
550,糖代谢紊乱,全身
1039,倦怠肢冷,全身
1627,不良建筑综合征,全身
545,阿司匹林过敏,全身
544,构音不良-手笨拙综合征,全身
522,蹒跚步态,全身
824,焦痂性烧伤,全身
1016,脊柱和四肢畸形,全身
540,戒断反应,全身
832,低血糖惊厥,全身
1007,癌性疼痛,全身
835,蛋白尿,全身
1650,邪陷厥阴,全身
1660,重度烧伤,全身
530,跖纹,全身
1004,老来瘦,全身
1676,小儿明显瘦小,全身
1682,运动损伤,全身
1003,寒性体质,全身
1687,阳盛体质,全身
1632,容易发生青肿,全身
836,感染诱发昏迷,全身
1735,局部压痛,全身
1718,孕妇发烧,全身
915,遇冷后排汗增多,全身
1816,夹层血肿,全身
1830,虚烦,全身
872,冷痛,全身
1834,烦热,全身
902,部位不定的疼痛,全身
895,肢体忽冷忽热，时红时白,全身
893,剧烈眩晕，站立不稳,全身
889,定向力障碍,全身
1839,结核中毒,全身
1844,热深厥深,全身
1848,能量不足,全身
1849,钙化影,全身
1858,神经根激惹症状,全身
1809,获得性肥胖,全身
1865,湿热内蕴,全身
1871,舞蹈病样动作,全身
892,宗筋失养,全身
1878,药物性水肿,全身
428,扣痛,全身
1880,肢体肿胀,全身
1881,溃疡疼痛,全身
1884,无力,全身
879,嗜睡,全身
1889,胎毛多,全身
880,行为紊乱奇特,全身
1890,抽搐,全身
1898,窜痛,全身
1901,身体瘦弱,全身
1906,脓性分泌物增多,全身
1866,温热病邪,全身
453,气结,全身
1807,持续性弛张热,全身
1799,脏器衰竭,全身
1720,湿性体质,全身
1723,汗出热不解,全身
1724,闭症,全身
856,钙化灶,全身
1733,氰化物烧伤及合并中毒,全身
934,烦渴饮冷,全身
488,生长缓慢,全身
817,津液亏损,全身
1738,肢体障碍,全身
858,溃疡,全身
859,乏力,全身
482,禀赋不足,全身
481,色素沉着,全身
1742,婴儿过胖,全身
1746,被动体位,全身
929,粘膜萎缩,全身
1751,恶寒,全身
1795,新陈代谢低下,全身
1794,高热,全身
1779,身痛,全身
1777,顽固性疼痛,全身
466,频繁性惊醒,全身
916,震颤,全身
498,气虚阳衰,全身
1774,湿热,全身
866,淋巴道转移,全身
1760,未分化躯体形式障碍,全身
1757,脱水热,全身
473,神经伤,全身
476,循环衰竭,全身
864,慢性疼痛,全身
1768,神经官能症状,全身
1586,皮下脂肪增多,全身
580,恶病质,全身
816,躯体主诉增多,全身
1151,盗汗,全身
1310,镇静、麻醉剂所致昏迷,全身
1312,关节间隙不规则和关节腔狭窄,全身
1148,黏液性水肿,全身
692,临产后俯屈不良,全身
1316,溃疡外观呈虫蚀样,全身
1317,冷热交替,全身
688,毛发增多,全身
770,阳气郁伏,全身
1321,遗传性肥胖,全身
1145,不明原因发热,全身
683,蜂窝组织炎,全身
1128,无胡须腋毛和阴毛,全身
681,新生儿期癫痫持续状态,全身
1307,进食样自动症,全身
1328,革兰阴性杆菌感染,全身
1329,生理性震颤,全身
1330,转氨酶异常增高,全身
776,持续性疼痛,全身
1349,内热晡热,全身
1350,化妆品的毛发损害,全身
777,局部静脉硬索状,全身
672,静止性震颤,全身
1364,特发性水肿,全身
1369,硬化,全身
667,虚汗,全身
666,间歇性寒颤,全身
665,虚痨亡血,全身
1372,导水管周围受损,全身
1120,血虚,全身
1126,低烧,全身
1156,持续高烧,全身
697,不规则热,全身
762,发热伴淋巴结肿大、并伴触痛,全身
1167,活动受限,全身
750,晕针,全身
1178,肥胖,全身
1179,唇甲色淡,全身
1180,大汗昏晕,全身
1194,妊娠中毒,全身
741,震荡性神经受累,全身
1216,进行性肉芽性溃疡坏死,全身
1223,内湿素盛,全身
1235,产后全身酸痛,全身
1240,月经前水肿,全身
1242,功能性震颤,全身
1244,缺血性挛缩,全身
1252,毒性表现,全身
1257,气虚体质,全身
1163,嗜酸性粒细胞增多,全身
1266,锥体束病损,全身
698,糖激素依赖,全身
1297,混合型酸碱平衡紊乱,全身
703,重度黄疸,全身
1293,疲劳,全身
761,出冷汗,全身
707,紫癜,全身
782,弥漫性脂肪变性,全身
1159,广泛红斑浸润损害伴有脱屑,全身
712,产后自汗盗汗,全身
1271,阳虚体质,全身
714,树胶肿,全身
715,稽留热,全身
1160,染色体畸形,全身
717,钙化,全身
1274,突发性绞痛,全身
785,休克性神经受累,全身
1383,躯体化障碍,全身
1115,谊妄,全身
1509,隐性水肿,全身
802,高温性水肿,全身
1069,呼吸窘迫综合症,全身
1516,皮下血肿,全身
1518,结节性梅毒疹,全身
600,热痛,全身
1522,新生儿手足徐动,全身
1524,吞咽时发生晕厥,全身
1068,全身感染中毒症状,全身
596,周身出汗,全身
1530,髓鞘化延迟,全身
594,风盛血燥,全身
806,小儿疳积,全身
1536,自动Babinske征阳性,全身
590,全身衰竭,全身
1537,内脏性肥胖,全身
588,男性型肥胖,全身
1048,痉挛性截瘫期,全身
568,低热消疲,全身
1561,轻度中毒,全身
1560,体型异常,全身
1061,先天性铜代谢障碍,全身
1065,感染性发热,全身
1506,放射性疼痛,全身
1173,重度肥胖,全身
583,肥胖性水肿,全身
1548,高位截瘫,全身
1544,五志化火,全身
808,结节,全身
1067,情绪性癌症,全身
586,痰湿,全身
582,关节游走性疼痛肿胀,全身
1581,血瘀阻络,全身
608,情绪性感冒,全身
1501,溃疡分泌物恶臭,全身
1099,强迫性体位,全身
1388,呈马蜂螫型游走性水肿,全身
1399,汗闭现象,全身
1412,突发、无痛的局部水肿,全身
1413,睡觉后全身大汗淋漓,全身
1417,真菌感染,全身
1421,感觉障碍,全身
789,对光反应消失,全身
644,沥青烧伤,全身
1908,神经疼痛,全身
1425,内分泌功能减退,全身
640,急性疼痛,全身
639,缺碘,全身
1093,气郁体质,全身
792,产后血晕,全身
1441,神经根损伤,全身
1445,直立性低血压晕厥,全身
1494,肥胖前期,全身
799,产后肥胖,全身
797,牵涉痛,全身
1492,婴儿体重增长过快,全身
1491,水中毒性昏迷,全身
620,重力休克,全身
1504,虚脱,全身
1478,反复发烧,全身
1472,小儿上火,全身
796,异位钙化,全身
1468,红斑性烧伤,全身
1465,阴虚体质,全身
626,伤口感染,全身
1454,酒精过敏,全身
1477,肉芽肿,全身
1424,肢体或躯干麻木,全身
0,喜凉怕热,全身
1910,核分裂象增多,全身
168,慌张步态,全身
2466,逆行性细菌感染,全身
170,胀感,全身
2465,内分泌失调,全身
2463,突发性疼痛,全身
175,关节液中白细胞内有尿酸结晶,全身
2456,刺痛,全身
177,隐球菌感染,全身
2449,气血凝滞,全身
2440,反复抽搐,全身
2434,中枢性发热,全身
2432,疼痛,全身
188,麻痹,全身
2426,精神萎靡,全身
191,局部肢体抽动,全身
2470,内出血,全身
2421,湿气重,全身
2471,高原反应,全身
163,氮负平衡,全身
2586,内脏出血,全身
2584,气滞,全身
2577,格阴于外,全身
2565,持续低烧,全身
136,手足抽掣,全身
2554,模仿性自动症,全身
2548,周围神经损害,全身
2547,发绀,全身
2532,外感风热燥火,全身
147,毛发异常,全身
2527,乳头样增生变化,全身
152,脓肿,全身
154,肾源性水肿,全身
2495,精血不足,全身
2481,气机不畅,全身
2478,屈性截瘫,全身
2588,息肉,全身
196,继发性肥胖,全身
2408,中度烧伤,全身
235,剧烈疼痛,全身
236,脂肪组织增生肥大,全身
2323,垂体危象,全身
2320,旅行者水肿,全身
2312,组织坏死,全身
2311,老年性震颤,全身
2302,纤维渗出物,全身
247,无法引出moro反应,全身
248,产后血气痛,全身
249,枕横位入盆,全身
2292,炎性损害,全身
2285,术后发热,全身
258,局部灼热,全身
261,钙沉积,全身
2256,全身代谢低下,全身
233,被迫体位,全身
2410,内分泌功能亢进,全身
2327,“5P”征,全身
2333,进行性消瘦,全身
1909,水、钠潴留性肥胖症,全身
2406,器质性木僵,全身
2396,气滞血瘀,全身
205,器质性神经损害,全身
2384,溃疡外观呈火山口样,全身
2380,特禀体质,全身
211,肢体运动不协调,全身
2357,良性反应性改变,全身
215,脉沉缓或沉细,全身
2353,体温调节紊乱,全身
2352,荨麻疹样皮疹,全身
2351,戒断性痫性发作,全身
2342,元气衰脱,全身
2336,特重烧伤,全身
225,蠕动感,全身
2330,脂溶性维生素缺乏,全身
2255,植物神经功能障碍,全身
2598,热衰竭,全身
2601,心火旺,全身
2797,容易上火,全身
31,抽筋,全身
2793,泪液、唾液及汗液分泌减少或消失,全身
2792,惊跳,全身
2783,内脏梗阻,全身
2779,慢性溃疡,全身
2777,轻瘫,全身
2769,双相型体温,全身
2765,局部软组织浸润,全身
44,五心烦热,全身
45,梅毒感染,全身
2764,囊肿,全身
48,惧站立，喜依托,全身
2755,褪黑色素增多,全身
50,血虚眩运,全身
2800,情绪性疲劳,全身
2753,血栓性赘生物,全身
2806,慢性中毒,全身
25,组织液渗出,全身
2854,热毒炽盛,全身
2841,气血不足,全身
2837,晕机,全身
2830,精虚血弱,全身
2829,反拗危象,全身
2827,骨蒸潮热,全身
12,气血失和,全身
2822,触觉失调,全身
2819,阴虚火亢症,全身
18,风寒湿痹,全身
19,CO2潴留,全身
2814,钝痛,全身
2813,浑身酸痛,全身
23,虚火,全身
2811,外伤性出血,全身
26,湿性脚气,全身
2600,消瘦,全身
2738,更年期肥胖,全身
2730,新生儿中性粒细胞增多,全身
2667,元气虚弱,全身
2664,猫叫的哭声,全身
2656,舞蹈样不自主运动,全身
96,阵发性或强直性惊厥,全身
2651,周身炎症反应,全身
2648,脉数,全身
2642,早孕反应重,全身
2639,隐痛,全身
107,全身持续性水肿,全身
2629,绷急疼痛,全身
2626,中毒严重,全身
2623,饭后困倦,全身
2616,脂肪浸润,全身
2611,经期浮肿,全身
2603,身体摇晃征,全身
2671,鳞状细胞化生,全身
2735,凛寒发热,全身
2676,持续发烧,全身
86,肥胖并痛性结节或脂肪块,全身
57,神经痛,全身
2729,血瘀体质,全身
60,不自主运动,全身
2719,新生儿全身水肿,全身
2714,气急神扬,全身
2711,药物性肥胖,全身
2705,热病汗不出,全身
2701,全身过敏和发热皮疹关节痛,全身
2699,疤痕体质,全身
2695,婴儿睡觉不踏实,全身
74,尿液烂苹果味,全身
75,体位张力消失,全身
80,身体蠃瘦,全身
83,发烧,全身
2680,病理性神经损伤,全身
87,肝炎导致的化脓结痂,全身
2248,药物过敏反应,全身
442,红细胞畸形,全身
339,孕妇乏力,全身
1982,晕车,全身
1983,躯体形式疼痛障碍,全身
304,全身过敏反应,全身
2070,疋氏（Pickweckian）综合征,全身
2125,继发感染,全身
1957,乳糖耐受不良,全身
1955,反复出血,全身
1993,邪恋正虚,全身
2129,隐球菌囊膜多糖堆积,全身
2065,身体“福态”,全身
387,三峰热型,全身
367,周身不适,全身
2064,轻度烧伤,全身
2135,神疲乏力,全身
337,能力减退感,全身
1953,身重如裹,全身
2061,角弓反张位,全身
2083,体重减轻,全身
2152,尖头并指,全身
2160,压痛,全身
2060,创伤,全身
1958,体内水钠潴留,全身
2073,运动性疲劳,全身
2112,出汗异常,全身
2111,行迟,全身
1971,水泡性烧伤,全身
323,血骨髓或痰涂片发现疟原虫,全身
327,小儿曳足而行,全身
2088,少阴虚寒,全身
2091,痰湿体质,全身
319,孕妇全身性水肿,全身
1970,寒热交作,全身
1965,肢体内翻,全身
317,血疱,全身
316,“三偏”症,全身
1949,夜间盗汗,全身
359,粘膜乳突状生长,全身
330,痛觉温觉减退压觉存在,全身
315,脱症,全身
314,持续性发热,全身
313,剧痛,全身
310,全身毛发呈灰白色,全身
1974,气阴欲脱,全身
308,泡样水肿,全身
331,全身紧束感,全身
1959,局部静脉压痛,全身
1977,经络阻塞,全身
329,体液潴留,全身
390,自汗肢冷,全身
325,Korsakov综合征,全身
2195,先兆子痫,全身
2207,出生后即有持续青紫,全身
2197,晚上睡觉出冷汗,全身
344,发炎,全身
281,术后疼痛,全身
2055,消瘦严重者呈”皮包骨头”样,全身
2053,交感神经代偿性亢进,全身
364,反射弧中断,全身
2043,筋膜疼痛,全身
1935,外斐氏试验阴性,全身
2042,内热哺热,全身
400,胎搐,全身
1920,顽固性肥胖,全身
2033,夜啼饶哭,全身
1919,衰老加快,全身
2031,出生后“四凹征”,全身
2029,怕冷,全身
2201,高热不退,全身
2024,走动性自动症,全身
292,营养不良性水肿,全身
1937,糖尿,全身
275,长期使用糖皮质激素导致的损害,全身
2057,婴儿体重增长缓慢,全身
289,浑身忽冷忽热,全身
2171,湿性坏疽,全身
2015,粘膜增生性炎症,全身
2056,酒精性震颤,全身
2182,睡过之后精力没有恢复,全身
1946,定位体征,全身
341,脊髓梗死,全身
2192,手势性自动症,全身
2000,手术后破伤风,全身
2005,元气虚陷,全身
1914,疲乏,全身
2211,孕妇上火,全身
2018,高热寒战,全身
2194,疱疹后神经痛,全身
358,维生素D中毒,全身
409,青春期肥胖,全身
779,头昏想睡觉,头部
2021,头痛,头部
1051,头部撞伤,头部
783,梳头或洗头时头发脱落增加,头部
1137,孕妇头晕,头部
1150,额部疼痛,头部
1972,新生儿脱发,头部
2491,感觉迟钝,头部
328,病理性脱发,头部
55,茎突过长,头部
2593,太阳穴胀痛,头部
111,老年性眩晕,头部
1300,前额头痛,头部
1084,头痛为搏动性,头部
1226,固定于一侧眼及眼眶周围的晚间头痛,头部
1230,血管迷走性晕厥,头部
1222,间歇性头晕,头部
1238,外眼源性眩晕,头部
127,剧烈运动后头晕,头部
1188,头胀,头部
2706,癫痫性头痛,头部
1102,枕部疼痛,头部
722,梅毒性脱发,头部
1081,昏迷,头部
805,额部白斑,头部
141,头部重压感,头部
1176,肿瘤性脱发,头部
1778,搏动性头痛,头部
1287,头昏,头部
1716,头晕,头部
2528,全秃,头部
1262,头颈部活动受限,头部
1254,间歇性头痛,头部
1356,头沉,头部
944,毛发呈脱发祥,头部
38,毛发脱落,头部
1943,囟门闭合晚,头部
1431,青少年白发,头部
1855,持续性头晕,头部
403,功能性头痛,头部
632,剧烈头痛,头部
968,头发枯黄稀疏,头部
627,单侧头痛,头部
1646,毛发干枯,头部
1607,夜间头痛,头部
687,普秃,头部
1931,后脑勺疼,头部
2301,婴儿头大,头部
2334,小头,头部
1495,发作性眩晕,头部
2319,清晨或上午头痛,头部
611,血管神经性头痛,头部
527,额头皱纹突然增加,头部
1549,经期头痛,头部
581,头跳痛,头部
1410,婴儿头皮有黄色结痂,头部
378,头发分叉,头部
2833,颞部疼痛,头部
2218,晕眩,头部
2459,头重如裹,头部
1367,头顶重压发紧,头部
650,重压感、紧箍感或钳夹样头痛,头部
1027,情绪性头痛,头部
2097,紧张性头晕,头部
2445,反复发作性头痛,头部
2414,颈性头痛,头部
407,慢性头痛,头部
2099,婴儿枕秃,头部
1918,带下赤白,女性生殖
1902,女性第二性征消失,女性生殖
1907,经期出血,女性生殖
933,阴道黏膜膨胀,女性生殖
890,排卵障碍,女性生殖
2694,外阴烧灼刺激感,女性生殖
1121,膀胱阴道瘘,女性生殖
924,白带带血,女性生殖
2687,宫颈粘连,女性生殖
1924,阴道粘连,女性生殖
922,尿后滴白,女性生殖
914,软产道裂伤,女性生殖
909,处女膜无孔,女性生殖
1894,胎盘滞留宫腔,女性生殖
898,假临产,女性生殖
900,阴户生疮,女性生殖
2685,前期妊娠反应,女性生殖
2684,无月经来潮,女性生殖
1118,妊娠时伴有腹痛的阴道流血,女性生殖
923,外阴鳞状上皮疣状增生,女性生殖
1945,胎粪污染,女性生殖
2741,前阴寒冷,女性生殖
1786,阴部灼热,女性生殖
1819,卵巢缺血梗死,女性生殖
2762,产道血肿,女性生殖
1835,颗粒型宫颈糜烂,女性生殖
1837,脐带感染,女性生殖
1032,胎盘老化,女性生殖
1815,羊水中有胎粪,女性生殖
1031,子宫小,女性生殖
1026,尿道的条索状肿块,女性生殖
1024,胎儿水肿,女性生殖
1066,怀孕时子宫异常增大,女性生殖
2724,自发性流产,女性生殖
1843,胚胎停止发育,女性生殖
2775,产道扁平型狭窄,女性生殖
1005,胎心音消失（无胎心音）,女性生殖
938,青春前期闭经,女性生殖
2713,产褥期幻觉妄想状态,女性生殖
2784,黄素化囊肿,女性生殖
995,尿道变粗变硬,女性生殖
971,继发性闭经,女性生殖
1998,脐带过短,女性生殖
2702,先兆子宫破裂,女性生殖
954,更年期功血,女性生殖
1792,多囊卵巢,女性生殖
953,排尿时外阴灼热、瘙痒或疼痛,女性生殖
2794,单纯性宫颈糜烂,女性生殖
1790,人工流产术后出血,女性生殖
1867,阴道出血,女性生殖
2801,胎盘植入,女性生殖
1787,胎膜早破,女性生殖
1091,排卵期出血,女性生殖
2780,子宫性闭经,女性生殖
1124,阴道入口粘膜撕裂,女性生殖
1585,脓浊带下,女性生殖
1125,瘀血性痛经,女性生殖
1620,阴道排出碎块组织,女性生殖
2326,临产后胎头衔接较晚,女性生殖
1490,外阴肿胀,女性生殖
1480,急性阴道感染,女性生殖
1629,绝经后白带增多,女性生殖
2161,女性性器官反应缺乏,女性生殖
2337,帆状胎盘,女性生殖
2339,乳房和生殖器萎缩,女性生殖
1639,黏液尿,女性生殖
1456,尿道内虫咬感或阴道内虫爬感,女性生殖
1618,绝经过渡期及绝经后闭经,女性生殖
1455,输卵管肿块,女性生殖
2365,宫腔积血,女性生殖
1655,阴部皮肤潮红,女性生殖
2366,产道裂伤,女性生殖
1434,女性不孕,女性生殖
1429,绝经年龄过早,女性生殖
2376,宫颈闭锁,女性生殖
1428,宫颈举痛,女性生殖
1665,产后恶露不净有臭味,女性生殖
1667,运动性闭经,女性生殖
1422,头盆不称,女性生殖
1647,阴道粘连甚至闭锁,女性生殖
1510,子宫松弛,女性生殖
2316,始基子宫,女性生殖
1521,乳头状宫颈糜烂,女性生殖
2221,反应性细胞改变,女性生殖
2223,子宫穿孔,女性生殖
1576,阴道持续中量流血,女性生殖
1570,产后子宫收缩,女性生殖
1564,绝经后出血,女性生殖
2240,子宫压痛,女性生殖
1558,念珠菌感染,女性生殖
1554,阴道脓性分泌物,女性生殖
2253,胎儿生长发育迟缓,女性生殖
1553,会阴溃疡,女性生殖
1595,宫颈囊肿,女性生殖
2258,小阴唇及前庭也有散在的白色圆形及环形丘疹,女性生殖
2263,子宫呈横椭圆形,女性生殖
2284,产后下腹坠痛或阴道坠胀感,女性生殖
1538,阴道不规则出血,女性生殖
1601,阴道持续少量流血,女性生殖
2288,胚胎发育障碍,女性生殖
1602,阴道血性分泌物,女性生殖
2300,双侧下腹坠痛,女性生殖
2199,月经推迟,女性生殖
1532,阴道分泌物增多,女性生殖
2198,外阴萎缩,女性生殖
2307,经期缩短,女性生殖
2405,雌激素不足,女性生殖
2124,经期肿胀,女性生殖
2409,先兆流产,女性生殖
1402,先天性无子宫,女性生殖
2564,宫颈水肿,女性生殖
1265,脓血性白带,女性生殖
2574,胎儿宫内发育迟缓,女性生殖
2217,宫颈粘液少,女性生殖
1246,胎漏不止,女性生殖
1239,纸样胎儿,女性生殖
1229,妊娠晚期或临产时无痛性反复阴道流血,女性生殖
2592,血性恶露持续时间延长,女性生殖
1220,宫腔粘连,女性生殖
2596,宫腔分离,女性生殖
1197,脐带绕颈,女性生殖
1193,子宫内膜增生性病变,女性生殖
1182,不排卵,女性生殖
1168,子宫呈葫芦状,女性生殖
2034,宫颈肥大,女性生殖
1753,外阴呈幼稚型无阴毛,女性生殖
2653,外阴压痛,女性生殖
1158,软产道异常,女性生殖
1756,胎膜破裂,女性生殖
2663,蜕膜残留,女性生殖
1149,产褥期躁狂状态,女性生殖
1758,阴道闭锁,女性生殖
2670,邪毒内侵胞宫,女性生殖
1269,月经血块过多,女性生殖
2008,先兆早产,女性生殖
1719,经闭不行,女性生殖
1273,绝经后子宫内膜增厚,女性生殖
1398,妊娠时出现的多毛,女性生殖
1396,子宫增大明显（子宫增大超过胎龄）,女性生殖
2417,妊娠后期水肿,女性生殖
1386,阴毛脱落,女性生殖
2447,输卵管堵塞,女性生殖
1352,阴道转移,女性生殖
2454,晚发月经,女性生殖
2455,宫缩乏力,女性生殖
1340,妊娠期的生理变化,女性生殖
2092,新生儿月经,女性生殖
1702,阴道后穹窿触痛,女性生殖
2086,月经发黑,女性生殖
1319,产后月经不再来潮,女性生殖
1315,阴唇融合,女性生殖
1710,产褥期恶露,女性生殖
2480,继发性不孕,女性生殖
1714,卵巢性闭经,女性生殖
2515,阵发性子宫收缩,女性生殖
1301,不全流产,女性生殖
2529,子宫收缩不良,女性生殖
1278,会阴部撕裂感,女性生殖
2543,巨阴症,女性生殖
1717,会阴瘘管或窦道形成,女性生殖
2551,阔韧带内形成血肿,女性生殖
2407,胚胎发育慢,女性生殖
2866,难免流产或不可避免流产,女性生殖
463,胎寒,女性生殖
68,青春期身体发育缓慢,女性生殖
449,闭经-乳溢-不育三联征,女性生殖
514,性腺发育不良,女性生殖
517,产力异常,女性生殖
524,性欲减退,女性生殖
790,子宫高度低于妊娠周数,女性生殖
61,宫颈前唇水肿,女性生殖
526,宫颈软,女性生殖
284,生理性闭经,女性生殖
332,子宫出血,女性生殖
444,创伤性宫腔粘连,女性生殖
528,胎盘大,女性生殖
282,盲袋阴道,女性生殖
674,双胎静脉吻合,女性生殖
176,外阴幼稚,女性生殖
178,羊水血性,女性生殖
532,卵巢功能障碍,女性生殖
700,宫颈黏液脓性分泌物,女性生殖
184,白带增多,女性生殖
268,输卵管粘连,女性生殖
346,坠痛,女性生殖
512,月经周期改变,女性生殖
507,停经过早,女性生殖
795,会阴部牵引痛,女性生殖
73,霉菌感染,女性生殖
109,阴道排液呈黑水样,女性生殖
483,外阴下坠感,女性生殖
610,女阴会阴出现红色结痂斑块,女性生殖
612,子宫内膜异位,女性生殖
831,婴幼儿外阴疼痛,女性生殖
293,产后崩漏,女性生殖
119,第二性征改变,女性生殖
95,外阴皮肤肿胀,女性生殖
123,月经稀少,女性生殖
92,胎儿窘迫,女性生殖
434,生殖器外伤,女性生殖
91,阴道裂伤,女性生殖
618,胎盘钙化,女性生殖
621,硬下疳,女性生殖
298,卵巢缺如或发育不全,女性生殖
494,停经,女性生殖
131,白带,女性生殖
134,尿道口出现结节状或红色的出血性肿物,女性生殖
137,大阴唇或肛门大小不等、质软无压痛包块,女性生殖
803,假孕,女性生殖
603,子宫破裂征象,女性生殖
718,羊水中回声增强增多,女性生殖
465,胞宫纳精无力,女性生殖
536,恶露不下,女性生殖
169,卵泡刺激素(FSH)增高,女性生殖
480,输卵管肿大,女性生殖
865,习惯性流产,女性生殖
207,胎心率改变,女性生殖
239,阴蒂肥大,女性生殖
232,产褥期谵妄状态,女性生殖
655,尿妊娠试验阳性,女性生殖
417,反复生殖器溃疡,女性生殖
542,有排卵性功血,女性生殖
224,垂体性闭经,女性生殖
5,隐性产后出血,女性生殖
753,阴道口局部红肿热痛,女性生殖
399,恶露,女性生殖
410,会阴痒,女性生殖
221,脓性分泌物,女性生殖
549,子宫颈变大,女性生殖
406,子宫颈扩张,女性生殖
863,子宫附件肿块,女性生殖
2,阴道持续流血不停,女性生殖
733,尿道黏膜外翻,女性生殖
575,经期提前,女性生殖
255,无宫缩间歇,女性生殖
386,生化妊娠,女性生殖
251,绝经年龄过迟,女性生殖
388,胞衣残留,女性生殖
36,胎势异常,女性生殖
380,临产后阵痛剧烈,女性生殖
379,阴道流血过多,女性生殖
2604,睾丸增大和变硬,男性生殖
144,睾丸萎缩,男性生殖
1484,输精管疼痛,男性生殖
2549,阴茎硬结,男性生殖
2305,阴囊红肿,男性生殖
820,无痛性阴囊内肿块,男性生殖
1765,性交困难,男性生殖
2004,精索增粗肿胀,男性生殖
460,男子性功能障碍,男性生殖
1054,阴茎短,男性生殖
246,阴囊上有白色小疙瘩,男性生殖
1392,频繁遗精,男性生殖
1393,睾丸微小,男性生殖
614,尿道弥漫性浸润,男性生殖
2347,巨睾丸,男性生殖
735,睾丸疼痛,男性生殖
619,生殖泌尿道危象,男性生殖
1482,遗精滑泄,男性生殖
2022,精液发黄,男性生殖
2016,一侧阴囊内逐渐增大的无痛性肿块,男性生殖
660,阴茎龟头橡皮肿,男性生殖
1483,提睾反射减弱或消失,男性生殖
767,睾丸发育不全,男性生殖
1467,尿道局部肿胀,男性生殖
165,阴部溃疡,男性生殖
2385,射精疼,男性生殖
419,精囊缩小,男性生殖
1122,精子质量下降,男性生殖
2387,PAS染色阳性,男性生殖
2453,睾丸胀痛,男性生殖
1856,龟头瘙痒,男性生殖
1131,阴茎异常勃起,男性生殖
2393,劳累后遗精,男性生殖
204,阴囊水肿,男性生殖
1420,精子凝集,男性生殖
1872,睾丸冷疼,男性生殖
1427,阴毛早发育,男性生殖
2404,前列腺素合成减少,男性生殖
2251,精子大头畸形,男性生殖
1256,精液稀,男性生殖
1075,前列腺缩小变硬,男性生殖
2383,梦遗滑泄,男性生殖
1452,小便分叉,男性生殖
2349,睾丸梗死,男性生殖
456,阴囊肿大,男性生殖
1887,白色念珠菌感染,男性生殖
2264,精道疼痛,男性生殖
1085,精冷不育,男性生殖
2262,阴囊冷痛,男性生殖
1174,排精不畅,男性生殖
1813,尿道口肿块,男性生殖
1092,器质性早泄,男性生殖
1968,阴茎疼痛,男性生殖
416,睾丸触痛,男性生殖
2506,男性小便刺痛,男性生殖
1823,阴茎损伤,男性生殖
1166,精子异常,男性生殖
2378,阴茎和阴囊水肿,男性生殖
2489,前列腺分泌物含有许多脓缩细胞,男性生殖
1082,肥大结节纤维组织增生,男性生殖
1323,睾丸受浸润,男性生殖
2048,精液带血,男性生殖
1542,青春期后无精液,男性生殖
1654,阴囊坠胀痛,男性生殖
1605,附睾结石,男性生殖
2682,精子不液化,男性生殖
1286,精囊增大,男性生殖
1645,附睾肿大发硬,男性生殖
1715,精子存活率低,男性生殖
870,性发育停顿,男性生殖
606,外阴损伤,男性生殖
857,痛性阴茎勃起,男性生殖
988,阴囊肿胀,男性生殖
1641,精液稠,男性生殖
2772,阴囊潮湿有异味,男性生殖
2052,鞘膜积水,男性生殖
2692,阴囊下坠,男性生殖
1523,遗精,男性生殖
2796,阴茎表浅性溃疡,男性生殖
977,余沥不净,男性生殖
1643,阴囊瘙痒,男性生殖
837,阳明热厥,男性生殖
1653,包皮垢,男性生殖
2119,输精管变粗,男性生殖
1022,精液量多,男性生殖
1589,包皮嵌顿,男性生殖
1348,性发育慢,男性生殖
1014,精血受扰,男性生殖
2748,死精子过多,男性生殖
2737,前列腺钙化,男性生殖
946,精子稀少,男性生殖
2079,精液少,男性生殖
318,前列腺硬结,男性生殖
894,包皮粘连,男性生殖
690,无睾丸,男性生殖
695,附睾囊肿,男性生殖
1283,精子活力低,男性生殖
957,血精,男性生殖
2054,尿道口疼,盆腔
1859,尿暗黑色,盆腔
2204,排尿异物感,盆腔
927,扁平骨盆,盆腔
1853,低枸橼酸尿,盆腔
759,复杂性尿路感染,盆腔
1640,输尿管梗阻,盆腔
945,小便恐惧,盆腔
1980,尿道瘘,盆腔
1332,尿道口有白膜形成,盆腔
664,膀胱容量的减少,盆腔
2236,股动脉枪击音,盆腔
935,高渗尿,盆腔
2761,尿道内口呈漏斗样改变,盆腔
1860,粪便中排出的粪胆原增加,盆腔
423,尿渗透压下降,盆腔
769,痢疾样大便,盆腔
937,偏斜骨盆,盆腔
1129,长期的盆腔疼痛,盆腔
1985,大小便潴留,盆腔
565,尿道平滑肌松弛,盆腔
1557,盆腔充血,盆腔
1611,子宫痉挛性狭窄环,盆腔
1572,尿道口有红斑和水肿,盆腔
875,溺多而频,盆腔
1199,管型尿,盆腔
736,排尿前后膀胱区痛,盆腔
237,胎儿单臂先露,盆腔
382,尿偏碱,盆腔
383,完全流产,盆腔
1950,死产,盆腔
877,胎儿宫内骨折,盆腔
2279,子宫有局限性轻压痛,盆腔
1320,吡咯烷及呱啶尿,盆腔
1590,泌尿道狭窄,盆腔
2286,肾小管细胞受损后炎症,盆腔
2283,膀胱膨出,盆腔
1928,难免早产,盆腔
662,结缔组织性外痔,盆腔
222,狭窄骨盆,盆腔
2340,尿黑酸,盆腔
574,尿液混浊,盆腔
2375,肛管括约肌横断,盆腔
209,胎儿宫内窒息,盆腔
2371,膀胱膨隆,盆腔
546,二碱基氨基酸尿症,盆腔
913,输尿管狭窄,盆腔
2100,膀胱刺激症,盆腔
2787,膀胱残余尿量增多,盆腔
2361,尿道口痒,盆腔
1912,妊娠期间小便不通,盆腔
2098,急性尿潴留,盆腔
547,尿道瓣,盆腔
693,阴茎样尿道,盆腔
906,移行病变,盆腔
1964,产后小便失禁,盆腔
679,尿后滴沥,盆腔
2359,男型骨盆,盆腔
1499,神经性尿频,盆腔
1025,排尿疼痛,盆腔
52,尿闭,盆腔
1793,特异性氨基酸尿,盆腔
2558,盆腔坠痛,盆腔
2184,盆腔肿块,盆腔
1470,老人髋部疼痛,盆腔
989,沟裂增宽,盆腔
2546,尿磷,盆腔
987,尿崩,盆腔
2563,直肠狭窄,盆腔
1469,排尿不畅,盆腔
1073,反复不愈的尿道感染,盆腔
2537,盆腔包块,盆腔
179,小儿尿色发蓝,盆腔
2003,盆腔脊膜膨出,盆腔
1263,尿道流出分泌物,盆腔
2189,大便色浅,盆腔
2140,尿中磷酸盐排出增多,盆腔
502,真性菌尿,盆腔
991,尿道痒感,盆腔
812,尿道烧灼感,盆腔
2179,巨大膀胱,盆腔
103,菌尿,盆腔
1028,高草酸尿,盆腔
2621,羊膜腔感染,盆腔
2151,胎盘血液灌注不良,盆腔
1730,盆腔沉重感,盆腔
1489,尿等待,盆腔
2025,逼尿肌不稳定,盆腔
467,尿道口粘连,盆腔
97,盆腔瘀血,盆腔
1508,尿意窘迫,盆腔
2658,子宫硬如板状,盆腔
2666,尿道刺痒,盆腔
605,粥样泻,盆腔
999,胎儿不完全臀先露,盆腔
2672,肛门直肠畸形,盆腔
1218,胎儿酒精综合征,盆腔
2679,单角或双角子宫,盆腔
798,耻区肿块,盆腔
2525,盆腔下垂感,盆腔
981,胎动过频,盆腔
1387,耻骨上痛,盆腔
1106,膀胱痉挛,盆腔
160,臀产式,盆腔
1108,子宫内膜梗阻,盆腔
2488,排尿过程中发生晕厥,盆腔
787,盆腔内有较广泛浸润,盆腔
301,尿潴留,盆腔
2727,慢性盆腔痛,盆腔
1111,盆腔积液,盆腔
963,泌尿道破裂,盆腔
1827,新生儿蛋白尿,盆腔
2476,尿锰粪锰,盆腔
2117,尿钠排出量极低,盆腔
2732,膀胱功能障碍,盆腔
1820,膀胱纤维化,盆腔
1088,尿分叉,盆腔
1298,小便不易排空,盆腔
1361,尿外渗,盆腔
1260,胎动改变,盆腔
2458,膀胱排空不全,盆腔
2709,子宫颈有举痛,盆腔
1994,心房游走性节律,胸部
1997,呼气音延长,胸部
2074,心脏猝死,胸部
1987,劳动耐力下降,胸部
2007,顽固性心功能不全,胸部
2023,心包填塞,胸部
2013,劳累后感觉胸闷,胸部
1986,干音,胸部
1990,烧心,胸部
2017,致死性上呼吸道出血,胸部
1981,胸片示肺内孤立结节,胸部
2077,心功能不全,胸部
357,叶间裂移位,胸部
2032,乳头破碎,胸部
2044,饭后心悸,胸部
343,心源性呼吸困难,胸部
365,胸膜毛细血管通透性增加,胸部
2035,咳出带臭味的干痂,胸部
352,膈穹窿变为扁平,胸部
335,蹲踞现象,胸部
2036,胸部下垂,胸部
1999,心脏扩大,胸部
2037,呛咳,胸部
2066,活动后气促,胸部
2038,肺癌胸水,胸部
381,心率不齐,胸部
377,咳铁锈色痰,胸部
372,心音低钝,胸部
1975,小支气管痉挛,胸部
371,心脏功能突然失代偿,胸部
2071,心脏震颤,胸部
2062,肺气压伤,胸部
1979,心窝部隐痛,胸部
2026,胸腰段背部或臀部的疼痛,胸部
1963,呼吸暂停,胸部
361,呼吸道狭窄,胸部
886,运动或情绪激动诱发的胸痛,胸部
1954,心音遥远,胸部
1681,支气管以下的损伤,胸部
1684,下呼吸道感染,胸部
1685,心脏停搏,胸部
1686,肺血流量很少,胸部
1697,胸壁浸润,胸部
505,胸膺胀满,胸部
504,病理性Q波,胸部
503,气管阻塞,胸部
497,心前区隆起,胸部
496,周围组织灌注不良,胸部
1721,呼吸中可有烂苹果味,胸部
1722,气管处可听到异物冲击的拍击声,胸部
1728,乳腺退化不全,胸部
486,右胸痛,胸部
1739,连续机器样杂音,胸部
485,心室纤颤,胸部
1744,胸膜肥厚,胸部
1766,饭后心跳加快,胸部
1767,胎样心音,胸部
1770,胸膜增厚粘连,胸部
1771,心脏肥大,胸部
1680,心包内出血,胸部
1675,反复肺不张,胸部
1671,左心流出道畸形,胸部
531,胆心综合征,胸部
1593,气道变窄,胸部
561,哮鸣音,胸部
560,胸腰椎损伤,胸部
559,心脏增大,胸部
1603,主动脉弓右位,胸部
1604,脉压缩小,胸部
1615,老人剧烈咳嗽,胸部
1617,胸腹呈矛盾运动,胸部
1619,脊肋角膨隆,胸部
1622,假日心脏综合征,胸部
1773,望诊无明显心前区搏动,胸部
1624,心包转移,胸部
543,吸气时上气道陷闭,胸部
1633,乳腺外上象限腺体增厚,胸部
1634,痰火郁结,胸部
1635,肺部音,胸部
1638,胸廓异常,胸部
1649,胸部大片斑块,胸部
534,心瓣膜病变,胸部
1658,两肺毛玻璃样粟粒样或结节样改变,胸部
1659,心电图异常,胸部
1666,近迫性心肌梗塞,胸部
1625,胸骨后疼痛,胸部
1775,乳房有数目不等似黄豆的结节,胸部
1776,吐白沫痰,胸部
1781,心房纤颤,胸部
885,肋膜腔积水,胸部
1877,两下肺纹理增粗,胸部
1879,痰有恶臭味,胸部
425,乳房内光滑质韧的球形肿块,胸部
1885,纵隔纤维化,胸部
1891,肋痛,胸部
422,前胸压迫性疼痛,胸部
1895,心率过缓,胸部
1904,血清酶学改变,胸部
1905,支气管树受压,胸部
430,运动气喘,胸部
414,左心室肥厚,胸部
408,肺纹理增多,胸部
1915,支气管肺泡音,胸部
404,肺动脉瓣狭窄杂音,胸部
1925,肺动脉楔压（PCWP）降低,胸部
396,溃疡龛影,胸部
395,心脏压塞征象,胸部
394,乳汁郁结,胸部
1938,瓣膜增厚,胸部
1939,唾血,胸部
1952,肺内圆形实质性或囊性肿块,胸部
1911,心悸,胸部
384,呼吸气为尿臭味,胸部
431,排气障碍,胸部
1864,心慌,胸部
1785,电生理异常,胸部
1791,心脏复苏,胸部
1796,胸壁疼痛,胸部
1797,下垂乳房,胸部
1800,动脉造影异常,胸部
1802,呼气时胸口痛,胸部
1803,心火妄动,胸部
1805,化学性支气管炎,胸部
1814,肺部转移,胸部
1818,心肌缺血,胸部
1868,肺血增多,胸部
1822,房性逸搏心律加速,胸部
1836,两肺满布粟粒状阴影,胸部
443,肺阴虚,胸部
1838,气急喘盛,胸部
1845,胸骨下端压痛,胸部
438,食管左壁形成压足E,胸部
1850,集合管或乳头弥散性真菌浸润,胸部
1851,胸膈间烧灼嘈杂感,胸部
1857,纵隔病变,胸部
1861,心瓣膜穿孔,胸部
1862,频发房性早搏,胸部
1833,脉压差低,胸部
446,劳力性晕厥,胸部
2260,围产期心肌病变,胸部
2089,乳腺小叶增生,胸部
117,咯血伴皮肤粘膜出血,胸部
2605,一过性心尖部收缩期杂音,胸部
2610,心脉痹阻,胸部
2613,抬肩以助呼吸,胸部
2614,三尖瓣脱垂,胸部
113,室性自主节律,胸部
2625,胸廓塌陷畸形,胸部
2627,心血管造影见双球征,胸部
110,消化道憩室,胸部
2630,鸡鸣样回声,胸部
2631,心搏漏跳,胸部
2632,喘息,胸部
105,反复呕血,胸部
2602,胸闷憋气,胸部
2641,瓣膜小叶增厚,胸部
102,收缩期和舒张期杂音,胸部
2645,心脏转移,胸部
2646,心排血量减少,胸部
101,乳房红肿热痛,胸部
2655,右心衰竭,胸部
2657,不稳定性心绞痛,胸部
2668,气道高反应性,胸部
2669,上肺纤维化明显,胸部
2673,乳房早发育,胸部
2675,胸骨后异物阻塞感及隐痛,胸部
88,QRS波宽大畸形,胸部
81,不完全性房内阻滞,胸部
78,痰鸣气急,胸部
2643,喘脱,胸部
118,痉挛性咳嗽,胸部
2597,夏季厌食症,胸部
2591,烂桃样血痰,胸部
2500,内脏痛,胸部
155,温醒现象,胸部
2504,厥心痛,胸部
2510,消化道狭窄,胸部
2512,先天性心脏传导,胸部
2514,呼气困难,胸部
2517,心音异常,胸部
2526,食物误入气道,胸部
150,多音律心音,胸部
2531,新生儿心力衰竭,胸部
146,心肌坏死广泛,胸部
2535,饱食后胸痛,胸部
2536,心脏“偷停”感,胸部
2539,心肌耗氧量增加,胸部
2540,消化道激惹,胸部
2550,肋骨痛,胸部
138,轻度心悸心慌,胸部
2560,心肌细胞的浊肿,胸部
2566,乳头发炎,胸部
2567,肺泡炎症,胸部
2569,肺弥散功能障碍,胸部
2575,巨乳,胸部
130,肝气犯肺,胸部
129,侧支循环发育不充,胸部
2579,胸腺高度萎缩,胸部
2585,主动脉和肺动脉影偏小,胸部
126,正弦胎心率,胸部
124,咯血伴胸痛,胸部
2590,女性乳房表浅质硬状如象皮者的皮下结节,胸部
2690,右心室流出道,胸部
2497,涨奶,胸部
2691,液气胸,胸部
2696,心力贮备减少,胸部
2778,胸膜休克,胸部
2782,肺门增宽,胸部
35,音,胸部
2785,咯血伴黄疸,胸部
2788,气息异常,胸部
34,痰火上壅清窍,胸部
2803,肋间隙可有压痛,胸部
2804,中心静脉压偏高,胸部
27,脉压增宽,胸部
24,两肺弥漫或散在可逆性哮鸣音,胸部
2817,横膈低平,胸部
14,胸闷,胸部
2820,胸廓狭窄而扁,胸部
2776,焦虑致胸口痛,胸部
2826,心源性晕厥,胸部
7,肺动脉闭锁,胸部
6,胸腔出口综合征,胸部
2844,肺部化脓性感染,胸部
3,桶状胸,胸部
2847,突发的左心衰竭,胸部
2849,肺实变,胸部
2852,脓气胸,胸部
1,肋间隙变窄,胸部
2856,低射血分数,胸部
2858,冠状动脉供血不足,胸部
2860,妊娠期胸痛,胸部
2861,乳腺内无痛单发的硬肿块,胸部
2862,血丝痰,胸部
2828,乳房巨大,胸部
41,胸壁塌陷,胸部
2771,水咳,胸部
2766,呼吸功能衰竭,胸部
71,呼吸音减弱,胸部
2700,脓肿破入胸腔,胸部
69,乳汁分泌减少,胸部
2708,左心衰竭,胸部
2712,强迫停立位,胸部
63,起搏频率增高,胸部
2715,乳房或乳头未发育,胸部
2717,冠状动脉栓塞,胸部
2718,心功能失代偿,胸部
2720,心包压塞,胸部
2722,瘤体牵拉,胸部
59,强迫侧卧位,胸部
2728,收缩期反流性杂音,胸部
58,左心室腔容量增大,胸部
2734,心房对心室收缩的辅助泵作用丧失,胸部
54,血性胸水,胸部
2736,爆裂音,胸部
2740,心脏失代偿,胸部
2742,产后乳房萎缩,胸部
2743,胸水,胸部
2747,心火,胸部
2749,呼吸浅慢,胸部
2754,平卧呼吸困难,胸部
2756,心跳加快,胸部
2757,吸烟胸痛,胸部
2758,肺内病变,胸部
47,胸部有过度回响,胸部
2763,嗜心性病毒感染,胸部
46,肺通气一血流比例失调,胸部
77,肺纤维化,胸部
324,心脏重量增加,胸部
158,窦房结病变,胸部
2486,反复肺炎,胸部
287,胸部紧迫或束带感,胸部
2185,小支气管粘膜水肿,胸部
2188,淤血性心衰,胸部
2191,胸骨后烧灼样痛,胸部
2193,胸膜摩擦音,胸部
2196,心脏畸形,胸部
280,四音心律,胸部
278,食道粘膜水肿充血,胸部
2203,咳嗽性晕厥,胸部
2208,痰检阴性,胸部
273,心包纤维增厚,胸部
2225,肺部肿块,胸部
2231,脓痰,胸部
2178,三尖瓣下移,胸部
2232,乳腺随月经出现胀痛,胸部
266,胎心率异常,胸部
2241,奔马律心音,胸部
2247,咳巧克力色痰,胸部
2249,气上_心,胸部
2252,肺源性心脏衰竭,胸部
264,肺容量减小,胸部
263,纤毛清除功能障碍,胸部
257,心动过速,胸部
2266,频发室性期前收缩,胸部
2270,产后无乳汁分泌,胸部
2271,收缩期震颤,胸部
2273,肺性肥大,胸部
2274,泌乳障碍,胸部
2235,胸膜增厚,胸部
2177,乳腺刺痛,胸部
2176,吞咽干食物时胸骨后有阻塞感或钝痛,胸部
290,心脏排血受阻,胸部
2090,主动脉瓣上膈膜型狭窄,胸部
320,逆向型房室折返性心动过速,胸部
312,狭窄杂音,胸部
2095,气管和纵隔移位,胸部
311,房室分离,胸部
307,剧烈运动后哮喘,胸部
2101,气短,胸部
2106,慢性房颤,胸部
2107,呼吸音粗糙,胸部
2109,膈膨升,胸部
2110,心源性水肿,胸部
306,新生儿乳房肿大泌乳,胸部
305,肩背痛,胸部
2116,冠状动脉痉挛,胸部
2122,肺部出血,胸部
300,心脏淤积淀粉样物质,胸部
2133,经期前乳房痛,胸部
299,房内传导阻滞,胸部
2137,粉红色泡沫样痰,胸部
2139,输乳管阻塞,胸部
2142,心包缩窄,胸部
2143,串珠肋,胸部
2150,室上性心律失常,胸部
297,向心性肥胖,胸部
2155,肺积水,胸部
2159,急性房颤,胸部
2162,胸腹壁浅在条索伴疼痛或牵扯痛,胸部
2168,乳头肌断裂,胸部
2169,第三心音奔马律,胸部
2276,不典型胸痛,胸部
2490,青春期胸部发育缓慢,胸部
2282,渗出性胸水,胸部
252,反复发作右肺感染,胸部
2403,心前区隐痛,胸部
2412,纵隔淋巴结增生,胸部
2413,肺纹理减少,胸部
193,纵膈气肿,胸部
2418,卵圆窝未闭,胸部
2420,心脑血管意外,胸部
190,心肌缺氧,胸部
2424,心尖部第1心音亢进,胸部
2425,气管纵隔和心脏向健侧移位,胸部
2427,高通气,胸部
2430,肺受累,胸部
187,肺间质纤维化,胸部
186,乳汁淤积,胸部
2401,善太息,胸部
2436,孕妇气喘,胸部
2439,收缩早期喀喇音,胸部
2442,心脏病引发的晕厥,胸部
2443,溢乳,胸部
183,肩胛放射性疼痛,胸部
2448,乳腺癌的远处转移,胸部
181,婴儿肋骨外翻,胸部
2450,煤尘或胆固醇结晶的黏痰,胸部
173,室颤,胸部
2462,心内膜弹力纤维增生,胸部
2467,心音微弱,胸部
2477,胸膜转移,胸部
2479,纵隔增宽,胸部
159,心脏骤停,胸部
2438,突肤挺胸,胸部
2400,心率增快,胸部
203,心房内形成混合血,胸部
2391,孕妇胸闷气短,胸部
2294,肺泡灌洗液可见大量无定形的碎片,胸部
2295,心肌顿抑,胸部
2297,儿童胸廓变形,胸部
2299,心排血量增多,胸部
250,食道病变,胸部
243,排痰无力,胸部
2313,乳腺组织肥厚,胸部
2317,胎儿心动过缓,胸部
2324,胸痛伴冷汗,胸部
2328,肺内空洞,胸部
2329,联合瓣膜脱垂,胸部
226,乳房硬化,胸部
223,气促,胸部
2338,气逆,胸部
2341,心脏毒性作用,胸部
2344,锁骨上的搏动性肿块,胸部
2345,支气管痉挛,胸部
2348,蜂窝肺,胸部
2356,心包膜发炎,胸部
214,乳腺隐痛,胸部
2360,胁部肿胀,胸部
2363,右侧束支传导阻滞,胸部
213,中心静脉压偏低,胸部
210,吐泡沫痰,胸部
2368,高耸而对称的T波,胸部
2374,心口灼热痛,胸部
208,金属音调咳嗽,胸部
2386,耸肩喘息,胸部
2390,蝴蝶状阴影,胸部
253,纵隔积气,胸部
1583,心肌冬眠现象,胸部
1876,呼吸微弱,胸部
1208,叶间裂常呈弧形下坠,胸部
844,心肌脓肿,胸部
1498,期外收缩,胸部
969,水气胸,胸部
1497,胸膜钙化,胸部
970,肺动脉瓣区可听到喷射音,胸部
972,呼吸道阻塞,胸部
1203,肺动静脉瘘,胸部
842,侧肋骨痛,胸部
1279,纤毛结构缺陷,胸部
1202,肺下叶周围呈节段性或大叶性模糊阴影,胸部
652,肺泡出血,胸部
1411,咳嗽伴杵状指,胸部
975,粘液腺体肥大,胸部
1281,气体弥散障碍,胸部
1282,双肺的吸气爆裂音,胸部
651,痰鸣音,胸部
1496,吸气时有蝉鸣音,胸部
983,呼吸反射调节受损,胸部
985,乳腺钙化,胸部
649,咯血伴呛咳,胸部
616,呼气时两颊鼓起和缩唇,胸部
617,极速型心率,胸部
685,张口抬肩,胸部
1486,乳痛症,胸部
1318,心肌灰白而松弛,胸部
1070,腱索断裂,胸部
1481,咯血如注,胸部
682,心内分流为右向左,胸部
1074,突发的右侧心衰,胸部
941,食管气管瘘,胸部
852,呼吸气为蒜臭味,胸部
713,乳房胀痛,胸部
1086,气体弥散功能下降,胸部
801,食管蠕动功能减弱,胸部
760,心脏刺痛,胸部
1397,双乳间距增宽,胸部
1079,乳头溢出血性或棕色浆液性液体,胸部
602,肺纹理增粗,胸部
1162,干性咳嗽,胸部
1515,器质性心脏病,胸部
711,心脏破裂,胸部
1401,卵圆孔闭合不全,胸部
952,乳房组织大块坏死,胸部
747,左胸痛,胸部
1512,胸膜粘连,胸部
1507,乳房肥大,胸部
1275,老年男性乳房无痛性肿块,胸部
846,气急,胸部
758,咳嗽伴哮鸣音,胸部
956,持续性胸部疼痛,胸部
607,骨痿少气,胸部
1076,酒精性心肌,胸部
654,呼吸速率减慢且规则,胸部
1206,纵隔浊音界扩大,胸部
960,气喘,胸部
1212,肺过度充气,胸部
1196,心悸伴心率异常,胸部
648,腰酸背痛,胸部
754,心跳过速,胸部
1021,心包积液体征,胸部
1023,胸式呼吸,胸部
830,新生儿气促,胸部
630,异常体位所致的窒息,胸部
751,心室扑动,胸部
1177,气虚不摄,胸部
636,细菌性心内膜炎,胸部
1453,端坐呼吸,胸部
827,年轻女性心悸胸闷,胸部
1450,肺门阴影增多,胸部
1435,胸部挫伤,胸部
1448,产后乳汁自出,胸部
1447,背脊痛,胸部
1437,捻发音,胸部
1041,膈下感染,胸部
821,胸部沉重感,胸部
1181,应激功能减退,胸部
1038,急性呼吸困难,胸部
1033,咳嗽伴体重减轻,胸部
631,一侧胸廓塌陷,胸部
696,胸口闪电疼痛,胸部
1302,胸痛,胸部
1303,一咳嗽胸口就疼,胸部
823,收缩压下降,胸部
1169,咳声低弱,胸部
622,老年妇女乳房增大,胸部
1055,食管扩张,胸部
1015,右心功能不全,胸部
1060,肝脾肿大,胸部
689,肋骨及胸骨下吸入性凹陷,胸部
1058,肺部或支气管周围可呈现纹理增粗及浸润现象,胸部
1195,心肌营养障碍,胸部
998,肺动脉狭窄,胸部
1056,黄白色黏痰有水果味,胸部
1289,喘鸣,胸部
1000,小儿剧烈咳嗽,胸部
691,乳头肥大,胸部
1001,心源性胸痛,胸部
1191,T波低平或倒置,胸部
838,心动过缓,胸部
1290,柠檬色痰,胸部
834,孕妇乳房胀痛,胸部
1189,第一心音亢进,胸部
1291,肺血流量很多,胸部
625,二尖瓣脱垂,胸部
1009,肺弃血,胸部
1462,胸口紧绷,胸部
1292,休克较久后的肺部病变,胸部
1313,呼吸急促,胸部
643,舒张晚期奔马律,胸部
1187,睡觉时心跳加快,胸部
1186,咳出棕色痰栓,胸部
1013,肺部感染,胸部
1460,食管间隙形成肿块,胸部
716,心包破损伤,胸部
748,劳累后心悸,胸部
1540,过度换气综合征,胸部
737,吞咽不利,胸部
668,劳力性呼吸困难,胸部
1370,强迫俯卧位,胸部
901,胸大肌外侧缘处如花生米大小的肿块,胸部
1334,心肺栓塞,胸部
788,情绪性哮喘,胸部
784,虚喘,胸部
874,胸腹部畸形,胸部
585,咳嗽伴呼吸困难,胸部
1251,悬垂型心脏,胸部
1221,吸气时胸口痛,胸部
1574,乳头状肿物,胸部
1376,肺源性呼吸困难,胸部
780,立卧心率差数,胸部
734,收缩期杂音,胸部
1098,阵发性夜间呼吸困难,胸部
1575,食管重复,胸部
1354,吞咽时胸痛,胸部
917,触诊无肺动脉关闭感,胸部
584,气机失调,胸部
1378,气道陷闭,胸部
1224,小支气管平滑肌挛缩,胸部
1147,幽门前区溃疡,胸部
904,心脏结构异常,胸部
1339,支气管分泌物增加,胸部
786,脊柱前突变直局部叩痛,胸部
771,产后胸部下垂,胸部
571,感染性赘生物,胸部
1249,抬举性搏动,胸部
1562,劳动后气急,胸部
670,乳腺肥大,胸部
572,胸腺缺如,胸部
1248,肺火,胸部
905,心肌劳损,胸部
1110,胎心不规则,胸部
1556,肺淤血,胸部
1146,气管食管树胶样肿,胸部
577,乳腺囊性增生,胸部
1337,无菌性赘生物,胸部
910,块状痰,胸部
1552,婴儿含吮时乳头刀割样疼痛并渗血,胸部
1551,连枷胸,胸部
940,Q-T间期延长,胸部
897,心尖搏动弥散,胸部
1567,肺含水量增加,胸部
1153,劳累后胸痛,胸部
925,乳头侵蚀,胸部
778,升主动脉根部环状缩窄,胸部
1087,过渡区R波递增不良,胸部
1267,恶性胸水,胸部
1138,心慌气短,胸部
1533,岔气,胸部
1353,右室肥厚,胸部
1342,纵隔阴影,胸部
882,室间隔缺损,胸部
1261,隔膜孔道狭小,胸部
1395,传导阻滞,胸部
928,咳嗽伴胸痛,胸部
1090,下肺代偿性气肿,胸部
861,胸廓畸形,胸部
1389,食管瘘,胸部
1390,心源性呼吸窘迫,胸部
1089,心悸怔忡,胸部
1094,双肺水泡音,胸部
1243,乳腺发育不良,胸部
1217,胸椎畸形,胸部
1219,心肌肥厚,胸部
1539,管性呼吸音,胸部
1133,窒息,胸部
589,乳晕深部可扪及肿块,胸部
598,胸部隐痛,胸部
854,上半身代偿性多汗症,胸部
1380,脊柱的成角畸形,胸部
731,三凹征,胸部
592,乳房肿块,胸部
724,心脏僵硬,胸部
1341,吸气时出现连枷胸,胸部
1381,叹息样呼吸,胸部
723,心脏杂音,胸部
920,压榨样绞痛,胸部
1154,室颤阈值降低,胸部
860,支气管狭窄,胸部
763,气管隆突以上的损伤,胸部
1580,鼠尾征,胸部
1053,肾阴阳两虚,腰部
185,新生儿红尿,腰部
642,产育过多后腰痛,腰部
2469,肾小球内“三高”,腰部
192,腰部包块,腰部
671,腰椎膨出,腰部
1357,尿路结石,腰部
2019,腰骶疼痛,腰部
1863,肾后性肾衰,腰部
2014,太阳穴痛,腰部
1436,肾脏破裂,腰部
120,脊髓休克,腰部
2594,肾盂积水,腰部
1050,双侧肾内痛,腰部
2012,肾络滞阻,腰部
1117,肾小球基底膜蛾噬现象,腰部
819,肾区压痛,腰部
1351,脊髓出血,腰部
1873,颈椎间盘退变,腰部
1309,脐尿管残余,腰部
815,皮肤呈黄绿或绿褐色,腰部
1040,剧烈运动后腰痛,腰部
2072,入球小动脉玻璃样变,腰部
2484,腰椎不稳,腰部
166,产后脱发,腰部
1916,巨大的结肠,腰部
326,鲜红色乳头状赘生物突向尿道腔,腰部
1164,肾上腺转移,腰部
2498,反射性腰痛,腰部
2399,肾脓肿,腰部
1405,腰背部窦道,腰部
2545,肾钙化,腰部
1922,泌尿系统感染,腰部
653,肾阴虚,腰部
1929,肾动脉硬化,腰部
791,突然出现剧烈的腰痛,腰部
1932,脂肪痢,腰部
206,代偿性腰椎前凸,腰部
1331,腰部僵直感,腰部
1936,皮质滤泡萎缩,腰部
1394,肾小球旁器增生,腰部
1327,耳源性眩晕,腰部
2069,妊娠时持续性腹痛或腰酸腰痛,腰部
391,肾外梗阻,腰部
1407,肾缺血,腰部
2085,腰大肌脓肿,腰部
728,肾皮质坏死,腰部
375,双肾弥漫性病变,腰部
2094,腰部僵硬及腰前凸消失,腰部
2571,低位腰痛,腰部
645,肾小管酸化功能障碍,腰部
647,肾阳虚,腰部
1995,胱氨酸储积症,腰部
1419,输尿管间脊肥大,腰部
2416,输尿管疼痛,腰部
2415,小管毒性病变,腰部
2050,胸椎腰化,腰部
1362,肾上腺皮质激素不足,腰部
1366,肾损害,腰部
369,儿童头痛,腰部
686,溲赤闭涩,腰部
2087,皮质功能减退,腰部
198,妊娠腰痛,腰部
2557,持续性腰痛伴有晨僵,腰部
202,急性肾衰竭,腰部
2377,硬脊膜膨出,腰部
1374,肾区钝痛,腰部
411,腰椎退化,腰部
135,胸腰椎压缩性骨折,腰部
810,肾小管重吸收障碍,腰部
2435,肾衰竭,腰部
701,二羧基氨基酸尿,腰部
2723,游走肾,腰部
295,腰酸,腰部
1264,醛固酮分泌增多,腰部
478,肾浓缩功能障碍,腰部
552,腰椎肥大,腰部
477,腰腹酸沉,腰部
1657,腰背部疼痛,腰部
240,脊髓横贯损害,腰部
2210,肾盏变钝,腰部
1233,免疫性肾炎,腰部
471,腰部钝痛,腰部
978,左侧卧时右腰呈空音，右侧卧时左腰呈浊音,腰部
2698,肾上腺皮质良性男性化现象,腰部
72,肾小管萎陷,腰部
721,小便短赤,腰部
1648,上尿路结构和功能损害,腰部
2689,肾小球体积增大,腰部
2810,右腰部压痛,腰部
2703,胃阴虚,腰部
272,胸段或腰段脊髓伤,腰部
1565,肾脏缩小,腰部
719,双肾皮质变薄,腰部
1228,精亏血竭,腰部
1700,腰背的持续隐痛,腰部
2608,小管间质性肾炎,腰部
1707,腰部的不稳交锁现象,腰部
601,小便不利,腰部
1555,腰骶部酸痛,腰部
2816,肾前性肾功能不全,腰部
2752,髓质海绵肾,腰部
2214,腰背刺痛,腰部
2824,慢性肾功能不全,腰部
2172,肾小球滤过率下降,腰部
1514,肾小动脉有纤维梗死,腰部
1511,近曲小管受累,腰部
286,电击样痛或刺痛的头痛,腰部
1626,肾部积水现象,腰部
2216,一过性尿蛋白,腰部
1505,慢性肾损害,腰部
1731,小管萎缩病变,腰部
8,尾骶部疼痛,腰部
738,肾间质纤维化,腰部
2272,肾动脉阻塞,腰部
742,体位性眩晕,腰部
1780,弥漫性下腰痛,腰部
2250,腰椎骨质增生,腰部
918,腰大肌阴影消失,腰部
279,胸腰段及腰椎前凸消失,腰部
2635,肾栓塞,腰部
2123,嗜盐,腰部
1663,肾间质水肿,腰部
829,尿白,腰部
2280,左、右腰腹痛,腰部
277,剧烈运动或强体力劳动后血尿,腰部
1594,持续性尿蛋白,腰部
448,输尿管扩张,腰部
216,旋转性眩晕,腰部
1296,腰疼,腰部
441,小便淋漓,腰部
1840,肾包膜过度膨胀,腰部
2118,虚痛,腰部
2246,栓塞性肾炎,腰部
1299,肾性尿崩,腰部
2355,左腰部压痛,腰部
2202,间歇性尿蛋白,腰部
2121,肾小管坏死,腰部
2145,腰骶部或下腰部疼痛,腰部
2791,腰部缓慢增大的软肿块,腰部
1255,腰软不能直起,腰部
2781,马尾损伤,腰部
2677,输尿管向心偏移,腰部
840,胆红素钙结石,腰部
557,肾小球有病理形态改变,腰部
1474,孕产妇腰痛,腰部
623,输尿管囊肿,腰部
745,直立性尿蛋白,腰部
1464,腰椎骶化,腰部
1804,孤立肾,腰部
1463,腰肌痉挛,腰部
1651,肾乳头及肾盂出血,腰部
454,腰痛卧床加重,腰部
1677,肾脏受累,腰部
451,肾异位伴随输尿管异位,腰部
2805,双侧肾上腺皮质增生,腰部
1817,泌尿生殖窦,腰部
1184,女性腰骶生理性前突明显,腰部
558,腰部酸胀及无力,腰部
578,弯腰时腰痛,腰部
2411,疝气嵌顿,腹部
256,新生儿拉肚子,腹部
200,肠鸣,腹部
2422,累及整个腹腔的腹膜炎,腹部
2267,脾肾阳虚,腹部
2244,肠狭窄,腹部
2431,腹痛伴便血,腹部
729,腹痛伴休克,腹部
2429,胃肠粘膜的通透性增高,腹部
265,胃区包块,腹部
730,乙肝e抗体（抗HBe）阳性,腹部
1237,胆囊触痛征,腹部
2428,上腹部包块,腹部
1139,胆红素升高,腹部
1236,胰腺外分泌功能不良,腹部
2269,十二指肠有切迹或狭窄,腹部
732,肝内管梗阻,腹部
189,泌尿道阻塞,腹部
2259,胆道梗阻,腹部
1234,大便变细形似铅笔,腹部
1140,小胃综合征,腹部
259,肝脏病变弥漫,腹部
1232,后腹膜纤维化,腹部
1231,腹壁切口处有肿物突出,腹部
2419,胆囊的超敏反应,腹部
2265,胃石形成,腹部
1144,运动腹痛,腹部
260,排水样血性大便,腹部
2278,腹胀,腹部
2296,脾胃俱戕,腹部
1152,肠出血,腹部
2379,腹部可触及巨大柔软肿物,腹部
2322,蛔虫感染,腹部
2325,高促胃泌素血症,腹部
1198,腹部“气串样”肿块,腹部
756,肝外胆管结石,腹部
231,尿频,腹部
230,食欲较差,腹部
229,阑尾缺血充血,腹部
1192,肝郁化火,腹部
755,死血痛,腹部
2433,肠蠕动减慢,腹部
2318,卵石征,腹部
2346,先天性乳糖不耐受,腹部
2373,肠鸣音消失,腹部
1170,肝细胞脂肪性变,腹部
1183,胃痞,腹部
2350,胃内有异物,腹部
219,肝失条达,腹部
2370,孕妇胃痛,腹部
1172,手指香肠型,腹部
217,脾萎缩,腹部
2364,门体侧支循环的形成,腹部
2354,难治性腹水,腹部
2358,右下腹痛,腹部
1185,肝区扣痛,腹部
241,上腹部疼痛,腹部
2314,口吐血沫,腹部
1205,顽固性便秘,腹部
739,下腹坠痛,腹部
2395,胃肠功能不良,腹部
254,左下腹痛,腹部
765,腹部型肥胖,腹部
764,胃肠道功能不好,腹部
1215,胰源性腹痛,腹部
1214,气腹征,腹部
2290,胆囊壁纤维化,腹部
1157,胃肠动力差,腹部
2291,肝气郁节,腹部
1213,肠囊性积气,腹部
2293,肝经热甚,腹部
2389,胃肠道排空表现,腹部
1210,肠坏死,腹部
1161,移动性浊音,腹部
2298,腹腔积液,腹部
1209,食毛后导致的胃肠道症状,腹部
1207,肚脐痒,腹部
245,黄绿稀溏,腹部
2303,小儿右上腹阵发性绞痛,腹部
2306,上腹及腰背部有“束带感”,腹部
244,结肠黑变,腹部
2382,单项ALT升高,腹部
2381,大便黑色,腹部
2309,脾阳虚,腹部
2402,胃疼,腹部
2343,食管下括约肌张力下降,腹部
1584,懒胆囊,腹部
1134,滑动疝,腹部
959,肠管出血,腹部
958,妊娠便秘,腹部
845,小肠内的低pH,腹部
53,幽门管溃疡,腹部
2739,腹壁静脉怒张,腹部
847,婴儿褐色或暗绿色的粘液便,腹部
848,胃扩张,腹部
2744,急腹症,腹部
2750,肠粘膜脱落,腹部
2751,胃排空延缓,腹部
56,经期便血,腹部
51,胆囊增大,腹部
943,肠淤滞,腹部
2759,便血,腹部
2760,间歇性胃痛,腹部
939,胎动减少,腹部
855,空腹时腹部有振水声者,腹部
43,乙肝表面抗原（HBsAg）阳性,腹部
2768,脾胃虚寒,腹部
42,下腹部反跳痛,腹部
2770,腹腔种植,腹部
931,胰腺纤维化,腹部
851,新生儿便秘,腹部
2773,肠穿孔,腹部
961,儿童期消化性溃疡,腹部
2726,弥漫性腹部骨化,腹部
90,肠子胀气,腹部
89,大便溏泄,腹部
997,严重腹腔感染,腹部
841,下腹剧痛并渐向腹中线扩散,腹部
2678,胃肠气胀,腹部
994,直肠危象,腹部
84,便下恶臭,腹部
2681,胃嵌顿,腹部
2688,蔗糖-异麦芽糖吸收不良,腹部
986,持续性肠绞痛,腹部
962,胃肠道出血,腹部
984,胃壁肌层缺损,腹部
976,肠道张力减低,腹部
2704,脐部有一半球形肿块,腹部
67,纵沟短,腹部
66,肝郁气滞,腹部
2707,肠粘膜有坏死溃疡,腹部
2710,弥漫性脐周疼痛,腹部
65,结肠憩室,腹部
64,胆汁泛溢,腹部
967,肝脂肪变,腹部
2721,左下腹压痛,腹部
979,肝脏轻度脂肪变性,腹部
2774,脾大,腹部
930,新生儿打嗝,腹部
40,细颗粒管型,腹部
2834,坠胀拒按,腹部
2835,小肠危象,腹部
871,暴力作用后腹痛,腹部
2838,大块肝细胞坏死,腹部
2839,昏睡露睛,腹部
2840,十二指肠狭窄,腹部
873,腹部逐渐胀大,腹部
2842,结肠袋半月襞消失,腹部
2843,男性小腹坠痛,腹部
4,胰腺内钙化,腹部
2831,进食呕吐,腹部
899,术后腹胀,腹部
2850,新血不生,腹部
2851,胎动频繁,腹部
896,贲门弛缓,腹部
2855,下腹部包块,腹部
891,胃移位,腹部
2857,肠鸣欲便,腹部
883,肠壁坏死,腹部
888,肠道转运障碍,腹部
2863,恶心与呕吐,腹部
2864,脾失健运,腹部
2848,安静腹,腹部
9,胃危象,腹部
10,胃酸减少,腹部
2823,幽门瘢痕性狭窄,腹部
37,胃纳减退,腹部
926,呕吐苦水,腹部
862,等渗尿,腹部
921,胃扭转梗阻症状,腹部
2786,肝功能不全,腹部
919,腹直肌触及边界不清的固定包块,腹部
2789,脐轮红肿,腹部
2790,继发性便秘,腹部
32,脾气虚,腹部
2795,毒物致肝损害,腹部
2798,酒精性胃黏膜损伤,腹部
2799,不完全性肠梗阻,腹部
29,腹壁反射减弱或消失,腹部
28,肝气犯脾,腹部
867,下腹压痛,腹部
869,食欲缺乏,腹部
22,阑尾组织纤维化,腹部
21,十二指肠高度扩张,腹部
20,横结肠移位,腹部
15,胃窦动力低下,腹部
911,腹壁广泛性钙质沉着,腹部
2821,胆囊壁变薄,腹部
13,产后消化系统症状,腹部
839,下腹部钝痛和酸胀感,腹部
2665,腹痛伴腹泻,腹部
2661,肝淤血,腹部
2659,肝腹水,腹部
156,上腹部肿块及腹胀,腹部
2499,肠痉挛,腹部
1097,尿中有特殊鼠臭味,腹部
2501,痢下赤白粘冻,腹部
2505,结肠梗阻,腹部
2507,横结肠息肉,腹部
2509,脐周腹壁缺损,腹部
2511,脐带过短或相对过短,腹部
2516,肠壁水肿增厚,腹部
2521,一侧性下腹剧烈疼痛,腹部
157,肝星状细胞增生,腹部
2522,烧伤后恶心与呕吐,腹部
2524,传导性腹痛,腹部
1080,下痢赤白粘冻,腹部
149,一时性便秘,腹部
148,脏腑功能失调,腹部
1078,肠道蛔虫感染,腹部
2533,脂膜炎,腹部
1077,腹股沟处或闭孔处肿胀,腹部
1072,阑尾穿孔,腹部
1071,孕妇非妊娠原因的腹痛,腹部
2541,肠麻痹,腹部
2523,脐周皮肤青紫色斑,腹部
2493,脐周脓性分泌物较多,腹部
1100,寂静腹,腹部
1101,情绪性胃痛,腹部
1132,脾阴虚,腹部
1130,肝内HDAg仅一过性阳性,腹部
2444,脐窝内有肉芽组织增生,腹部
1127,上腹囊性肿块,腹部
180,鼓肠,腹部
2452,大便色青,腹部
1123,食欲不振,腹部
1119,肚子疼,腹部
2460,肝热及胆,腹部
1116,先天性乳糖酶缺乏,腹部
171,肝脂肪浸润,腹部
1114,腹满便溏,腹部
167,下腹胀痛,腹部
2472,脐窝湿润有臭味,腹部
2474,肝静脉回流障碍,腹部
2475,胆汁返流,腹部
164,肝被膜血肿破裂,腹部
1109,胃重复畸形,腹部
161,孕期便秘,腹部
1107,腹式反常呼吸,腹部
2483,恶臭便,腹部
2487,痔核,腹部
1103,括约肌功能障碍,腹部
804,生理性厌食,腹部
1135,脐窝内有樱红色息肉样物,腹部
809,胃部隐痛,腹部
2553,腹疼不食,腹部
2615,HBV与HCV重叠感染,腹部
115,腹部不适,腹部
2617,呕血,腹部
2619,脾胃湿热,腹部
2620,脐带脱落后伤口不愈并溢液,腹部
2622,消化管蠕动不协调,腹部
2624,嘈杂,腹部
112,对多脂饮食不能耐受,腹部
1029,腹水,腹部
2628,脾紫癜,腹部
1034,肠蠕动亢进,腹部
106,脐周阵发性绞痛,腹部
2638,膈肌缺损,腹部
1020,排便障碍,腹部
2640,胃壁僵硬,腹部
1019,啤酒肚,腹部
1018,脘痞腹胀,腹部
100,胃肠扩张与脱肛,腹部
2649,肠壁纤维化,腹部
2652,阴虚胃痛,腹部
1010,闭目摇头,腹部
833,泻物清稀如米泔水,腹部
2636,巨脾症,腹部
2612,新生儿脐部出血,腹部
116,胆绞痛,腹部
2609,色黄赤如酱,腹部
1064,非怀孕的下腹增大,腹部
1063,腹部皮肤出现白纹、粉红色或紫纹,腹部
2559,胆汁排泄受阻,腹部
1062,腹胀嗳腐,腹部
2561,腹部中线处肿块,腹部
2562,阑尾感染,腹部
1059,肝缩小,腹部
2570,胃肠道症状,腹部
2572,胁肋灼痛,腹部
133,腹痛伴血尿,腹部
132,溃疡穿孔出血,腹部
2582,大三阳,腹部
128,门静脉积气,腹部
1049,复合性溃疡,腹部
2587,胃粘膜呈萎缩性改变,腹部
1047,神经性胃痛,腹部
818,饥饿时上腹痛,腹部
1044,肠梗死,腹部
122,食积痛,腹部
121,腹壁不自主轴动,腹部
2599,腹部“柔韧感”体征,腹部
2606,痉挛性便秘,腹部
2607,巨肠症,腹部
140,肠闭锁,腹部
2242,胃窦狭窄,腹部
1247,腹围增大,腹部
1433,板状腹,腹部
472,新生儿腹胀,腹部
474,肝内形成嗜酸性肉芽肿,腹部
1988,膈麻痹,腹部
1989,上腹壁的中央线缺损,腹部
1755,便秘伴剧烈腹痛,腹部
1991,默默嗜卧,腹部
1992,肠外结核,腹部
1754,胃慢性出血,腹部
368,脐残端有少量黏液或脓性分泌物,腹部
475,肠蠕动减少,腹部
1752,孕期烧心,腹部
1363,孕中期腹痛,腹部
1750,局部可摸到肌腹与肌腱连接处略有缺失与下陷,腹部
366,肝糖异生增加,腹部
1360,肝区痛,腹部
363,肝臭,腹部
2002,肝功能受损,腹部
1368,经期小腹坠痛,腹部
1761,肝功能异常,腹部
469,生理性腹泻,腹部
1984,气过水声,腹部
464,经期前后小腹坠痛,腹部
1485,大便粘腻,腹部
1960,肝肿大,腹部
1772,胆囊运动障碍,腹部
1769,孕妇小腹痛,腹部
468,右下腹压痛,腹部
661,喝酒后呕吐,腹部
1966,脐周明显红肿变硬,腹部
1359,肝下垂,腹部
1967,特别容易饿,腹部
1377,胃热疼痛,腹部
1973,腹腔出血,腹部
1375,胃糜烂,腹部
1976,血性腹水,腹部
1373,腹鸣,腹部
1763,阑尾壁缺血坏死,腹部
1371,肠子粘连,腹部
370,进行性肝缩小,腹部
615,恶心,腹部
1358,肝气犯胃,腹部
1748,幽门管狭窄,腹部
1747,一侧下腹坠痛,腹部
1729,爆发性水泻,腹部
2030,膨胀性肝脏搏动,腹部
1727,习惯性腹泻,腹部
491,恶食酸物,腹部
1344,混浊尿,腹部
1725,产后腹痛,腹部
350,肝浊音界缩小或消失,腹部
349,胃寒疼痛,腹部
1345,梅毒肝,腹部
492,孕妇腹部硬块,腹部
1852,肝内淤胆,腹部
2040,上腹弥漫性压痛,腹部
2041,胆汁潴留,腹部
493,胆囊收缩功能不良,腹部
495,肝区摩擦音,腹部
348,左上腹压痛,腹部
347,右腹部疼痛,腹部
499,喜温膏按,腹部
677,女性小腹疼痛,腹部
385,左腹屈曲,腹部
2027,胃虚气逆,腹部
490,粪内或直肠乙状结肠黏膜活检找到血吸虫卵,腹部
362,进食后出现弥漫性腹部绞痛,腹部
479,胃胀,腹部
360,肢体重困,腹部
2009,小三阳,腹部
1745,血尿伴排尿不畅,腹部
1743,腹痛伴恶心、呕吐,腹部
2011,假性幽门化生,腹部
1500,便血且血与粪便混合,腹部
1732,慢性胃痛,腹部
673,热结旁流,腹部
2020,肠壅积,腹部
355,无症状型溃疡,腹部
1736,脾肿大,腹部
487,肠麻痹软瘫,腹部
675,阵发性肠绞痛,腹部
489,肠功能紊乱,腹部
354,肝阴虚,腹部
676,闭袢性肠梗阻,腹部
1503,腹泻为水样带黏液恶臭无脓血,腹部
2046,腹中积癖,腹部
1956,肝区血管杂音,腹部
1391,脐疮,腹部
641,胃镜下表现出广泛黏膜红斑,腹部
429,脾栓塞,腹部
1426,腹肌肌肉抽搐,腹部
1829,肝钙化,腹部
427,肝火,腹部
1828,情绪性腹痛,腹部
1826,纳差,腹部
426,脐腹部或胁肋部患有癖块,腹部
1824,男性小腹痛,腹部
1882,空肠憩室,腹部
1883,胃粘膜充血,腹部
1886,结肠膨胀,腹部
629,胃纳差,腹部
1888,肠道功能紊乱,腹部
424,脐血,腹部
628,下消化道少量出血,腹部
421,上腹部压痛,腹部
638,色素性胆结石,腹部
1831,反胃,腹部
447,腹肌紧张,腹部
1430,胆囊积脓,腹部
1444,肾区叩击痛,腹部
437,四支怠惰,腹部
436,腹部肥满,腹部
633,肝转移,腹部
1847,小孩打嗝,腹部
634,右上腹压痛,腹部
435,脐带血循环障碍,腹部
439,癌性输尿管狭窄,腹部
1896,持续性下腹疼痛,腹部
1438,脐突皮光,腹部
432,小腹冷痛,腹部
1841,小儿进食易呕吐,腹部
2865,肝内胆管结石,腹部
1449,钟摆征,腹部
1869,十二指肠扩张,腹部
1870,代谢综合征,腹部
1432,呕恶纳呆,腹部
1451,食物在胃的通过障碍,腹部
1842,大肠黑变,腹部
1897,食欲异常,腹部
1899,脾湿,腹部
1458,胃火,腹部
1930,胆汁淤滞,腹部
624,腹痛腹泻,腹部
1400,右胁疼痛,腹部
457,输尿管痉挛,腹部
458,肝癖,腹部
1473,肝质地硬,腹部
1940,大小便失禁,腹部
1941,婴儿吐奶,腹部
1927,小肠细菌过度生长,腹部
1789,脐周围褪色,腹部
392,左上腹痛,腹部
1947,腹胀呃逆,腹部
1948,胶冻状便,腹部
461,肝积水,腹部
1475,腹部血管杂音,腹部
389,肝源性水肿,腹部
1951,早饱,腹部
1783,吐逆滑泄,腹部
1944,下腹局部疼痛,腹部
1782,胆囊体积缩小,腹部
1798,静止性结石,腹部
1801,胃粘膜增粗,腹部
1459,消化不良,腹部
1416,胃酸缺乏,腹部
1415,憩室出血,腹部
1903,黑尿,腹部
1414,干胁痛,腹部
415,阳虚胃痛,腹部
413,胆管断裂,腹部
450,肝被膜紧张,腹部
1403,小胆管扭曲,腹部
1241,上腹不适,腹部
1408,回肠重复畸形,腹部
1917,球后溃疡,腹部
1811,腹肌松弛无力,腹部
1810,绞窄性肠梗阻,腹部
452,肝细胞索支架塌陷,腹部
402,血吸虫导致的肝硬化,腹部
455,阻塞性黄疸,腹部
1921,黏液便,腹部
1913,肝大而硬,腹部
2047,肝细胞坏死,腹部
2039,老人便秘,腹部
2049,肚脐疼,腹部
1630,阳明热盛,腹部
2163,分泌性腹泻,腹部
2164,幽门肌肥大,腹部
2165,蛙状腹,腹部
1559,脾胃虚弱,腹部
2167,回盲瓣功能不全,腹部
710,肝衰竭,腹部
2170,产后大便失禁,腹部
2173,水湿不化,腹部
2174,横结肠下垂,腹部
2175,肾间质受损,腹部
1623,泻药性便秘,腹部
1621,嗳气,腹部
1616,疝区的疼痛或坠胀感,腹部
1569,肠道吸收水分增加,腹部
288,肝气不足,腹部
1268,小腹刺痛,腹部
1276,胃痉挛,腹部
2186,脐周疼痛,腹部
1631,火热熏灼,腹部
1636,腹股沟疼痛,腹部
706,下腹疼痛,腹部
1652,肝细胞内脂肪堆积过多,腹部
1285,胃丢失蛋白,腹部
2146,胃气虚,腹部
1338,用药过程中出现胃部症状,腹部
2148,肠绒毛萎缩,腹部
2149,右下腹可触及柔软腊肠样肿块,腹部
537,脾胃不和,腹部
1280,胰腺功能不足,腹部
579,脐湿,腹部
2153,便秘伴腹部包块,腹部
2154,胆道蛔虫症,腹部
1642,浊气壅滞,腹部
539,突发性右上腹绞痛,腹部
2158,消化道穿孔,腹部
708,阑尾周围脓肿,腹部
1637,脂肪泻,腹部
541,产后小腹坠痛,腹部
1614,胃灼热,腹部
2187,胃内压增加,腹部
570,思虑伤脾,腹部
1582,肝脏肿大,腹部
2226,急性胃痛,腹部
2227,胃失和降,腹部
2228,胰石阻塞,腹部
567,阵发性腹痛,腹部
1592,中毒性巨结肠,腹部
2229,腹内压升高,腹部
563,急性腹痛,腹部
726,癌症晚期胃肠道症状,腹部
1245,肝静脉病变,腹部
1588,水湿不运,腹部
267,孕晚期腹痛,腹部
727,胃内翻腾或搅拌感,腹部
564,左腹疼痛,腹部
2238,先天性腹壁发育不全,腹部
566,腹泻与便秘交替,腹部
2239,腹部凹陷呈舟状,腹部
2224,胆囊扣痛,腹部
2222,脾火暴甚,腹部
271,结肠内形成坚硬的粪石,腹部
2219,胃排空过快,腹部
2190,排便感,腹部
285,胆管梗阻,腹部
1259,脘痞,腹部
554,网膜囊肿扭转,腹部
283,小肠扩张充气,腹部
555,肠管变形,腹部
556,腹腔感染,腹部
2205,吐物清稀,腹部
2141,嗜食醇酒厚味,腹部
1571,习惯性便秘,腹部
276,急性肠扭转,腹部
2209,腹满,腹部
1598,吻合口并发症,腹部
1597,绞痛,腹部
2212,腹部压痛,腹部
2213,脐周肿胀,腹部
1577,孕早期腹痛,腹部
562,腹痛伴黄疸,腹部
2206,局限性肾坏死,腹部
1656,右上腹痛,腹部
2147,胃肠道胀气,腹部
533,一侧腰腹突发“刀割”样绞痛,腹部
520,吐酸,腹部
2075,腹腔积血,腹部
2076,腹部肿块,腹部
523,婴幼儿脐部有肿物突出,腹部
2080,孕妇腹胀,腹部
1324,孕妇拉肚子,腹部
2082,胃脘饱胀,腹部
1688,幽门肿块,腹部
1526,广泛性与不定位性腹痛,腹部
597,仰卧呼吸,腹部
321,阑尾腔闭塞,腹部
1314,远端胃窦产生异位节律,腹部
1529,胃脘不适,腹部
1541,胃容纳性减弱,腹部
694,关节拘急不利,腹部
1308,肾无功能,腹部
2102,肝经气滞,腹部
595,肝功能衰竭,腹部
1322,弥漫性系膜硬化,腹部
1693,肠鸣音亢进,腹部
515,全腹痛,腹部
2068,眩闷口眼偏斜,腹部
1517,非血性腹水,腹部
2051,胃粘膜脱垂,腹部
1336,胆囊积水,腹部
345,腹部伤口流出粪便样物,腹部
1519,下腹坠胀,腹部
342,柏油样便,腹部
1520,脉络暴露,腹部
1709,暴饮暴食,腹部
1706,胃粘膜损伤,腹部
2059,强迫仰卧位,腹部
511,胃肠感冒,腹部
338,肝病面容,腹部
1333,病毒性腹泻,腹部
1699,脾虚,腹部
2063,腹壁红斑,腹部
336,下腹痛,腹部
678,泛吐清水,腹部
1696,肝气郁结,腹部
1525,褐色尿,腹部
1531,深黄色或带绿色的水样便,腹部
1534,侧腹或后腰压痛,腹部
1311,肝内钙化,腹部
302,下腹绞痛,腹部
2120,胀坠感,腹部
1295,慢性腹痛,腹部
303,肝火盛,腹部
2126,嗳腐,腹部
587,心脾损伤,腹部
1664,餐后发作性腹痛,腹部
529,核心抗体（抗HBc）阳性,腹部
1662,回盲部结核,腹部
2131,顽固性呃逆,腹部
2132,食欲减退,腹部
2134,阑尾脓肿,腹部
2136,喝酒后胃疼,腹部
1661,中上腹持续性疼痛,腹部
2138,胃肠道淤血,腹部
704,胃黏膜充血水肿,腹部
1670,肝窦扩张,腹部
1443,胆道闭锁,腹部
591,肝叶萎缩,腹部
1672,皖腹痞闷,腹部
2108,巨输尿管症,腹部
1306,乙肝e抗原（HBeAg）阳性,腹部
1304,幽门狭窄,腹部
2113,黑色素结石,腹部
2114,恶食凉物,腹部
1673,乙肝表面抗体（抗HBs）阳性,腹部
2105,腹膜刺激征,腹部
868,热结节,颈部
2825,颈部潮红,颈部
2809,颈根部斜方肌及风池穴处有压痛点,颈部
510,晨起时颈背部弥漫性剧痛,颈部
980,颈部僵硬,颈部
1545,非对称性紧张性颈反射,颈部
949,甲状腺肿,颈部
1513,甲亢危象,颈部
1679,颈椎痛,颈部
1579,脖子扭痛,颈部
1461,颈部怕前屈，怕仰伸,颈部
2683,颈背疼痛,颈部
2745,环甲肌失去收缩或牵引感,颈部
1846,颈动脉痛,颈部
990,颈部囊性病变,颈部
993,下颈部皮下气肿,颈部
876,凉结节,颈部
513,锁骨上及前斜角肌淋巴结肿大,颈部
1502,椎间盘脱出,颈部
1457,颈背部肌肉痉挛,颈部
1821,进行性颈部肿块,颈部
1471,甲状腺结节,颈部
2662,颈交感链受累,颈部
521,颈部不稳感,颈部
2818,阴雨天颈肩背部酸痛,颈部
964,食管恶性病变,颈部
1764,颈髓完全性损伤,颈部
1788,颈部皱纹多,颈部
1825,头颈分离感,颈部
99,枕部和颈后疼痛,颈部
2660,颈性眩晕,颈部
462,颈短,颈部
2733,,颈部
94,不能转颈,颈部
1546,颈动脉窦性晕厥,颈部
1609,青春期甲亢,颈部
569,颈椎病头晕,颈部
1674,强迫性头颈倾斜畸形,颈部
2243,颈部烧伤,颈部
2508,气管移位,颈部
2127,颈动脉搏动减弱或消失,颈部
1190,颈部粗,颈部
1978,产妇颈背酸痛,颈部
2492,颈椎肥大,颈部
2496,颈髓脱髓鞘性病变,颈部
1385,颈部扭伤,颈部
768,颈部瘰疬,颈部
151,颈椎间盘突出,颈部
1204,喉结增大,颈部
242,颈髓硬膜外病变,颈部
2308,短颈,颈部
2304,甲状旁腺功能亢进,颈部
2534,分娩后甲状腺肿大,颈部
291,颈部肌肉肿胀变硬,颈部
398,食管出血,颈部
1105,颈肩痛,颈部
1211,食管痉挛,颈部
702,颈部疼痛,颈部
2473,前斜角肌肥厚痉挛,颈部
766,颈椎增生,颈部
340,颈部可前屈，怕仰伸,颈部
2398,温结节,颈部
2397,颈椎关节的根性疼痛,颈部
1143,颈部有擦伤痕迹或肿胀,颈部
1142,冷结节,颈部
1326,颈强直,颈部
2441,颈部酸痛,颈部
2367,甲状软骨下可触及异物撞击震动感,颈部
781,颈椎退化,颈部
1175,甲状腺功能低下,颈部
2461,新生儿斜颈,颈部
172,气管间隙形成肿块,颈部
2464,颈椎分节异常,颈部
746,颈内动脉创伤性血栓,颈部
1996,气道和食管之间的瘘管,颈部
1270,甲状腺扪及光滑坚实的椭圆形结节,颈部
201,上颈髓区病变,颈部
2580,颈椎变形,颈部
1042,颈部强硬,颈部
2277,甲状腺肿大,颈部
433,颈部淋巴结肿大,颈部
725,碘甲亢,颈部
2552,肩背颈项痛,颈部
125,僵颈,颈部
2237,主动脉窦破裂,颈部
740,食管溃疡,颈部
262,食管腔梗阻,颈部
1418,食管壁纤维化,颈部
2245,淡漠型甲亢,颈部
822,颈部呈僵直状,颈部
2287,颈部缺血性跳痛,颈部
2180,妊娠期间甲亢,颈部
1036,气管受压,颈部
1439,颈部搏动,颈部
39,韧带断裂,骨
2103,单腿半蹲痛,骨
593,韧带骨化,骨
878,长骨骨骺端钙化不全,骨
1678,婴儿脊柱侧凸,骨
2233,关节松弛,骨
2859,椎节分裂,骨
2104,颌骨内似牙的硬组织,骨
2362,骨皮质变薄,骨
749,骶尾椎融合,骨
525,骨端增大,骨
2254,骨缝分开,骨
2257,骨骼停止发育,骨
2115,颧骨额骨下陷,骨
2230,习惯性脱臼,骨
2289,巨大颅骨缺损,骨
309,关节局部刺痛,骨
49,关节响痛,骨
1705,尿酸盐在关节内沉积增多,骨
509,脊柱退变,骨
599,肋骨融合,骨
2067,骶髂部剧烈疼痛,骨
887,胸骨压痛,骨
2392,腱鞘变干,骨
334,骨代谢减低,骨
2369,膨胀性骨质破坏,骨
680,骨压痛,骨
2388,单纯骨折,骨
333,椎前旁软组织肿胀或脓肿,骨
1587,关节僵直,骨
932,骨刺形成,骨
1669,椎管大小变化,骨
2084,骨外团块,骨
757,关节强直,骨
1528,自发性骨折,骨
2767,骨骼表面向外突出,骨
2078,关节扭伤,骨
2128,颞骨隆起,骨
2215,非对称性关节痛,骨
1644,婴儿缺钙,骨
2321,强迫性脊柱炎,骨
2156,脊髓内空洞形成,骨
296,钩骨附近的压痛,骨
2315,脊髓病变,骨
908,尾部中线有细小凹坑但无任何感觉,骨
709,四肢关节如折,骨
2310,长骨肿胀疼痛,骨
1253,扁平型骨盆,骨
1201,脊柱骨质改变,骨
1258,脊柱生理弯曲消失,骨
11,残株型骨折,骨
1610,骨髓浆细胞增多,骨
573,关节纤维变性,骨
1563,关节酸痛,骨
1272,弥漫性骨膜增厚,骨
2832,骨髓象左移现象,骨
1613,关节痛,骨
1566,石骨症,骨
1568,颌骨发育过度,骨
907,大转子叩痛,骨
270,关节畸形,骨
1547,开放性骨折,骨
1200,关节强硬,骨
33,骨骼肿块,骨
1294,椎间盘退行性变,骨
2268,溶骨性损害,骨
1227,躯干畸形弯曲,骨
274,类人猿型骨盆,骨
1250,脊突叩痛,骨
30,浅筋膜炎,骨
1288,耻骨直肠肌痉挛性肥大,骨
744,骨软化,骨
912,脊髓内胶质增生,骨
743,地图样骨缺损,骨
2802,颌骨错位,骨
2335,广泛性骨质疏松,骨
227,骨质磨损有骨赘增生,骨
2331,脊髓的浸润,骨
535,骨赘大量增生,骨
2807,软骨内骨化,骨
2808,关节肿痛,骨
1573,内收型骨折,骨
1284,关节积液,骨
1543,骨产道异常,骨
1854,骨髓的发育异常,骨
1141,脊髓半切综合征,骨
1711,宫底及耻骨联合上方空虚,骨
2544,骨盆损伤,骨
1806,骨髓损害,骨
2542,骶骨裂,骨
1008,少儿脊柱侧凸,骨
1466,斜形骨折,骨
1006,中骨盆狭窄,骨
1926,侵蚀性骨破坏,骨
145,儿童反复骨折,骨
397,脊髓受压,骨
93,颈椎椎节已有明显退行性变,骨
1933,关节囊松弛,骨
1406,关节肿大,骨
656,桡骨茎突剧痛,骨
459,韧带扭伤,骨
657,骨痒,骨
1942,关节面不规则硬化,骨
393,胸椎侧弯,骨
2520,关节腔内出血,骨
2519,脊柱病变性骨盆畸形,骨
2518,粉碎性骨折,骨
2674,新月状溶骨性缺损,骨
1784,骶骨囊肿,骨
153,弥漫性骨质疏松,骨
1476,肾性骨质软化,骨
2530,骨软化症骨盆,骨
2650,寰枢关节不稳定,骨
143,增生性骨膜炎,骨
142,儿童骨缺损,骨
1446,纵行骨折,骨
114,关节肿胀,骨
440,骨龄延迟,骨
825,腕关节扭挫伤,骨
826,骶髂关节疼痛,骨
2595,股神经损害,骨
637,指甲-骨四联征,骨
1875,关节韧带松弛或肌张力低,骨
2583,骨增粗,骨
828,关节液增加,骨
2581,头颅骨病变,骨
814,脊髓压迫,骨
813,关节囊损伤,骨
1423,死骨,骨
1893,脊柱破坏,骨
2568,骨裂,骨
2637,骨髓抑制,骨
811,骨无菌性坏死,骨
1900,骨骼变形缩短,骨
1409,蝶形骨折,骨
1017,脊髓丘脑束受压,骨
1812,椎节后缘有骨刺形成,骨
807,骶骨处持续性疼痛,骨
1012,尾骨压痛及异常活动,骨
1011,骨痛,骨
793,骨硬化,骨
2058,胸椎疼痛,骨
658,骨斑点,骨
82,骨溶解,骨
965,肘外侧夜间痛,骨
775,漏斗骨盆,骨
1737,骨气臌,骨
774,颌骨关节痛,骨
182,耸肩,骨
773,关节挛缩,骨
1346,椎体结核,骨
2731,骨核出现迟，发育小,骨
353,孕妇耻骨痛,骨
2437,关节疼痛,骨
351,青少年脊柱侧凸,骨
609,骨内损害,骨
1136,骨髓造血细胞再生障碍,骨
1343,脊椎僵直,骨
1442,踝关节屈曲挛缩畸形,骨
2045,发育性骨盆异常,骨
950,骨及软组织肥大,骨
195,青枝骨折,骨
1335,螺旋形骨折,骨
2746,囟门跳动,骨
197,第3腰椎横突的深部有明显压痛,骨
850,椎间隙变化,骨
947,耻骨联合分离,骨
199,外展型骨折,骨
772,肘关节不能屈曲,骨
966,骨骺提前闭合,骨
356,骶椎腰化,骨
1355,第２肋软骨痛,骨
992,骨膜反应,骨
79,脊柱弯曲,骨
1384,病理性骨折,骨
1488,多根肋骨骨折,骨
1962,线状骨折,骨
1095,骨质破坏,骨
2502,长骨粗大,骨
663,肩胛骨酸痛,骨
2693,竹节脊柱,骨
613,髓质增生,骨
982,关节液渗出,骨
1104,先天性骨发育不良,骨
2485,髓核脱水,骨
470,压缩型骨折,骨
1759,骨的偏心性肿胀,骨
669,股骨近侧端变宽,骨
1365,骨密度增加,骨
1112,骨脆,骨
974,尾部疼痛而拒坐,骨
1113,桡骨茎突部局限性疼痛,骨
843,脊髓前角病变,骨
2010,角形甲弧影,骨
2716,骶尾部急性脓肿,骨
2457,开睑及闭睑失用,骨
62,撕脱骨折,骨
1487,滑膜黑染,骨
139,骨痹,骨
